t_seconds,minute,second,approach,movement,vehicles_count
0,0,00,N,L,0
0,0,00,N,T,0
0,0,00,N,R,0
0,0,00,E,L,0
0,0,00,E,T,1
0,0,00,E,R,0
0,0,00,S,L,0
0,0,00,S,T,0
0,0,00,S,R,0
0,0,00,W,L,0
0,0,00,W,T,0
0,0,00,W,R,0
1,0,01,N,L,0
1,0,01,N,T,0
1,0,01,N,R,0
1,0,01,E,L,0
1,0,01,E,T,0
1,0,01,E,R,0
1,0,01,S,L,0
1,0,01,S,T,1
1,0,01,S,R,0
1,0,01,W,L,0
1,0,01,W,T,0
1,0,01,W,R,0
2,0,02,N,L,0
2,0,02,N,T,0
2,0,02,N,R,0
2,0,02,E,L,0
2,0,02,E,T,0
2,0,02,E,R,0
2,0,02,S,L,0
2,0,02,S,T,1
2,0,02,S,R,0
2,0,02,W,L,0
2,0,02,W,T,0
2,0,02,W,R,0
3,0,03,N,L,0
3,0,03,N,T,0
3,0,03,N,R,0
3,0,03,E,L,0
3,0,03,E,T,0
3,0,03,E,R,0
3,0,03,S,L,0
3,0,03,S,T,0
3,0,03,S,R,0
3,0,03,W,L,0
3,0,03,W,T,1
3,0,03,W,R,0
4,0,04,N,L,0
4,0,04,N,T,0
4,0,04,N,R,0
4,0,04,E,L,0
4,0,04,E,T,0
4,0,04,E,R,0
4,0,04,S,L,0
4,0,04,S,T,0
4,0,04,S,R,0
4,0,04,W,L,0
4,0,04,W,T,0
4,0,04,W,R,0
5,0,05,N,L,0
5,0,05,N,T,0
5,0,05,N,R,0
5,0,05,E,L,0
5,0,05,E,T,0
5,0,05,E,R,0
5,0,05,S,L,0
5,0,05,S,T,0
5,0,05,S,R,0
5,0,05,W,L,0
5,0,05,W,T,0
5,0,05,W,R,0
6,0,06,N,L,0
6,0,06,N,T,0
6,0,06,N,R,0
6,0,06,E,L,0
6,0,06,E,T,0
6,0,06,E,R,0
6,0,06,S,L,0
6,0,06,S,T,0
6,0,06,S,R,0
6,0,06,W,L,0
6,0,06,W,T,0
6,0,06,W,R,0
7,0,07,N,L,0
7,0,07,N,T,0
7,0,07,N,R,0
7,0,07,E,L,0
7,0,07,E,T,0
7,0,07,E,R,0
7,0,07,S,L,0
7,0,07,S,T,0
7,0,07,S,R,0
7,0,07,W,L,0
7,0,07,W,T,0
7,0,07,W,R,0
8,0,08,N,L,0
8,0,08,N,T,0
8,0,08,N,R,0
8,0,08,E,L,0
8,0,08,E,T,0
8,0,08,E,R,0
8,0,08,S,L,0
8,0,08,S,T,0
8,0,08,S,R,0
8,0,08,W,L,0
8,0,08,W,T,0
8,0,08,W,R,0
9,0,09,N,L,0
9,0,09,N,T,1
9,0,09,N,R,0
9,0,09,E,L,0
9,0,09,E,T,0
9,0,09,E,R,0
9,0,09,S,L,0
9,0,09,S,T,0
9,0,09,S,R,0
9,0,09,W,L,0
9,0,09,W,T,0
9,0,09,W,R,0
10,0,10,N,L,0
10,0,10,N,T,0
10,0,10,N,R,0
10,0,10,E,L,0
10,0,10,E,T,0
10,0,10,E,R,0
10,0,10,S,L,0
10,0,10,S,T,0
10,0,10,S,R,0
10,0,10,W,L,0
10,0,10,W,T,0
10,0,10,W,R,0
11,0,11,N,L,0
11,0,11,N,T,0
11,0,11,N,R,0
11,0,11,E,L,0
11,0,11,E,T,0
11,0,11,E,R,0
11,0,11,S,L,0
11,0,11,S,T,0
11,0,11,S,R,0
11,0,11,W,L,0
11,0,11,W,T,1
11,0,11,W,R,0
12,0,12,N,L,0
12,0,12,N,T,0
12,0,12,N,R,0
12,0,12,E,L,0
12,0,12,E,T,0
12,0,12,E,R,0
12,0,12,S,L,0
12,0,12,S,T,0
12,0,12,S,R,0
12,0,12,W,L,0
12,0,12,W,T,0
12,0,12,W,R,0
13,0,13,N,L,0
13,0,13,N,T,0
13,0,13,N,R,0
13,0,13,E,L,0
13,0,13,E,T,0
13,0,13,E,R,0
13,0,13,S,L,0
13,0,13,S,T,0
13,0,13,S,R,0
13,0,13,W,L,0
13,0,13,W,T,0
13,0,13,W,R,0
14,0,14,N,L,0
14,0,14,N,T,0
14,0,14,N,R,0
14,0,14,E,L,0
14,0,14,E,T,0
14,0,14,E,R,0
14,0,14,S,L,0
14,0,14,S,T,0
14,0,14,S,R,0
14,0,14,W,L,0
14,0,14,W,T,0
14,0,14,W,R,0
15,0,15,N,L,0
15,0,15,N,T,0
15,0,15,N,R,0
15,0,15,E,L,0
15,0,15,E,T,0
15,0,15,E,R,0
15,0,15,S,L,0
15,0,15,S,T,0
15,0,15,S,R,0
15,0,15,W,L,0
15,0,15,W,T,1
15,0,15,W,R,1
16,0,16,N,L,0
16,0,16,N,T,0
16,0,16,N,R,0
16,0,16,E,L,0
16,0,16,E,T,0
16,0,16,E,R,0
16,0,16,S,L,0
16,0,16,S,T,0
16,0,16,S,R,0
16,0,16,W,L,0
16,0,16,W,T,0
16,0,16,W,R,0
17,0,17,N,L,0
17,0,17,N,T,0
17,0,17,N,R,0
17,0,17,E,L,0
17,0,17,E,T,0
17,0,17,E,R,0
17,0,17,S,L,0
17,0,17,S,T,0
17,0,17,S,R,0
17,0,17,W,L,1
17,0,17,W,T,0
17,0,17,W,R,1
18,0,18,N,L,0
18,0,18,N,T,0
18,0,18,N,R,0
18,0,18,E,L,0
18,0,18,E,T,0
18,0,18,E,R,0
18,0,18,S,L,0
18,0,18,S,T,0
18,0,18,S,R,0
18,0,18,W,L,0
18,0,18,W,T,0
18,0,18,W,R,0
19,0,19,N,L,0
19,0,19,N,T,0
19,0,19,N,R,0
19,0,19,E,L,0
19,0,19,E,T,1
19,0,19,E,R,0
19,0,19,S,L,0
19,0,19,S,T,0
19,0,19,S,R,0
19,0,19,W,L,0
19,0,19,W,T,0
19,0,19,W,R,0
20,0,20,N,L,0
20,0,20,N,T,0
20,0,20,N,R,0
20,0,20,E,L,0
20,0,20,E,T,0
20,0,20,E,R,0
20,0,20,S,L,0
20,0,20,S,T,0
20,0,20,S,R,0
20,0,20,W,L,0
20,0,20,W,T,0
20,0,20,W,R,0
21,0,21,N,L,0
21,0,21,N,T,0
21,0,21,N,R,0
21,0,21,E,L,0
21,0,21,E,T,0
21,0,21,E,R,0
21,0,21,S,L,0
21,0,21,S,T,0
21,0,21,S,R,0
21,0,21,W,L,0
21,0,21,W,T,0
21,0,21,W,R,0
22,0,22,N,L,0
22,0,22,N,T,0
22,0,22,N,R,0
22,0,22,E,L,0
22,0,22,E,T,1
22,0,22,E,R,0
22,0,22,S,L,0
22,0,22,S,T,0
22,0,22,S,R,0
22,0,22,W,L,0
22,0,22,W,T,0
22,0,22,W,R,0
23,0,23,N,L,0
23,0,23,N,T,0
23,0,23,N,R,0
23,0,23,E,L,0
23,0,23,E,T,1
23,0,23,E,R,0
23,0,23,S,L,0
23,0,23,S,T,0
23,0,23,S,R,0
23,0,23,W,L,0
23,0,23,W,T,0
23,0,23,W,R,0
24,0,24,N,L,0
24,0,24,N,T,0
24,0,24,N,R,0
24,0,24,E,L,0
24,0,24,E,T,0
24,0,24,E,R,0
24,0,24,S,L,0
24,0,24,S,T,0
24,0,24,S,R,1
24,0,24,W,L,0
24,0,24,W,T,0
24,0,24,W,R,0
25,0,25,N,L,0
25,0,25,N,T,0
25,0,25,N,R,0
25,0,25,E,L,0
25,0,25,E,T,1
25,0,25,E,R,0
25,0,25,S,L,0
25,0,25,S,T,1
25,0,25,S,R,0
25,0,25,W,L,0
25,0,25,W,T,0
25,0,25,W,R,0
26,0,26,N,L,0
26,0,26,N,T,0
26,0,26,N,R,0
26,0,26,E,L,0
26,0,26,E,T,0
26,0,26,E,R,0
26,0,26,S,L,0
26,0,26,S,T,0
26,0,26,S,R,0
26,0,26,W,L,0
26,0,26,W,T,0
26,0,26,W,R,0
27,0,27,N,L,0
27,0,27,N,T,0
27,0,27,N,R,0
27,0,27,E,L,0
27,0,27,E,T,0
27,0,27,E,R,0
27,0,27,S,L,0
27,0,27,S,T,0
27,0,27,S,R,0
27,0,27,W,L,0
27,0,27,W,T,0
27,0,27,W,R,0
28,0,28,N,L,0
28,0,28,N,T,0
28,0,28,N,R,0
28,0,28,E,L,0
28,0,28,E,T,0
28,0,28,E,R,0
28,0,28,S,L,0
28,0,28,S,T,0
28,0,28,S,R,0
28,0,28,W,L,0
28,0,28,W,T,1
28,0,28,W,R,0
29,0,29,N,L,0
29,0,29,N,T,0
29,0,29,N,R,1
29,0,29,E,L,0
29,0,29,E,T,0
29,0,29,E,R,0
29,0,29,S,L,0
29,0,29,S,T,0
29,0,29,S,R,0
29,0,29,W,L,0
29,0,29,W,T,1
29,0,29,W,R,0
30,0,30,N,L,0
30,0,30,N,T,0
30,0,30,N,R,0
30,0,30,E,L,0
30,0,30,E,T,2
30,0,30,E,R,0
30,0,30,S,L,0
30,0,30,S,T,1
30,0,30,S,R,0
30,0,30,W,L,0
30,0,30,W,T,1
30,0,30,W,R,0
31,0,31,N,L,0
31,0,31,N,T,0
31,0,31,N,R,0
31,0,31,E,L,0
31,0,31,E,T,0
31,0,31,E,R,0
31,0,31,S,L,0
31,0,31,S,T,0
31,0,31,S,R,0
31,0,31,W,L,0
31,0,31,W,T,0
31,0,31,W,R,0
32,0,32,N,L,0
32,0,32,N,T,0
32,0,32,N,R,0
32,0,32,E,L,0
32,0,32,E,T,1
32,0,32,E,R,0
32,0,32,S,L,0
32,0,32,S,T,1
32,0,32,S,R,0
32,0,32,W,L,0
32,0,32,W,T,0
32,0,32,W,R,0
33,0,33,N,L,0
33,0,33,N,T,0
33,0,33,N,R,0
33,0,33,E,L,0
33,0,33,E,T,0
33,0,33,E,R,0
33,0,33,S,L,0
33,0,33,S,T,0
33,0,33,S,R,0
33,0,33,W,L,0
33,0,33,W,T,0
33,0,33,W,R,0
34,0,34,N,L,0
34,0,34,N,T,0
34,0,34,N,R,0
34,0,34,E,L,0
34,0,34,E,T,0
34,0,34,E,R,0
34,0,34,S,L,0
34,0,34,S,T,0
34,0,34,S,R,0
34,0,34,W,L,0
34,0,34,W,T,0
34,0,34,W,R,0
35,0,35,N,L,0
35,0,35,N,T,0
35,0,35,N,R,0
35,0,35,E,L,0
35,0,35,E,T,0
35,0,35,E,R,0
35,0,35,S,L,0
35,0,35,S,T,1
35,0,35,S,R,0
35,0,35,W,L,0
35,0,35,W,T,0
35,0,35,W,R,0
36,0,36,N,L,0
36,0,36,N,T,0
36,0,36,N,R,0
36,0,36,E,L,0
36,0,36,E,T,0
36,0,36,E,R,0
36,0,36,S,L,0
36,0,36,S,T,0
36,0,36,S,R,0
36,0,36,W,L,0
36,0,36,W,T,0
36,0,36,W,R,0
37,0,37,N,L,0
37,0,37,N,T,0
37,0,37,N,R,0
37,0,37,E,L,0
37,0,37,E,T,0
37,0,37,E,R,0
37,0,37,S,L,0
37,0,37,S,T,0
37,0,37,S,R,0
37,0,37,W,L,0
37,0,37,W,T,0
37,0,37,W,R,0
38,0,38,N,L,0
38,0,38,N,T,0
38,0,38,N,R,0
38,0,38,E,L,0
38,0,38,E,T,1
38,0,38,E,R,0
38,0,38,S,L,0
38,0,38,S,T,0
38,0,38,S,R,0
38,0,38,W,L,0
38,0,38,W,T,0
38,0,38,W,R,0
39,0,39,N,L,0
39,0,39,N,T,0
39,0,39,N,R,0
39,0,39,E,L,0
39,0,39,E,T,0
39,0,39,E,R,0
39,0,39,S,L,0
39,0,39,S,T,0
39,0,39,S,R,0
39,0,39,W,L,0
39,0,39,W,T,0
39,0,39,W,R,0
40,0,40,N,L,0
40,0,40,N,T,1
40,0,40,N,R,0
40,0,40,E,L,0
40,0,40,E,T,0
40,0,40,E,R,0
40,0,40,S,L,0
40,0,40,S,T,0
40,0,40,S,R,0
40,0,40,W,L,0
40,0,40,W,T,0
40,0,40,W,R,0
41,0,41,N,L,0
41,0,41,N,T,0
41,0,41,N,R,0
41,0,41,E,L,0
41,0,41,E,T,0
41,0,41,E,R,0
41,0,41,S,L,0
41,0,41,S,T,0
41,0,41,S,R,0
41,0,41,W,L,0
41,0,41,W,T,0
41,0,41,W,R,0
42,0,42,N,L,0
42,0,42,N,T,0
42,0,42,N,R,0
42,0,42,E,L,0
42,0,42,E,T,0
42,0,42,E,R,0
42,0,42,S,L,0
42,0,42,S,T,0
42,0,42,S,R,0
42,0,42,W,L,0
42,0,42,W,T,1
42,0,42,W,R,0
43,0,43,N,L,0
43,0,43,N,T,0
43,0,43,N,R,0
43,0,43,E,L,0
43,0,43,E,T,0
43,0,43,E,R,0
43,0,43,S,L,0
43,0,43,S,T,0
43,0,43,S,R,0
43,0,43,W,L,0
43,0,43,W,T,0
43,0,43,W,R,0
44,0,44,N,L,0
44,0,44,N,T,0
44,0,44,N,R,0
44,0,44,E,L,0
44,0,44,E,T,0
44,0,44,E,R,0
44,0,44,S,L,0
44,0,44,S,T,0
44,0,44,S,R,0
44,0,44,W,L,0
44,0,44,W,T,0
44,0,44,W,R,0
45,0,45,N,L,0
45,0,45,N,T,0
45,0,45,N,R,0
45,0,45,E,L,0
45,0,45,E,T,0
45,0,45,E,R,0
45,0,45,S,L,0
45,0,45,S,T,0
45,0,45,S,R,0
45,0,45,W,L,0
45,0,45,W,T,0
45,0,45,W,R,0
46,0,46,N,L,0
46,0,46,N,T,0
46,0,46,N,R,0
46,0,46,E,L,0
46,0,46,E,T,0
46,0,46,E,R,0
46,0,46,S,L,0
46,0,46,S,T,0
46,0,46,S,R,0
46,0,46,W,L,0
46,0,46,W,T,0
46,0,46,W,R,0
47,0,47,N,L,0
47,0,47,N,T,0
47,0,47,N,R,0
47,0,47,E,L,0
47,0,47,E,T,0
47,0,47,E,R,0
47,0,47,S,L,0
47,0,47,S,T,0
47,0,47,S,R,0
47,0,47,W,L,0
47,0,47,W,T,0
47,0,47,W,R,0
48,0,48,N,L,0
48,0,48,N,T,0
48,0,48,N,R,0
48,0,48,E,L,0
48,0,48,E,T,0
48,0,48,E,R,0
48,0,48,S,L,0
48,0,48,S,T,0
48,0,48,S,R,0
48,0,48,W,L,0
48,0,48,W,T,0
48,0,48,W,R,0
49,0,49,N,L,0
49,0,49,N,T,0
49,0,49,N,R,0
49,0,49,E,L,0
49,0,49,E,T,0
49,0,49,E,R,0
49,0,49,S,L,0
49,0,49,S,T,0
49,0,49,S,R,0
49,0,49,W,L,0
49,0,49,W,T,0
49,0,49,W,R,0
50,0,50,N,L,0
50,0,50,N,T,0
50,0,50,N,R,0
50,0,50,E,L,0
50,0,50,E,T,0
50,0,50,E,R,0
50,0,50,S,L,0
50,0,50,S,T,0
50,0,50,S,R,0
50,0,50,W,L,0
50,0,50,W,T,0
50,0,50,W,R,0
51,0,51,N,L,0
51,0,51,N,T,0
51,0,51,N,R,0
51,0,51,E,L,0
51,0,51,E,T,0
51,0,51,E,R,0
51,0,51,S,L,0
51,0,51,S,T,0
51,0,51,S,R,0
51,0,51,W,L,0
51,0,51,W,T,0
51,0,51,W,R,0
52,0,52,N,L,0
52,0,52,N,T,0
52,0,52,N,R,0
52,0,52,E,L,1
52,0,52,E,T,1
52,0,52,E,R,0
52,0,52,S,L,0
52,0,52,S,T,0
52,0,52,S,R,0
52,0,52,W,L,0
52,0,52,W,T,0
52,0,52,W,R,0
53,0,53,N,L,0
53,0,53,N,T,0
53,0,53,N,R,0
53,0,53,E,L,0
53,0,53,E,T,0
53,0,53,E,R,0
53,0,53,S,L,0
53,0,53,S,T,0
53,0,53,S,R,0
53,0,53,W,L,0
53,0,53,W,T,1
53,0,53,W,R,0
54,0,54,N,L,0
54,0,54,N,T,0
54,0,54,N,R,0
54,0,54,E,L,0
54,0,54,E,T,0
54,0,54,E,R,0
54,0,54,S,L,0
54,0,54,S,T,0
54,0,54,S,R,0
54,0,54,W,L,0
54,0,54,W,T,0
54,0,54,W,R,0
55,0,55,N,L,0
55,0,55,N,T,0
55,0,55,N,R,0
55,0,55,E,L,0
55,0,55,E,T,0
55,0,55,E,R,0
55,0,55,S,L,0
55,0,55,S,T,0
55,0,55,S,R,0
55,0,55,W,L,0
55,0,55,W,T,0
55,0,55,W,R,0
56,0,56,N,L,0
56,0,56,N,T,0
56,0,56,N,R,0
56,0,56,E,L,0
56,0,56,E,T,0
56,0,56,E,R,0
56,0,56,S,L,0
56,0,56,S,T,0
56,0,56,S,R,0
56,0,56,W,L,0
56,0,56,W,T,0
56,0,56,W,R,0
57,0,57,N,L,0
57,0,57,N,T,0
57,0,57,N,R,0
57,0,57,E,L,0
57,0,57,E,T,0
57,0,57,E,R,0
57,0,57,S,L,0
57,0,57,S,T,0
57,0,57,S,R,0
57,0,57,W,L,0
57,0,57,W,T,0
57,0,57,W,R,0
58,0,58,N,L,0
58,0,58,N,T,0
58,0,58,N,R,0
58,0,58,E,L,0
58,0,58,E,T,0
58,0,58,E,R,0
58,0,58,S,L,0
58,0,58,S,T,0
58,0,58,S,R,0
58,0,58,W,L,0
58,0,58,W,T,0
58,0,58,W,R,0
59,0,59,N,L,0
59,0,59,N,T,0
59,0,59,N,R,0
59,0,59,E,L,0
59,0,59,E,T,0
59,0,59,E,R,0
59,0,59,S,L,0
59,0,59,S,T,0
59,0,59,S,R,0
59,0,59,W,L,0
59,0,59,W,T,1
59,0,59,W,R,0
60,1,00,N,L,0
60,1,00,N,T,0
60,1,00,N,R,1
60,1,00,E,L,0
60,1,00,E,T,0
60,1,00,E,R,0
60,1,00,S,L,0
60,1,00,S,T,0
60,1,00,S,R,0
60,1,00,W,L,0
60,1,00,W,T,0
60,1,00,W,R,0
61,1,01,N,L,0
61,1,01,N,T,0
61,1,01,N,R,0
61,1,01,E,L,0
61,1,01,E,T,0
61,1,01,E,R,0
61,1,01,S,L,0
61,1,01,S,T,0
61,1,01,S,R,0
61,1,01,W,L,0
61,1,01,W,T,0
61,1,01,W,R,0
62,1,02,N,L,0
62,1,02,N,T,0
62,1,02,N,R,1
62,1,02,E,L,0
62,1,02,E,T,0
62,1,02,E,R,0
62,1,02,S,L,0
62,1,02,S,T,0
62,1,02,S,R,0
62,1,02,W,L,0
62,1,02,W,T,0
62,1,02,W,R,0
63,1,03,N,L,0
63,1,03,N,T,0
63,1,03,N,R,0
63,1,03,E,L,0
63,1,03,E,T,0
63,1,03,E,R,0
63,1,03,S,L,0
63,1,03,S,T,0
63,1,03,S,R,0
63,1,03,W,L,0
63,1,03,W,T,0
63,1,03,W,R,0
64,1,04,N,L,0
64,1,04,N,T,0
64,1,04,N,R,0
64,1,04,E,L,0
64,1,04,E,T,0
64,1,04,E,R,0
64,1,04,S,L,0
64,1,04,S,T,0
64,1,04,S,R,0
64,1,04,W,L,0
64,1,04,W,T,0
64,1,04,W,R,0
65,1,05,N,L,0
65,1,05,N,T,0
65,1,05,N,R,0
65,1,05,E,L,0
65,1,05,E,T,0
65,1,05,E,R,0
65,1,05,S,L,0
65,1,05,S,T,0
65,1,05,S,R,0
65,1,05,W,L,0
65,1,05,W,T,1
65,1,05,W,R,0
66,1,06,N,L,0
66,1,06,N,T,0
66,1,06,N,R,0
66,1,06,E,L,0
66,1,06,E,T,0
66,1,06,E,R,0
66,1,06,S,L,0
66,1,06,S,T,0
66,1,06,S,R,0
66,1,06,W,L,0
66,1,06,W,T,0
66,1,06,W,R,0
67,1,07,N,L,0
67,1,07,N,T,0
67,1,07,N,R,0
67,1,07,E,L,0
67,1,07,E,T,1
67,1,07,E,R,0
67,1,07,S,L,0
67,1,07,S,T,0
67,1,07,S,R,0
67,1,07,W,L,1
67,1,07,W,T,0
67,1,07,W,R,0
68,1,08,N,L,0
68,1,08,N,T,1
68,1,08,N,R,1
68,1,08,E,L,0
68,1,08,E,T,0
68,1,08,E,R,0
68,1,08,S,L,0
68,1,08,S,T,0
68,1,08,S,R,0
68,1,08,W,L,0
68,1,08,W,T,0
68,1,08,W,R,0
69,1,09,N,L,0
69,1,09,N,T,0
69,1,09,N,R,0
69,1,09,E,L,0
69,1,09,E,T,0
69,1,09,E,R,0
69,1,09,S,L,0
69,1,09,S,T,0
69,1,09,S,R,0
69,1,09,W,L,0
69,1,09,W,T,0
69,1,09,W,R,0
70,1,10,N,L,0
70,1,10,N,T,0
70,1,10,N,R,0
70,1,10,E,L,0
70,1,10,E,T,0
70,1,10,E,R,0
70,1,10,S,L,0
70,1,10,S,T,0
70,1,10,S,R,0
70,1,10,W,L,0
70,1,10,W,T,0
70,1,10,W,R,0
71,1,11,N,L,0
71,1,11,N,T,0
71,1,11,N,R,0
71,1,11,E,L,0
71,1,11,E,T,0
71,1,11,E,R,0
71,1,11,S,L,0
71,1,11,S,T,0
71,1,11,S,R,0
71,1,11,W,L,0
71,1,11,W,T,0
71,1,11,W,R,0
72,1,12,N,L,0
72,1,12,N,T,0
72,1,12,N,R,0
72,1,12,E,L,0
72,1,12,E,T,0
72,1,12,E,R,0
72,1,12,S,L,0
72,1,12,S,T,1
72,1,12,S,R,0
72,1,12,W,L,0
72,1,12,W,T,0
72,1,12,W,R,0
73,1,13,N,L,0
73,1,13,N,T,0
73,1,13,N,R,0
73,1,13,E,L,0
73,1,13,E,T,0
73,1,13,E,R,0
73,1,13,S,L,0
73,1,13,S,T,0
73,1,13,S,R,0
73,1,13,W,L,0
73,1,13,W,T,0
73,1,13,W,R,0
74,1,14,N,L,0
74,1,14,N,T,0
74,1,14,N,R,0
74,1,14,E,L,0
74,1,14,E,T,0
74,1,14,E,R,1
74,1,14,S,L,0
74,1,14,S,T,0
74,1,14,S,R,0
74,1,14,W,L,0
74,1,14,W,T,0
74,1,14,W,R,0
75,1,15,N,L,0
75,1,15,N,T,0
75,1,15,N,R,0
75,1,15,E,L,0
75,1,15,E,T,0
75,1,15,E,R,0
75,1,15,S,L,0
75,1,15,S,T,0
75,1,15,S,R,0
75,1,15,W,L,0
75,1,15,W,T,0
75,1,15,W,R,0
76,1,16,N,L,0
76,1,16,N,T,0
76,1,16,N,R,0
76,1,16,E,L,0
76,1,16,E,T,0
76,1,16,E,R,0
76,1,16,S,L,0
76,1,16,S,T,0
76,1,16,S,R,0
76,1,16,W,L,0
76,1,16,W,T,1
76,1,16,W,R,0
77,1,17,N,L,0
77,1,17,N,T,0
77,1,17,N,R,0
77,1,17,E,L,0
77,1,17,E,T,0
77,1,17,E,R,0
77,1,17,S,L,0
77,1,17,S,T,0
77,1,17,S,R,0
77,1,17,W,L,0
77,1,17,W,T,0
77,1,17,W,R,0
78,1,18,N,L,0
78,1,18,N,T,1
78,1,18,N,R,0
78,1,18,E,L,0
78,1,18,E,T,0
78,1,18,E,R,0
78,1,18,S,L,0
78,1,18,S,T,0
78,1,18,S,R,0
78,1,18,W,L,0
78,1,18,W,T,0
78,1,18,W,R,0
79,1,19,N,L,0
79,1,19,N,T,0
79,1,19,N,R,0
79,1,19,E,L,0
79,1,19,E,T,0
79,1,19,E,R,0
79,1,19,S,L,0
79,1,19,S,T,0
79,1,19,S,R,0
79,1,19,W,L,0
79,1,19,W,T,0
79,1,19,W,R,0
80,1,20,N,L,0
80,1,20,N,T,0
80,1,20,N,R,0
80,1,20,E,L,0
80,1,20,E,T,0
80,1,20,E,R,0
80,1,20,S,L,0
80,1,20,S,T,0
80,1,20,S,R,0
80,1,20,W,L,0
80,1,20,W,T,0
80,1,20,W,R,0
81,1,21,N,L,0
81,1,21,N,T,0
81,1,21,N,R,0
81,1,21,E,L,0
81,1,21,E,T,0
81,1,21,E,R,0
81,1,21,S,L,0
81,1,21,S,T,0
81,1,21,S,R,0
81,1,21,W,L,0
81,1,21,W,T,0
81,1,21,W,R,0
82,1,22,N,L,0
82,1,22,N,T,0
82,1,22,N,R,0
82,1,22,E,L,0
82,1,22,E,T,1
82,1,22,E,R,0
82,1,22,S,L,0
82,1,22,S,T,0
82,1,22,S,R,0
82,1,22,W,L,0
82,1,22,W,T,0
82,1,22,W,R,0
83,1,23,N,L,0
83,1,23,N,T,0
83,1,23,N,R,0
83,1,23,E,L,0
83,1,23,E,T,0
83,1,23,E,R,0
83,1,23,S,L,0
83,1,23,S,T,0
83,1,23,S,R,0
83,1,23,W,L,0
83,1,23,W,T,0
83,1,23,W,R,0
84,1,24,N,L,0
84,1,24,N,T,0
84,1,24,N,R,0
84,1,24,E,L,0
84,1,24,E,T,0
84,1,24,E,R,0
84,1,24,S,L,0
84,1,24,S,T,0
84,1,24,S,R,0
84,1,24,W,L,0
84,1,24,W,T,0
84,1,24,W,R,0
85,1,25,N,L,0
85,1,25,N,T,0
85,1,25,N,R,0
85,1,25,E,L,0
85,1,25,E,T,0
85,1,25,E,R,0
85,1,25,S,L,0
85,1,25,S,T,0
85,1,25,S,R,0
85,1,25,W,L,0
85,1,25,W,T,0
85,1,25,W,R,0
86,1,26,N,L,0
86,1,26,N,T,1
86,1,26,N,R,0
86,1,26,E,L,0
86,1,26,E,T,0
86,1,26,E,R,0
86,1,26,S,L,0
86,1,26,S,T,0
86,1,26,S,R,0
86,1,26,W,L,0
86,1,26,W,T,0
86,1,26,W,R,0
87,1,27,N,L,0
87,1,27,N,T,0
87,1,27,N,R,0
87,1,27,E,L,0
87,1,27,E,T,0
87,1,27,E,R,0
87,1,27,S,L,0
87,1,27,S,T,0
87,1,27,S,R,0
87,1,27,W,L,0
87,1,27,W,T,0
87,1,27,W,R,0
88,1,28,N,L,0
88,1,28,N,T,0
88,1,28,N,R,0
88,1,28,E,L,0
88,1,28,E,T,0
88,1,28,E,R,0
88,1,28,S,L,0
88,1,28,S,T,0
88,1,28,S,R,0
88,1,28,W,L,0
88,1,28,W,T,0
88,1,28,W,R,0
89,1,29,N,L,0
89,1,29,N,T,2
89,1,29,N,R,0
89,1,29,E,L,0
89,1,29,E,T,0
89,1,29,E,R,0
89,1,29,S,L,0
89,1,29,S,T,0
89,1,29,S,R,0
89,1,29,W,L,0
89,1,29,W,T,1
89,1,29,W,R,0
90,1,30,N,L,0
90,1,30,N,T,0
90,1,30,N,R,0
90,1,30,E,L,0
90,1,30,E,T,0
90,1,30,E,R,0
90,1,30,S,L,0
90,1,30,S,T,0
90,1,30,S,R,0
90,1,30,W,L,0
90,1,30,W,T,0
90,1,30,W,R,0
91,1,31,N,L,0
91,1,31,N,T,0
91,1,31,N,R,0
91,1,31,E,L,0
91,1,31,E,T,0
91,1,31,E,R,0
91,1,31,S,L,0
91,1,31,S,T,0
91,1,31,S,R,0
91,1,31,W,L,0
91,1,31,W,T,0
91,1,31,W,R,0
92,1,32,N,L,0
92,1,32,N,T,0
92,1,32,N,R,0
92,1,32,E,L,0
92,1,32,E,T,0
92,1,32,E,R,0
92,1,32,S,L,0
92,1,32,S,T,0
92,1,32,S,R,0
92,1,32,W,L,0
92,1,32,W,T,0
92,1,32,W,R,0
93,1,33,N,L,0
93,1,33,N,T,0
93,1,33,N,R,0
93,1,33,E,L,0
93,1,33,E,T,0
93,1,33,E,R,0
93,1,33,S,L,0
93,1,33,S,T,0
93,1,33,S,R,0
93,1,33,W,L,0
93,1,33,W,T,0
93,1,33,W,R,0
94,1,34,N,L,0
94,1,34,N,T,0
94,1,34,N,R,0
94,1,34,E,L,0
94,1,34,E,T,0
94,1,34,E,R,0
94,1,34,S,L,0
94,1,34,S,T,1
94,1,34,S,R,0
94,1,34,W,L,0
94,1,34,W,T,0
94,1,34,W,R,0
95,1,35,N,L,0
95,1,35,N,T,1
95,1,35,N,R,0
95,1,35,E,L,0
95,1,35,E,T,1
95,1,35,E,R,0
95,1,35,S,L,0
95,1,35,S,T,0
95,1,35,S,R,0
95,1,35,W,L,0
95,1,35,W,T,0
95,1,35,W,R,0
96,1,36,N,L,0
96,1,36,N,T,0
96,1,36,N,R,0
96,1,36,E,L,0
96,1,36,E,T,0
96,1,36,E,R,0
96,1,36,S,L,0
96,1,36,S,T,2
96,1,36,S,R,0
96,1,36,W,L,0
96,1,36,W,T,1
96,1,36,W,R,0
97,1,37,N,L,0
97,1,37,N,T,0
97,1,37,N,R,0
97,1,37,E,L,0
97,1,37,E,T,0
97,1,37,E,R,0
97,1,37,S,L,0
97,1,37,S,T,0
97,1,37,S,R,0
97,1,37,W,L,0
97,1,37,W,T,0
97,1,37,W,R,0
98,1,38,N,L,0
98,1,38,N,T,0
98,1,38,N,R,0
98,1,38,E,L,0
98,1,38,E,T,0
98,1,38,E,R,0
98,1,38,S,L,0
98,1,38,S,T,0
98,1,38,S,R,0
98,1,38,W,L,1
98,1,38,W,T,0
98,1,38,W,R,0
99,1,39,N,L,0
99,1,39,N,T,0
99,1,39,N,R,0
99,1,39,E,L,0
99,1,39,E,T,0
99,1,39,E,R,0
99,1,39,S,L,0
99,1,39,S,T,0
99,1,39,S,R,0
99,1,39,W,L,0
99,1,39,W,T,0
99,1,39,W,R,0
100,1,40,N,L,0
100,1,40,N,T,0
100,1,40,N,R,0
100,1,40,E,L,0
100,1,40,E,T,0
100,1,40,E,R,0
100,1,40,S,L,0
100,1,40,S,T,0
100,1,40,S,R,0
100,1,40,W,L,0
100,1,40,W,T,0
100,1,40,W,R,0
101,1,41,N,L,0
101,1,41,N,T,1
101,1,41,N,R,0
101,1,41,E,L,0
101,1,41,E,T,0
101,1,41,E,R,0
101,1,41,S,L,0
101,1,41,S,T,0
101,1,41,S,R,0
101,1,41,W,L,0
101,1,41,W,T,0
101,1,41,W,R,0
102,1,42,N,L,0
102,1,42,N,T,0
102,1,42,N,R,0
102,1,42,E,L,0
102,1,42,E,T,0
102,1,42,E,R,0
102,1,42,S,L,0
102,1,42,S,T,1
102,1,42,S,R,0
102,1,42,W,L,0
102,1,42,W,T,0
102,1,42,W,R,0
103,1,43,N,L,0
103,1,43,N,T,0
103,1,43,N,R,0
103,1,43,E,L,0
103,1,43,E,T,0
103,1,43,E,R,0
103,1,43,S,L,0
103,1,43,S,T,0
103,1,43,S,R,0
103,1,43,W,L,0
103,1,43,W,T,0
103,1,43,W,R,0
104,1,44,N,L,0
104,1,44,N,T,0
104,1,44,N,R,0
104,1,44,E,L,0
104,1,44,E,T,0
104,1,44,E,R,0
104,1,44,S,L,1
104,1,44,S,T,0
104,1,44,S,R,0
104,1,44,W,L,0
104,1,44,W,T,0
104,1,44,W,R,0
105,1,45,N,L,0
105,1,45,N,T,0
105,1,45,N,R,0
105,1,45,E,L,0
105,1,45,E,T,0
105,1,45,E,R,0
105,1,45,S,L,0
105,1,45,S,T,0
105,1,45,S,R,0
105,1,45,W,L,0
105,1,45,W,T,0
105,1,45,W,R,0
106,1,46,N,L,0
106,1,46,N,T,0
106,1,46,N,R,0
106,1,46,E,L,0
106,1,46,E,T,0
106,1,46,E,R,0
106,1,46,S,L,0
106,1,46,S,T,0
106,1,46,S,R,0
106,1,46,W,L,0
106,1,46,W,T,0
106,1,46,W,R,0
107,1,47,N,L,0
107,1,47,N,T,0
107,1,47,N,R,0
107,1,47,E,L,0
107,1,47,E,T,0
107,1,47,E,R,0
107,1,47,S,L,0
107,1,47,S,T,0
107,1,47,S,R,0
107,1,47,W,L,0
107,1,47,W,T,0
107,1,47,W,R,0
108,1,48,N,L,0
108,1,48,N,T,0
108,1,48,N,R,0
108,1,48,E,L,0
108,1,48,E,T,0
108,1,48,E,R,0
108,1,48,S,L,0
108,1,48,S,T,0
108,1,48,S,R,0
108,1,48,W,L,0
108,1,48,W,T,0
108,1,48,W,R,0
109,1,49,N,L,0
109,1,49,N,T,0
109,1,49,N,R,0
109,1,49,E,L,0
109,1,49,E,T,0
109,1,49,E,R,0
109,1,49,S,L,0
109,1,49,S,T,0
109,1,49,S,R,0
109,1,49,W,L,0
109,1,49,W,T,0
109,1,49,W,R,0
110,1,50,N,L,0
110,1,50,N,T,0
110,1,50,N,R,0
110,1,50,E,L,0
110,1,50,E,T,1
110,1,50,E,R,0
110,1,50,S,L,0
110,1,50,S,T,0
110,1,50,S,R,0
110,1,50,W,L,0
110,1,50,W,T,0
110,1,50,W,R,1
111,1,51,N,L,0
111,1,51,N,T,0
111,1,51,N,R,0
111,1,51,E,L,0
111,1,51,E,T,0
111,1,51,E,R,0
111,1,51,S,L,0
111,1,51,S,T,0
111,1,51,S,R,0
111,1,51,W,L,0
111,1,51,W,T,0
111,1,51,W,R,0
112,1,52,N,L,0
112,1,52,N,T,0
112,1,52,N,R,0
112,1,52,E,L,0
112,1,52,E,T,0
112,1,52,E,R,0
112,1,52,S,L,0
112,1,52,S,T,0
112,1,52,S,R,0
112,1,52,W,L,0
112,1,52,W,T,0
112,1,52,W,R,0
113,1,53,N,L,0
113,1,53,N,T,1
113,1,53,N,R,0
113,1,53,E,L,0
113,1,53,E,T,0
113,1,53,E,R,0
113,1,53,S,L,0
113,1,53,S,T,0
113,1,53,S,R,0
113,1,53,W,L,0
113,1,53,W,T,0
113,1,53,W,R,0
114,1,54,N,L,0
114,1,54,N,T,0
114,1,54,N,R,0
114,1,54,E,L,0
114,1,54,E,T,0
114,1,54,E,R,0
114,1,54,S,L,0
114,1,54,S,T,0
114,1,54,S,R,0
114,1,54,W,L,0
114,1,54,W,T,0
114,1,54,W,R,0
115,1,55,N,L,0
115,1,55,N,T,0
115,1,55,N,R,0
115,1,55,E,L,0
115,1,55,E,T,0
115,1,55,E,R,0
115,1,55,S,L,0
115,1,55,S,T,0
115,1,55,S,R,0
115,1,55,W,L,0
115,1,55,W,T,0
115,1,55,W,R,0
116,1,56,N,L,0
116,1,56,N,T,0
116,1,56,N,R,0
116,1,56,E,L,0
116,1,56,E,T,0
116,1,56,E,R,0
116,1,56,S,L,0
116,1,56,S,T,0
116,1,56,S,R,0
116,1,56,W,L,0
116,1,56,W,T,0
116,1,56,W,R,0
117,1,57,N,L,0
117,1,57,N,T,0
117,1,57,N,R,0
117,1,57,E,L,0
117,1,57,E,T,0
117,1,57,E,R,0
117,1,57,S,L,0
117,1,57,S,T,0
117,1,57,S,R,0
117,1,57,W,L,0
117,1,57,W,T,0
117,1,57,W,R,0
118,1,58,N,L,0
118,1,58,N,T,0
118,1,58,N,R,0
118,1,58,E,L,0
118,1,58,E,T,0
118,1,58,E,R,0
118,1,58,S,L,0
118,1,58,S,T,1
118,1,58,S,R,1
118,1,58,W,L,0
118,1,58,W,T,0
118,1,58,W,R,0
119,1,59,N,L,0
119,1,59,N,T,0
119,1,59,N,R,0
119,1,59,E,L,0
119,1,59,E,T,0
119,1,59,E,R,0
119,1,59,S,L,0
119,1,59,S,T,1
119,1,59,S,R,0
119,1,59,W,L,0
119,1,59,W,T,0
119,1,59,W,R,0
120,2,00,N,L,0
120,2,00,N,T,1
120,2,00,N,R,0
120,2,00,E,L,0
120,2,00,E,T,1
120,2,00,E,R,0
120,2,00,S,L,0
120,2,00,S,T,0
120,2,00,S,R,0
120,2,00,W,L,0
120,2,00,W,T,1
120,2,00,W,R,0
121,2,01,N,L,0
121,2,01,N,T,0
121,2,01,N,R,0
121,2,01,E,L,0
121,2,01,E,T,0
121,2,01,E,R,0
121,2,01,S,L,0
121,2,01,S,T,0
121,2,01,S,R,0
121,2,01,W,L,0
121,2,01,W,T,0
121,2,01,W,R,0
122,2,02,N,L,0
122,2,02,N,T,1
122,2,02,N,R,0
122,2,02,E,L,0
122,2,02,E,T,0
122,2,02,E,R,0
122,2,02,S,L,0
122,2,02,S,T,0
122,2,02,S,R,0
122,2,02,W,L,0
122,2,02,W,T,0
122,2,02,W,R,0
123,2,03,N,L,0
123,2,03,N,T,0
123,2,03,N,R,0
123,2,03,E,L,0
123,2,03,E,T,0
123,2,03,E,R,0
123,2,03,S,L,0
123,2,03,S,T,1
123,2,03,S,R,0
123,2,03,W,L,0
123,2,03,W,T,1
123,2,03,W,R,0
124,2,04,N,L,0
124,2,04,N,T,0
124,2,04,N,R,0
124,2,04,E,L,0
124,2,04,E,T,0
124,2,04,E,R,0
124,2,04,S,L,0
124,2,04,S,T,0
124,2,04,S,R,0
124,2,04,W,L,0
124,2,04,W,T,1
124,2,04,W,R,0
125,2,05,N,L,0
125,2,05,N,T,0
125,2,05,N,R,0
125,2,05,E,L,0
125,2,05,E,T,0
125,2,05,E,R,0
125,2,05,S,L,0
125,2,05,S,T,0
125,2,05,S,R,0
125,2,05,W,L,0
125,2,05,W,T,1
125,2,05,W,R,0
126,2,06,N,L,0
126,2,06,N,T,1
126,2,06,N,R,0
126,2,06,E,L,0
126,2,06,E,T,0
126,2,06,E,R,0
126,2,06,S,L,0
126,2,06,S,T,0
126,2,06,S,R,0
126,2,06,W,L,0
126,2,06,W,T,0
126,2,06,W,R,1
127,2,07,N,L,1
127,2,07,N,T,0
127,2,07,N,R,0
127,2,07,E,L,0
127,2,07,E,T,0
127,2,07,E,R,0
127,2,07,S,L,0
127,2,07,S,T,0
127,2,07,S,R,1
127,2,07,W,L,0
127,2,07,W,T,0
127,2,07,W,R,0
128,2,08,N,L,0
128,2,08,N,T,0
128,2,08,N,R,0
128,2,08,E,L,0
128,2,08,E,T,0
128,2,08,E,R,0
128,2,08,S,L,1
128,2,08,S,T,0
128,2,08,S,R,0
128,2,08,W,L,0
128,2,08,W,T,0
128,2,08,W,R,0
129,2,09,N,L,0
129,2,09,N,T,0
129,2,09,N,R,0
129,2,09,E,L,0
129,2,09,E,T,0
129,2,09,E,R,0
129,2,09,S,L,0
129,2,09,S,T,1
129,2,09,S,R,0
129,2,09,W,L,0
129,2,09,W,T,0
129,2,09,W,R,0
130,2,10,N,L,0
130,2,10,N,T,0
130,2,10,N,R,0
130,2,10,E,L,0
130,2,10,E,T,0
130,2,10,E,R,0
130,2,10,S,L,0
130,2,10,S,T,0
130,2,10,S,R,0
130,2,10,W,L,0
130,2,10,W,T,0
130,2,10,W,R,0
131,2,11,N,L,0
131,2,11,N,T,0
131,2,11,N,R,0
131,2,11,E,L,0
131,2,11,E,T,0
131,2,11,E,R,0
131,2,11,S,L,0
131,2,11,S,T,0
131,2,11,S,R,0
131,2,11,W,L,0
131,2,11,W,T,1
131,2,11,W,R,0
132,2,12,N,L,0
132,2,12,N,T,1
132,2,12,N,R,0
132,2,12,E,L,0
132,2,12,E,T,0
132,2,12,E,R,0
132,2,12,S,L,0
132,2,12,S,T,0
132,2,12,S,R,0
132,2,12,W,L,0
132,2,12,W,T,1
132,2,12,W,R,0
133,2,13,N,L,0
133,2,13,N,T,0
133,2,13,N,R,0
133,2,13,E,L,0
133,2,13,E,T,0
133,2,13,E,R,0
133,2,13,S,L,0
133,2,13,S,T,1
133,2,13,S,R,0
133,2,13,W,L,0
133,2,13,W,T,1
133,2,13,W,R,0
134,2,14,N,L,0
134,2,14,N,T,0
134,2,14,N,R,0
134,2,14,E,L,0
134,2,14,E,T,0
134,2,14,E,R,0
134,2,14,S,L,0
134,2,14,S,T,0
134,2,14,S,R,0
134,2,14,W,L,0
134,2,14,W,T,0
134,2,14,W,R,0
135,2,15,N,L,0
135,2,15,N,T,0
135,2,15,N,R,0
135,2,15,E,L,0
135,2,15,E,T,0
135,2,15,E,R,0
135,2,15,S,L,0
135,2,15,S,T,0
135,2,15,S,R,0
135,2,15,W,L,0
135,2,15,W,T,1
135,2,15,W,R,0
136,2,16,N,L,0
136,2,16,N,T,0
136,2,16,N,R,0
136,2,16,E,L,0
136,2,16,E,T,0
136,2,16,E,R,0
136,2,16,S,L,0
136,2,16,S,T,0
136,2,16,S,R,0
136,2,16,W,L,0
136,2,16,W,T,0
136,2,16,W,R,0
137,2,17,N,L,0
137,2,17,N,T,0
137,2,17,N,R,0
137,2,17,E,L,0
137,2,17,E,T,1
137,2,17,E,R,0
137,2,17,S,L,0
137,2,17,S,T,0
137,2,17,S,R,0
137,2,17,W,L,0
137,2,17,W,T,0
137,2,17,W,R,0
138,2,18,N,L,0
138,2,18,N,T,0
138,2,18,N,R,0
138,2,18,E,L,0
138,2,18,E,T,0
138,2,18,E,R,0
138,2,18,S,L,0
138,2,18,S,T,1
138,2,18,S,R,0
138,2,18,W,L,0
138,2,18,W,T,0
138,2,18,W,R,0
139,2,19,N,L,0
139,2,19,N,T,0
139,2,19,N,R,0
139,2,19,E,L,0
139,2,19,E,T,0
139,2,19,E,R,0
139,2,19,S,L,0
139,2,19,S,T,0
139,2,19,S,R,0
139,2,19,W,L,0
139,2,19,W,T,0
139,2,19,W,R,0
140,2,20,N,L,0
140,2,20,N,T,0
140,2,20,N,R,0
140,2,20,E,L,0
140,2,20,E,T,0
140,2,20,E,R,0
140,2,20,S,L,0
140,2,20,S,T,0
140,2,20,S,R,0
140,2,20,W,L,0
140,2,20,W,T,0
140,2,20,W,R,0
141,2,21,N,L,0
141,2,21,N,T,1
141,2,21,N,R,0
141,2,21,E,L,0
141,2,21,E,T,0
141,2,21,E,R,0
141,2,21,S,L,0
141,2,21,S,T,0
141,2,21,S,R,0
141,2,21,W,L,0
141,2,21,W,T,0
141,2,21,W,R,0
142,2,22,N,L,1
142,2,22,N,T,0
142,2,22,N,R,0
142,2,22,E,L,0
142,2,22,E,T,0
142,2,22,E,R,0
142,2,22,S,L,0
142,2,22,S,T,0
142,2,22,S,R,0
142,2,22,W,L,0
142,2,22,W,T,1
142,2,22,W,R,0
143,2,23,N,L,0
143,2,23,N,T,0
143,2,23,N,R,0
143,2,23,E,L,0
143,2,23,E,T,0
143,2,23,E,R,0
143,2,23,S,L,0
143,2,23,S,T,1
143,2,23,S,R,0
143,2,23,W,L,0
143,2,23,W,T,0
143,2,23,W,R,0
144,2,24,N,L,0
144,2,24,N,T,0
144,2,24,N,R,0
144,2,24,E,L,0
144,2,24,E,T,1
144,2,24,E,R,0
144,2,24,S,L,0
144,2,24,S,T,0
144,2,24,S,R,0
144,2,24,W,L,0
144,2,24,W,T,0
144,2,24,W,R,0
145,2,25,N,L,0
145,2,25,N,T,0
145,2,25,N,R,0
145,2,25,E,L,0
145,2,25,E,T,0
145,2,25,E,R,0
145,2,25,S,L,0
145,2,25,S,T,0
145,2,25,S,R,0
145,2,25,W,L,0
145,2,25,W,T,1
145,2,25,W,R,0
146,2,26,N,L,0
146,2,26,N,T,0
146,2,26,N,R,0
146,2,26,E,L,0
146,2,26,E,T,0
146,2,26,E,R,0
146,2,26,S,L,0
146,2,26,S,T,0
146,2,26,S,R,0
146,2,26,W,L,0
146,2,26,W,T,0
146,2,26,W,R,0
147,2,27,N,L,0
147,2,27,N,T,0
147,2,27,N,R,0
147,2,27,E,L,0
147,2,27,E,T,0
147,2,27,E,R,0
147,2,27,S,L,0
147,2,27,S,T,0
147,2,27,S,R,0
147,2,27,W,L,0
147,2,27,W,T,1
147,2,27,W,R,0
148,2,28,N,L,1
148,2,28,N,T,0
148,2,28,N,R,0
148,2,28,E,L,0
148,2,28,E,T,0
148,2,28,E,R,0
148,2,28,S,L,0
148,2,28,S,T,0
148,2,28,S,R,0
148,2,28,W,L,0
148,2,28,W,T,0
148,2,28,W,R,0
149,2,29,N,L,0
149,2,29,N,T,1
149,2,29,N,R,0
149,2,29,E,L,0
149,2,29,E,T,0
149,2,29,E,R,0
149,2,29,S,L,0
149,2,29,S,T,0
149,2,29,S,R,0
149,2,29,W,L,0
149,2,29,W,T,0
149,2,29,W,R,0
150,2,30,N,L,0
150,2,30,N,T,0
150,2,30,N,R,0
150,2,30,E,L,0
150,2,30,E,T,0
150,2,30,E,R,0
150,2,30,S,L,0
150,2,30,S,T,0
150,2,30,S,R,0
150,2,30,W,L,0
150,2,30,W,T,0
150,2,30,W,R,0
151,2,31,N,L,0
151,2,31,N,T,0
151,2,31,N,R,0
151,2,31,E,L,0
151,2,31,E,T,0
151,2,31,E,R,0
151,2,31,S,L,0
151,2,31,S,T,0
151,2,31,S,R,0
151,2,31,W,L,0
151,2,31,W,T,0
151,2,31,W,R,0
152,2,32,N,L,0
152,2,32,N,T,0
152,2,32,N,R,0
152,2,32,E,L,0
152,2,32,E,T,0
152,2,32,E,R,0
152,2,32,S,L,0
152,2,32,S,T,0
152,2,32,S,R,0
152,2,32,W,L,0
152,2,32,W,T,0
152,2,32,W,R,0
153,2,33,N,L,0
153,2,33,N,T,1
153,2,33,N,R,0
153,2,33,E,L,0
153,2,33,E,T,0
153,2,33,E,R,0
153,2,33,S,L,0
153,2,33,S,T,0
153,2,33,S,R,0
153,2,33,W,L,0
153,2,33,W,T,0
153,2,33,W,R,0
154,2,34,N,L,0
154,2,34,N,T,0
154,2,34,N,R,0
154,2,34,E,L,0
154,2,34,E,T,0
154,2,34,E,R,0
154,2,34,S,L,0
154,2,34,S,T,0
154,2,34,S,R,0
154,2,34,W,L,0
154,2,34,W,T,1
154,2,34,W,R,0
155,2,35,N,L,0
155,2,35,N,T,0
155,2,35,N,R,0
155,2,35,E,L,0
155,2,35,E,T,0
155,2,35,E,R,0
155,2,35,S,L,0
155,2,35,S,T,0
155,2,35,S,R,0
155,2,35,W,L,0
155,2,35,W,T,0
155,2,35,W,R,0
156,2,36,N,L,0
156,2,36,N,T,0
156,2,36,N,R,0
156,2,36,E,L,0
156,2,36,E,T,0
156,2,36,E,R,0
156,2,36,S,L,0
156,2,36,S,T,0
156,2,36,S,R,0
156,2,36,W,L,0
156,2,36,W,T,0
156,2,36,W,R,0
157,2,37,N,L,0
157,2,37,N,T,1
157,2,37,N,R,0
157,2,37,E,L,0
157,2,37,E,T,1
157,2,37,E,R,0
157,2,37,S,L,0
157,2,37,S,T,0
157,2,37,S,R,0
157,2,37,W,L,0
157,2,37,W,T,1
157,2,37,W,R,0
158,2,38,N,L,0
158,2,38,N,T,0
158,2,38,N,R,0
158,2,38,E,L,0
158,2,38,E,T,0
158,2,38,E,R,0
158,2,38,S,L,0
158,2,38,S,T,1
158,2,38,S,R,0
158,2,38,W,L,0
158,2,38,W,T,0
158,2,38,W,R,0
159,2,39,N,L,0
159,2,39,N,T,0
159,2,39,N,R,0
159,2,39,E,L,0
159,2,39,E,T,0
159,2,39,E,R,0
159,2,39,S,L,0
159,2,39,S,T,0
159,2,39,S,R,0
159,2,39,W,L,0
159,2,39,W,T,0
159,2,39,W,R,0
160,2,40,N,L,0
160,2,40,N,T,0
160,2,40,N,R,0
160,2,40,E,L,0
160,2,40,E,T,0
160,2,40,E,R,0
160,2,40,S,L,0
160,2,40,S,T,1
160,2,40,S,R,0
160,2,40,W,L,0
160,2,40,W,T,0
160,2,40,W,R,0
161,2,41,N,L,0
161,2,41,N,T,0
161,2,41,N,R,0
161,2,41,E,L,0
161,2,41,E,T,0
161,2,41,E,R,0
161,2,41,S,L,0
161,2,41,S,T,0
161,2,41,S,R,0
161,2,41,W,L,0
161,2,41,W,T,0
161,2,41,W,R,0
162,2,42,N,L,0
162,2,42,N,T,0
162,2,42,N,R,0
162,2,42,E,L,0
162,2,42,E,T,1
162,2,42,E,R,0
162,2,42,S,L,0
162,2,42,S,T,0
162,2,42,S,R,0
162,2,42,W,L,0
162,2,42,W,T,1
162,2,42,W,R,0
163,2,43,N,L,0
163,2,43,N,T,1
163,2,43,N,R,0
163,2,43,E,L,0
163,2,43,E,T,0
163,2,43,E,R,0
163,2,43,S,L,0
163,2,43,S,T,0
163,2,43,S,R,0
163,2,43,W,L,0
163,2,43,W,T,0
163,2,43,W,R,0
164,2,44,N,L,0
164,2,44,N,T,0
164,2,44,N,R,0
164,2,44,E,L,0
164,2,44,E,T,1
164,2,44,E,R,1
164,2,44,S,L,0
164,2,44,S,T,0
164,2,44,S,R,0
164,2,44,W,L,0
164,2,44,W,T,0
164,2,44,W,R,0
165,2,45,N,L,0
165,2,45,N,T,0
165,2,45,N,R,0
165,2,45,E,L,0
165,2,45,E,T,0
165,2,45,E,R,0
165,2,45,S,L,0
165,2,45,S,T,1
165,2,45,S,R,0
165,2,45,W,L,0
165,2,45,W,T,0
165,2,45,W,R,0
166,2,46,N,L,0
166,2,46,N,T,0
166,2,46,N,R,0
166,2,46,E,L,0
166,2,46,E,T,0
166,2,46,E,R,0
166,2,46,S,L,0
166,2,46,S,T,0
166,2,46,S,R,0
166,2,46,W,L,0
166,2,46,W,T,0
166,2,46,W,R,0
167,2,47,N,L,0
167,2,47,N,T,0
167,2,47,N,R,0
167,2,47,E,L,0
167,2,47,E,T,0
167,2,47,E,R,0
167,2,47,S,L,0
167,2,47,S,T,0
167,2,47,S,R,0
167,2,47,W,L,1
167,2,47,W,T,0
167,2,47,W,R,0
168,2,48,N,L,0
168,2,48,N,T,0
168,2,48,N,R,0
168,2,48,E,L,0
168,2,48,E,T,0
168,2,48,E,R,0
168,2,48,S,L,0
168,2,48,S,T,0
168,2,48,S,R,0
168,2,48,W,L,0
168,2,48,W,T,0
168,2,48,W,R,0
169,2,49,N,L,0
169,2,49,N,T,0
169,2,49,N,R,0
169,2,49,E,L,0
169,2,49,E,T,0
169,2,49,E,R,0
169,2,49,S,L,0
169,2,49,S,T,0
169,2,49,S,R,0
169,2,49,W,L,0
169,2,49,W,T,1
169,2,49,W,R,0
170,2,50,N,L,0
170,2,50,N,T,0
170,2,50,N,R,0
170,2,50,E,L,0
170,2,50,E,T,0
170,2,50,E,R,0
170,2,50,S,L,0
170,2,50,S,T,0
170,2,50,S,R,0
170,2,50,W,L,0
170,2,50,W,T,0
170,2,50,W,R,0
171,2,51,N,L,0
171,2,51,N,T,0
171,2,51,N,R,0
171,2,51,E,L,0
171,2,51,E,T,0
171,2,51,E,R,0
171,2,51,S,L,0
171,2,51,S,T,0
171,2,51,S,R,0
171,2,51,W,L,0
171,2,51,W,T,0
171,2,51,W,R,0
172,2,52,N,L,0
172,2,52,N,T,0
172,2,52,N,R,0
172,2,52,E,L,0
172,2,52,E,T,0
172,2,52,E,R,1
172,2,52,S,L,0
172,2,52,S,T,1
172,2,52,S,R,0
172,2,52,W,L,0
172,2,52,W,T,0
172,2,52,W,R,0
173,2,53,N,L,0
173,2,53,N,T,0
173,2,53,N,R,0
173,2,53,E,L,0
173,2,53,E,T,0
173,2,53,E,R,0
173,2,53,S,L,0
173,2,53,S,T,0
173,2,53,S,R,0
173,2,53,W,L,0
173,2,53,W,T,1
173,2,53,W,R,0
174,2,54,N,L,0
174,2,54,N,T,1
174,2,54,N,R,0
174,2,54,E,L,0
174,2,54,E,T,0
174,2,54,E,R,0
174,2,54,S,L,0
174,2,54,S,T,0
174,2,54,S,R,0
174,2,54,W,L,0
174,2,54,W,T,0
174,2,54,W,R,0
175,2,55,N,L,0
175,2,55,N,T,1
175,2,55,N,R,0
175,2,55,E,L,0
175,2,55,E,T,0
175,2,55,E,R,0
175,2,55,S,L,0
175,2,55,S,T,0
175,2,55,S,R,0
175,2,55,W,L,0
175,2,55,W,T,0
175,2,55,W,R,1
176,2,56,N,L,0
176,2,56,N,T,0
176,2,56,N,R,0
176,2,56,E,L,0
176,2,56,E,T,0
176,2,56,E,R,0
176,2,56,S,L,0
176,2,56,S,T,1
176,2,56,S,R,0
176,2,56,W,L,0
176,2,56,W,T,1
176,2,56,W,R,0
177,2,57,N,L,0
177,2,57,N,T,0
177,2,57,N,R,0
177,2,57,E,L,0
177,2,57,E,T,0
177,2,57,E,R,0
177,2,57,S,L,0
177,2,57,S,T,0
177,2,57,S,R,0
177,2,57,W,L,0
177,2,57,W,T,0
177,2,57,W,R,0
178,2,58,N,L,0
178,2,58,N,T,0
178,2,58,N,R,0
178,2,58,E,L,0
178,2,58,E,T,1
178,2,58,E,R,0
178,2,58,S,L,0
178,2,58,S,T,0
178,2,58,S,R,0
178,2,58,W,L,0
178,2,58,W,T,0
178,2,58,W,R,0
179,2,59,N,L,0
179,2,59,N,T,0
179,2,59,N,R,0
179,2,59,E,L,0
179,2,59,E,T,0
179,2,59,E,R,0
179,2,59,S,L,0
179,2,59,S,T,0
179,2,59,S,R,0
179,2,59,W,L,0
179,2,59,W,T,0
179,2,59,W,R,0
180,3,00,N,L,0
180,3,00,N,T,0
180,3,00,N,R,0
180,3,00,E,L,1
180,3,00,E,T,0
180,3,00,E,R,0
180,3,00,S,L,0
180,3,00,S,T,0
180,3,00,S,R,0
180,3,00,W,L,0
180,3,00,W,T,0
180,3,00,W,R,0
181,3,01,N,L,0
181,3,01,N,T,0
181,3,01,N,R,0
181,3,01,E,L,0
181,3,01,E,T,0
181,3,01,E,R,0
181,3,01,S,L,0
181,3,01,S,T,0
181,3,01,S,R,0
181,3,01,W,L,0
181,3,01,W,T,0
181,3,01,W,R,0
182,3,02,N,L,0
182,3,02,N,T,0
182,3,02,N,R,0
182,3,02,E,L,0
182,3,02,E,T,0
182,3,02,E,R,0
182,3,02,S,L,0
182,3,02,S,T,0
182,3,02,S,R,0
182,3,02,W,L,0
182,3,02,W,T,0
182,3,02,W,R,0
183,3,03,N,L,0
183,3,03,N,T,0
183,3,03,N,R,0
183,3,03,E,L,0
183,3,03,E,T,0
183,3,03,E,R,0
183,3,03,S,L,0
183,3,03,S,T,0
183,3,03,S,R,0
183,3,03,W,L,0
183,3,03,W,T,0
183,3,03,W,R,0
184,3,04,N,L,0
184,3,04,N,T,0
184,3,04,N,R,0
184,3,04,E,L,0
184,3,04,E,T,0
184,3,04,E,R,0
184,3,04,S,L,0
184,3,04,S,T,0
184,3,04,S,R,0
184,3,04,W,L,0
184,3,04,W,T,0
184,3,04,W,R,0
185,3,05,N,L,0
185,3,05,N,T,0
185,3,05,N,R,0
185,3,05,E,L,0
185,3,05,E,T,0
185,3,05,E,R,0
185,3,05,S,L,0
185,3,05,S,T,0
185,3,05,S,R,0
185,3,05,W,L,0
185,3,05,W,T,0
185,3,05,W,R,0
186,3,06,N,L,0
186,3,06,N,T,0
186,3,06,N,R,0
186,3,06,E,L,0
186,3,06,E,T,0
186,3,06,E,R,0
186,3,06,S,L,0
186,3,06,S,T,0
186,3,06,S,R,0
186,3,06,W,L,0
186,3,06,W,T,0
186,3,06,W,R,0
187,3,07,N,L,0
187,3,07,N,T,0
187,3,07,N,R,0
187,3,07,E,L,0
187,3,07,E,T,0
187,3,07,E,R,0
187,3,07,S,L,0
187,3,07,S,T,0
187,3,07,S,R,0
187,3,07,W,L,0
187,3,07,W,T,0
187,3,07,W,R,0
188,3,08,N,L,0
188,3,08,N,T,0
188,3,08,N,R,0
188,3,08,E,L,0
188,3,08,E,T,0
188,3,08,E,R,0
188,3,08,S,L,1
188,3,08,S,T,1
188,3,08,S,R,0
188,3,08,W,L,0
188,3,08,W,T,0
188,3,08,W,R,0
189,3,09,N,L,0
189,3,09,N,T,0
189,3,09,N,R,0
189,3,09,E,L,0
189,3,09,E,T,0
189,3,09,E,R,0
189,3,09,S,L,0
189,3,09,S,T,0
189,3,09,S,R,0
189,3,09,W,L,0
189,3,09,W,T,0
189,3,09,W,R,0
190,3,10,N,L,0
190,3,10,N,T,0
190,3,10,N,R,0
190,3,10,E,L,0
190,3,10,E,T,0
190,3,10,E,R,1
190,3,10,S,L,0
190,3,10,S,T,1
190,3,10,S,R,0
190,3,10,W,L,0
190,3,10,W,T,0
190,3,10,W,R,0
191,3,11,N,L,1
191,3,11,N,T,0
191,3,11,N,R,0
191,3,11,E,L,1
191,3,11,E,T,0
191,3,11,E,R,2
191,3,11,S,L,0
191,3,11,S,T,1
191,3,11,S,R,0
191,3,11,W,L,0
191,3,11,W,T,0
191,3,11,W,R,0
192,3,12,N,L,0
192,3,12,N,T,1
192,3,12,N,R,0
192,3,12,E,L,0
192,3,12,E,T,0
192,3,12,E,R,0
192,3,12,S,L,0
192,3,12,S,T,0
192,3,12,S,R,0
192,3,12,W,L,0
192,3,12,W,T,1
192,3,12,W,R,0
193,3,13,N,L,0
193,3,13,N,T,0
193,3,13,N,R,0
193,3,13,E,L,0
193,3,13,E,T,0
193,3,13,E,R,0
193,3,13,S,L,0
193,3,13,S,T,0
193,3,13,S,R,0
193,3,13,W,L,0
193,3,13,W,T,0
193,3,13,W,R,0
194,3,14,N,L,0
194,3,14,N,T,0
194,3,14,N,R,0
194,3,14,E,L,0
194,3,14,E,T,0
194,3,14,E,R,0
194,3,14,S,L,0
194,3,14,S,T,0
194,3,14,S,R,0
194,3,14,W,L,0
194,3,14,W,T,0
194,3,14,W,R,0
195,3,15,N,L,0
195,3,15,N,T,0
195,3,15,N,R,0
195,3,15,E,L,0
195,3,15,E,T,0
195,3,15,E,R,0
195,3,15,S,L,0
195,3,15,S,T,0
195,3,15,S,R,0
195,3,15,W,L,0
195,3,15,W,T,0
195,3,15,W,R,0
196,3,16,N,L,0
196,3,16,N,T,0
196,3,16,N,R,0
196,3,16,E,L,0
196,3,16,E,T,0
196,3,16,E,R,0
196,3,16,S,L,0
196,3,16,S,T,0
196,3,16,S,R,0
196,3,16,W,L,0
196,3,16,W,T,0
196,3,16,W,R,0
197,3,17,N,L,0
197,3,17,N,T,0
197,3,17,N,R,0
197,3,17,E,L,0
197,3,17,E,T,1
197,3,17,E,R,0
197,3,17,S,L,0
197,3,17,S,T,0
197,3,17,S,R,0
197,3,17,W,L,0
197,3,17,W,T,0
197,3,17,W,R,0
198,3,18,N,L,0
198,3,18,N,T,0
198,3,18,N,R,0
198,3,18,E,L,0
198,3,18,E,T,0
198,3,18,E,R,0
198,3,18,S,L,0
198,3,18,S,T,0
198,3,18,S,R,0
198,3,18,W,L,0
198,3,18,W,T,0
198,3,18,W,R,0
199,3,19,N,L,0
199,3,19,N,T,0
199,3,19,N,R,0
199,3,19,E,L,0
199,3,19,E,T,0
199,3,19,E,R,0
199,3,19,S,L,0
199,3,19,S,T,0
199,3,19,S,R,0
199,3,19,W,L,0
199,3,19,W,T,0
199,3,19,W,R,0
200,3,20,N,L,0
200,3,20,N,T,0
200,3,20,N,R,0
200,3,20,E,L,0
200,3,20,E,T,1
200,3,20,E,R,0
200,3,20,S,L,0
200,3,20,S,T,0
200,3,20,S,R,0
200,3,20,W,L,0
200,3,20,W,T,0
200,3,20,W,R,0
201,3,21,N,L,0
201,3,21,N,T,0
201,3,21,N,R,0
201,3,21,E,L,0
201,3,21,E,T,0
201,3,21,E,R,1
201,3,21,S,L,0
201,3,21,S,T,0
201,3,21,S,R,0
201,3,21,W,L,0
201,3,21,W,T,0
201,3,21,W,R,0
202,3,22,N,L,0
202,3,22,N,T,0
202,3,22,N,R,0
202,3,22,E,L,0
202,3,22,E,T,0
202,3,22,E,R,0
202,3,22,S,L,0
202,3,22,S,T,0
202,3,22,S,R,1
202,3,22,W,L,0
202,3,22,W,T,0
202,3,22,W,R,0
203,3,23,N,L,0
203,3,23,N,T,0
203,3,23,N,R,0
203,3,23,E,L,0
203,3,23,E,T,0
203,3,23,E,R,0
203,3,23,S,L,0
203,3,23,S,T,0
203,3,23,S,R,0
203,3,23,W,L,0
203,3,23,W,T,0
203,3,23,W,R,0
204,3,24,N,L,0
204,3,24,N,T,0
204,3,24,N,R,0
204,3,24,E,L,0
204,3,24,E,T,0
204,3,24,E,R,0
204,3,24,S,L,0
204,3,24,S,T,0
204,3,24,S,R,0
204,3,24,W,L,0
204,3,24,W,T,0
204,3,24,W,R,0
205,3,25,N,L,0
205,3,25,N,T,0
205,3,25,N,R,0
205,3,25,E,L,0
205,3,25,E,T,0
205,3,25,E,R,0
205,3,25,S,L,0
205,3,25,S,T,1
205,3,25,S,R,0
205,3,25,W,L,0
205,3,25,W,T,0
205,3,25,W,R,0
206,3,26,N,L,0
206,3,26,N,T,0
206,3,26,N,R,0
206,3,26,E,L,0
206,3,26,E,T,0
206,3,26,E,R,0
206,3,26,S,L,1
206,3,26,S,T,0
206,3,26,S,R,0
206,3,26,W,L,0
206,3,26,W,T,0
206,3,26,W,R,0
207,3,27,N,L,0
207,3,27,N,T,1
207,3,27,N,R,0
207,3,27,E,L,0
207,3,27,E,T,0
207,3,27,E,R,0
207,3,27,S,L,0
207,3,27,S,T,0
207,3,27,S,R,0
207,3,27,W,L,0
207,3,27,W,T,0
207,3,27,W,R,0
208,3,28,N,L,0
208,3,28,N,T,0
208,3,28,N,R,0
208,3,28,E,L,0
208,3,28,E,T,0
208,3,28,E,R,0
208,3,28,S,L,0
208,3,28,S,T,0
208,3,28,S,R,0
208,3,28,W,L,0
208,3,28,W,T,0
208,3,28,W,R,0
209,3,29,N,L,0
209,3,29,N,T,0
209,3,29,N,R,0
209,3,29,E,L,0
209,3,29,E,T,0
209,3,29,E,R,0
209,3,29,S,L,0
209,3,29,S,T,0
209,3,29,S,R,0
209,3,29,W,L,0
209,3,29,W,T,0
209,3,29,W,R,0
210,3,30,N,L,0
210,3,30,N,T,0
210,3,30,N,R,0
210,3,30,E,L,0
210,3,30,E,T,0
210,3,30,E,R,0
210,3,30,S,L,0
210,3,30,S,T,0
210,3,30,S,R,0
210,3,30,W,L,0
210,3,30,W,T,0
210,3,30,W,R,0
211,3,31,N,L,0
211,3,31,N,T,0
211,3,31,N,R,0
211,3,31,E,L,0
211,3,31,E,T,1
211,3,31,E,R,0
211,3,31,S,L,0
211,3,31,S,T,1
211,3,31,S,R,0
211,3,31,W,L,0
211,3,31,W,T,0
211,3,31,W,R,0
212,3,32,N,L,0
212,3,32,N,T,0
212,3,32,N,R,0
212,3,32,E,L,0
212,3,32,E,T,0
212,3,32,E,R,0
212,3,32,S,L,0
212,3,32,S,T,0
212,3,32,S,R,0
212,3,32,W,L,0
212,3,32,W,T,0
212,3,32,W,R,0
213,3,33,N,L,0
213,3,33,N,T,1
213,3,33,N,R,0
213,3,33,E,L,0
213,3,33,E,T,0
213,3,33,E,R,0
213,3,33,S,L,0
213,3,33,S,T,0
213,3,33,S,R,0
213,3,33,W,L,0
213,3,33,W,T,0
213,3,33,W,R,0
214,3,34,N,L,0
214,3,34,N,T,0
214,3,34,N,R,0
214,3,34,E,L,0
214,3,34,E,T,1
214,3,34,E,R,0
214,3,34,S,L,0
214,3,34,S,T,0
214,3,34,S,R,0
214,3,34,W,L,0
214,3,34,W,T,0
214,3,34,W,R,0
215,3,35,N,L,0
215,3,35,N,T,0
215,3,35,N,R,0
215,3,35,E,L,0
215,3,35,E,T,1
215,3,35,E,R,0
215,3,35,S,L,0
215,3,35,S,T,0
215,3,35,S,R,0
215,3,35,W,L,0
215,3,35,W,T,0
215,3,35,W,R,0
216,3,36,N,L,0
216,3,36,N,T,2
216,3,36,N,R,0
216,3,36,E,L,0
216,3,36,E,T,0
216,3,36,E,R,0
216,3,36,S,L,0
216,3,36,S,T,0
216,3,36,S,R,0
216,3,36,W,L,0
216,3,36,W,T,0
216,3,36,W,R,0
217,3,37,N,L,0
217,3,37,N,T,0
217,3,37,N,R,0
217,3,37,E,L,0
217,3,37,E,T,0
217,3,37,E,R,0
217,3,37,S,L,0
217,3,37,S,T,0
217,3,37,S,R,0
217,3,37,W,L,0
217,3,37,W,T,0
217,3,37,W,R,0
218,3,38,N,L,0
218,3,38,N,T,0
218,3,38,N,R,0
218,3,38,E,L,0
218,3,38,E,T,1
218,3,38,E,R,0
218,3,38,S,L,0
218,3,38,S,T,0
218,3,38,S,R,0
218,3,38,W,L,0
218,3,38,W,T,0
218,3,38,W,R,0
219,3,39,N,L,0
219,3,39,N,T,0
219,3,39,N,R,0
219,3,39,E,L,0
219,3,39,E,T,0
219,3,39,E,R,0
219,3,39,S,L,0
219,3,39,S,T,0
219,3,39,S,R,0
219,3,39,W,L,0
219,3,39,W,T,0
219,3,39,W,R,0
220,3,40,N,L,0
220,3,40,N,T,1
220,3,40,N,R,0
220,3,40,E,L,0
220,3,40,E,T,0
220,3,40,E,R,0
220,3,40,S,L,0
220,3,40,S,T,0
220,3,40,S,R,0
220,3,40,W,L,0
220,3,40,W,T,0
220,3,40,W,R,0
221,3,41,N,L,0
221,3,41,N,T,1
221,3,41,N,R,0
221,3,41,E,L,0
221,3,41,E,T,0
221,3,41,E,R,0
221,3,41,S,L,0
221,3,41,S,T,0
221,3,41,S,R,0
221,3,41,W,L,0
221,3,41,W,T,1
221,3,41,W,R,0
222,3,42,N,L,0
222,3,42,N,T,1
222,3,42,N,R,0
222,3,42,E,L,0
222,3,42,E,T,0
222,3,42,E,R,0
222,3,42,S,L,0
222,3,42,S,T,1
222,3,42,S,R,0
222,3,42,W,L,0
222,3,42,W,T,0
222,3,42,W,R,0
223,3,43,N,L,0
223,3,43,N,T,0
223,3,43,N,R,0
223,3,43,E,L,0
223,3,43,E,T,0
223,3,43,E,R,0
223,3,43,S,L,0
223,3,43,S,T,0
223,3,43,S,R,0
223,3,43,W,L,0
223,3,43,W,T,0
223,3,43,W,R,0
224,3,44,N,L,0
224,3,44,N,T,2
224,3,44,N,R,0
224,3,44,E,L,0
224,3,44,E,T,0
224,3,44,E,R,0
224,3,44,S,L,0
224,3,44,S,T,0
224,3,44,S,R,0
224,3,44,W,L,0
224,3,44,W,T,0
224,3,44,W,R,0
225,3,45,N,L,0
225,3,45,N,T,0
225,3,45,N,R,0
225,3,45,E,L,0
225,3,45,E,T,0
225,3,45,E,R,0
225,3,45,S,L,0
225,3,45,S,T,0
225,3,45,S,R,0
225,3,45,W,L,0
225,3,45,W,T,0
225,3,45,W,R,0
226,3,46,N,L,0
226,3,46,N,T,0
226,3,46,N,R,0
226,3,46,E,L,0
226,3,46,E,T,0
226,3,46,E,R,0
226,3,46,S,L,0
226,3,46,S,T,0
226,3,46,S,R,0
226,3,46,W,L,0
226,3,46,W,T,0
226,3,46,W,R,0
227,3,47,N,L,0
227,3,47,N,T,0
227,3,47,N,R,0
227,3,47,E,L,0
227,3,47,E,T,0
227,3,47,E,R,0
227,3,47,S,L,0
227,3,47,S,T,0
227,3,47,S,R,0
227,3,47,W,L,0
227,3,47,W,T,0
227,3,47,W,R,0
228,3,48,N,L,0
228,3,48,N,T,0
228,3,48,N,R,1
228,3,48,E,L,0
228,3,48,E,T,0
228,3,48,E,R,0
228,3,48,S,L,0
228,3,48,S,T,0
228,3,48,S,R,0
228,3,48,W,L,0
228,3,48,W,T,0
228,3,48,W,R,0
229,3,49,N,L,0
229,3,49,N,T,0
229,3,49,N,R,0
229,3,49,E,L,0
229,3,49,E,T,0
229,3,49,E,R,0
229,3,49,S,L,0
229,3,49,S,T,0
229,3,49,S,R,0
229,3,49,W,L,0
229,3,49,W,T,0
229,3,49,W,R,0
230,3,50,N,L,0
230,3,50,N,T,0
230,3,50,N,R,0
230,3,50,E,L,0
230,3,50,E,T,0
230,3,50,E,R,0
230,3,50,S,L,0
230,3,50,S,T,0
230,3,50,S,R,0
230,3,50,W,L,0
230,3,50,W,T,0
230,3,50,W,R,0
231,3,51,N,L,0
231,3,51,N,T,0
231,3,51,N,R,0
231,3,51,E,L,0
231,3,51,E,T,0
231,3,51,E,R,0
231,3,51,S,L,0
231,3,51,S,T,1
231,3,51,S,R,0
231,3,51,W,L,0
231,3,51,W,T,0
231,3,51,W,R,0
232,3,52,N,L,0
232,3,52,N,T,0
232,3,52,N,R,0
232,3,52,E,L,0
232,3,52,E,T,0
232,3,52,E,R,0
232,3,52,S,L,0
232,3,52,S,T,1
232,3,52,S,R,0
232,3,52,W,L,0
232,3,52,W,T,0
232,3,52,W,R,0
233,3,53,N,L,0
233,3,53,N,T,1
233,3,53,N,R,0
233,3,53,E,L,0
233,3,53,E,T,0
233,3,53,E,R,0
233,3,53,S,L,0
233,3,53,S,T,0
233,3,53,S,R,0
233,3,53,W,L,0
233,3,53,W,T,1
233,3,53,W,R,0
234,3,54,N,L,0
234,3,54,N,T,0
234,3,54,N,R,0
234,3,54,E,L,0
234,3,54,E,T,0
234,3,54,E,R,0
234,3,54,S,L,0
234,3,54,S,T,0
234,3,54,S,R,0
234,3,54,W,L,0
234,3,54,W,T,0
234,3,54,W,R,0
235,3,55,N,L,0
235,3,55,N,T,1
235,3,55,N,R,0
235,3,55,E,L,0
235,3,55,E,T,0
235,3,55,E,R,0
235,3,55,S,L,1
235,3,55,S,T,0
235,3,55,S,R,0
235,3,55,W,L,0
235,3,55,W,T,0
235,3,55,W,R,0
236,3,56,N,L,0
236,3,56,N,T,1
236,3,56,N,R,0
236,3,56,E,L,0
236,3,56,E,T,0
236,3,56,E,R,0
236,3,56,S,L,0
236,3,56,S,T,0
236,3,56,S,R,0
236,3,56,W,L,0
236,3,56,W,T,1
236,3,56,W,R,0
237,3,57,N,L,0
237,3,57,N,T,1
237,3,57,N,R,0
237,3,57,E,L,0
237,3,57,E,T,1
237,3,57,E,R,0
237,3,57,S,L,0
237,3,57,S,T,0
237,3,57,S,R,0
237,3,57,W,L,0
237,3,57,W,T,0
237,3,57,W,R,0
238,3,58,N,L,0
238,3,58,N,T,0
238,3,58,N,R,0
238,3,58,E,L,0
238,3,58,E,T,0
238,3,58,E,R,1
238,3,58,S,L,0
238,3,58,S,T,0
238,3,58,S,R,0
238,3,58,W,L,0
238,3,58,W,T,0
238,3,58,W,R,0
239,3,59,N,L,0
239,3,59,N,T,0
239,3,59,N,R,0
239,3,59,E,L,0
239,3,59,E,T,0
239,3,59,E,R,0
239,3,59,S,L,0
239,3,59,S,T,0
239,3,59,S,R,0
239,3,59,W,L,0
239,3,59,W,T,0
239,3,59,W,R,0
240,4,00,N,L,0
240,4,00,N,T,0
240,4,00,N,R,0
240,4,00,E,L,0
240,4,00,E,T,0
240,4,00,E,R,0
240,4,00,S,L,0
240,4,00,S,T,0
240,4,00,S,R,0
240,4,00,W,L,0
240,4,00,W,T,0
240,4,00,W,R,0
241,4,01,N,L,0
241,4,01,N,T,0
241,4,01,N,R,0
241,4,01,E,L,0
241,4,01,E,T,0
241,4,01,E,R,0
241,4,01,S,L,0
241,4,01,S,T,0
241,4,01,S,R,0
241,4,01,W,L,0
241,4,01,W,T,0
241,4,01,W,R,0
242,4,02,N,L,0
242,4,02,N,T,0
242,4,02,N,R,0
242,4,02,E,L,0
242,4,02,E,T,0
242,4,02,E,R,0
242,4,02,S,L,0
242,4,02,S,T,0
242,4,02,S,R,0
242,4,02,W,L,0
242,4,02,W,T,0
242,4,02,W,R,0
243,4,03,N,L,0
243,4,03,N,T,0
243,4,03,N,R,0
243,4,03,E,L,0
243,4,03,E,T,1
243,4,03,E,R,0
243,4,03,S,L,0
243,4,03,S,T,0
243,4,03,S,R,0
243,4,03,W,L,0
243,4,03,W,T,0
243,4,03,W,R,0
244,4,04,N,L,0
244,4,04,N,T,0
244,4,04,N,R,0
244,4,04,E,L,0
244,4,04,E,T,1
244,4,04,E,R,0
244,4,04,S,L,0
244,4,04,S,T,0
244,4,04,S,R,0
244,4,04,W,L,0
244,4,04,W,T,0
244,4,04,W,R,0
245,4,05,N,L,0
245,4,05,N,T,0
245,4,05,N,R,0
245,4,05,E,L,0
245,4,05,E,T,0
245,4,05,E,R,0
245,4,05,S,L,0
245,4,05,S,T,1
245,4,05,S,R,0
245,4,05,W,L,0
245,4,05,W,T,0
245,4,05,W,R,0
246,4,06,N,L,0
246,4,06,N,T,0
246,4,06,N,R,0
246,4,06,E,L,0
246,4,06,E,T,0
246,4,06,E,R,0
246,4,06,S,L,0
246,4,06,S,T,0
246,4,06,S,R,1
246,4,06,W,L,0
246,4,06,W,T,3
246,4,06,W,R,0
247,4,07,N,L,0
247,4,07,N,T,1
247,4,07,N,R,0
247,4,07,E,L,0
247,4,07,E,T,1
247,4,07,E,R,0
247,4,07,S,L,0
247,4,07,S,T,0
247,4,07,S,R,0
247,4,07,W,L,0
247,4,07,W,T,0
247,4,07,W,R,0
248,4,08,N,L,0
248,4,08,N,T,0
248,4,08,N,R,0
248,4,08,E,L,0
248,4,08,E,T,0
248,4,08,E,R,0
248,4,08,S,L,0
248,4,08,S,T,1
248,4,08,S,R,0
248,4,08,W,L,0
248,4,08,W,T,0
248,4,08,W,R,0
249,4,09,N,L,0
249,4,09,N,T,0
249,4,09,N,R,0
249,4,09,E,L,0
249,4,09,E,T,1
249,4,09,E,R,0
249,4,09,S,L,0
249,4,09,S,T,0
249,4,09,S,R,0
249,4,09,W,L,0
249,4,09,W,T,1
249,4,09,W,R,0
250,4,10,N,L,0
250,4,10,N,T,0
250,4,10,N,R,0
250,4,10,E,L,0
250,4,10,E,T,0
250,4,10,E,R,0
250,4,10,S,L,0
250,4,10,S,T,1
250,4,10,S,R,0
250,4,10,W,L,0
250,4,10,W,T,0
250,4,10,W,R,0
251,4,11,N,L,0
251,4,11,N,T,0
251,4,11,N,R,0
251,4,11,E,L,0
251,4,11,E,T,0
251,4,11,E,R,0
251,4,11,S,L,0
251,4,11,S,T,0
251,4,11,S,R,0
251,4,11,W,L,0
251,4,11,W,T,0
251,4,11,W,R,0
252,4,12,N,L,0
252,4,12,N,T,0
252,4,12,N,R,0
252,4,12,E,L,0
252,4,12,E,T,0
252,4,12,E,R,0
252,4,12,S,L,0
252,4,12,S,T,0
252,4,12,S,R,0
252,4,12,W,L,0
252,4,12,W,T,0
252,4,12,W,R,0
253,4,13,N,L,0
253,4,13,N,T,0
253,4,13,N,R,0
253,4,13,E,L,0
253,4,13,E,T,0
253,4,13,E,R,0
253,4,13,S,L,0
253,4,13,S,T,0
253,4,13,S,R,0
253,4,13,W,L,0
253,4,13,W,T,0
253,4,13,W,R,0
254,4,14,N,L,0
254,4,14,N,T,0
254,4,14,N,R,0
254,4,14,E,L,0
254,4,14,E,T,0
254,4,14,E,R,0
254,4,14,S,L,0
254,4,14,S,T,0
254,4,14,S,R,0
254,4,14,W,L,0
254,4,14,W,T,0
254,4,14,W,R,0
255,4,15,N,L,0
255,4,15,N,T,0
255,4,15,N,R,0
255,4,15,E,L,0
255,4,15,E,T,0
255,4,15,E,R,0
255,4,15,S,L,0
255,4,15,S,T,0
255,4,15,S,R,0
255,4,15,W,L,0
255,4,15,W,T,0
255,4,15,W,R,0
256,4,16,N,L,0
256,4,16,N,T,0
256,4,16,N,R,0
256,4,16,E,L,0
256,4,16,E,T,0
256,4,16,E,R,0
256,4,16,S,L,0
256,4,16,S,T,0
256,4,16,S,R,0
256,4,16,W,L,0
256,4,16,W,T,0
256,4,16,W,R,0
257,4,17,N,L,0
257,4,17,N,T,1
257,4,17,N,R,0
257,4,17,E,L,1
257,4,17,E,T,0
257,4,17,E,R,0
257,4,17,S,L,0
257,4,17,S,T,0
257,4,17,S,R,0
257,4,17,W,L,0
257,4,17,W,T,0
257,4,17,W,R,0
258,4,18,N,L,0
258,4,18,N,T,1
258,4,18,N,R,0
258,4,18,E,L,0
258,4,18,E,T,0
258,4,18,E,R,0
258,4,18,S,L,0
258,4,18,S,T,0
258,4,18,S,R,0
258,4,18,W,L,0
258,4,18,W,T,0
258,4,18,W,R,0
259,4,19,N,L,0
259,4,19,N,T,0
259,4,19,N,R,0
259,4,19,E,L,0
259,4,19,E,T,0
259,4,19,E,R,0
259,4,19,S,L,0
259,4,19,S,T,0
259,4,19,S,R,0
259,4,19,W,L,0
259,4,19,W,T,0
259,4,19,W,R,0
260,4,20,N,L,0
260,4,20,N,T,0
260,4,20,N,R,0
260,4,20,E,L,0
260,4,20,E,T,1
260,4,20,E,R,0
260,4,20,S,L,0
260,4,20,S,T,0
260,4,20,S,R,0
260,4,20,W,L,0
260,4,20,W,T,1
260,4,20,W,R,0
261,4,21,N,L,0
261,4,21,N,T,0
261,4,21,N,R,0
261,4,21,E,L,0
261,4,21,E,T,0
261,4,21,E,R,0
261,4,21,S,L,0
261,4,21,S,T,0
261,4,21,S,R,0
261,4,21,W,L,0
261,4,21,W,T,0
261,4,21,W,R,0
262,4,22,N,L,0
262,4,22,N,T,0
262,4,22,N,R,0
262,4,22,E,L,0
262,4,22,E,T,0
262,4,22,E,R,0
262,4,22,S,L,0
262,4,22,S,T,0
262,4,22,S,R,0
262,4,22,W,L,0
262,4,22,W,T,0
262,4,22,W,R,0
263,4,23,N,L,0
263,4,23,N,T,0
263,4,23,N,R,0
263,4,23,E,L,0
263,4,23,E,T,1
263,4,23,E,R,0
263,4,23,S,L,0
263,4,23,S,T,0
263,4,23,S,R,0
263,4,23,W,L,0
263,4,23,W,T,0
263,4,23,W,R,0
264,4,24,N,L,0
264,4,24,N,T,0
264,4,24,N,R,0
264,4,24,E,L,0
264,4,24,E,T,0
264,4,24,E,R,0
264,4,24,S,L,0
264,4,24,S,T,0
264,4,24,S,R,0
264,4,24,W,L,0
264,4,24,W,T,0
264,4,24,W,R,0
265,4,25,N,L,0
265,4,25,N,T,0
265,4,25,N,R,0
265,4,25,E,L,0
265,4,25,E,T,0
265,4,25,E,R,0
265,4,25,S,L,0
265,4,25,S,T,0
265,4,25,S,R,0
265,4,25,W,L,0
265,4,25,W,T,0
265,4,25,W,R,0
266,4,26,N,L,0
266,4,26,N,T,0
266,4,26,N,R,0
266,4,26,E,L,0
266,4,26,E,T,0
266,4,26,E,R,0
266,4,26,S,L,0
266,4,26,S,T,1
266,4,26,S,R,1
266,4,26,W,L,0
266,4,26,W,T,0
266,4,26,W,R,0
267,4,27,N,L,0
267,4,27,N,T,0
267,4,27,N,R,0
267,4,27,E,L,0
267,4,27,E,T,0
267,4,27,E,R,0
267,4,27,S,L,0
267,4,27,S,T,0
267,4,27,S,R,0
267,4,27,W,L,0
267,4,27,W,T,0
267,4,27,W,R,0
268,4,28,N,L,0
268,4,28,N,T,0
268,4,28,N,R,0
268,4,28,E,L,0
268,4,28,E,T,0
268,4,28,E,R,0
268,4,28,S,L,0
268,4,28,S,T,0
268,4,28,S,R,0
268,4,28,W,L,0
268,4,28,W,T,0
268,4,28,W,R,0
269,4,29,N,L,0
269,4,29,N,T,0
269,4,29,N,R,0
269,4,29,E,L,0
269,4,29,E,T,1
269,4,29,E,R,0
269,4,29,S,L,0
269,4,29,S,T,0
269,4,29,S,R,0
269,4,29,W,L,0
269,4,29,W,T,0
269,4,29,W,R,0
270,4,30,N,L,0
270,4,30,N,T,0
270,4,30,N,R,0
270,4,30,E,L,0
270,4,30,E,T,0
270,4,30,E,R,0
270,4,30,S,L,0
270,4,30,S,T,0
270,4,30,S,R,0
270,4,30,W,L,0
270,4,30,W,T,0
270,4,30,W,R,0
271,4,31,N,L,0
271,4,31,N,T,0
271,4,31,N,R,0
271,4,31,E,L,0
271,4,31,E,T,0
271,4,31,E,R,0
271,4,31,S,L,0
271,4,31,S,T,0
271,4,31,S,R,0
271,4,31,W,L,0
271,4,31,W,T,0
271,4,31,W,R,0
272,4,32,N,L,0
272,4,32,N,T,0
272,4,32,N,R,0
272,4,32,E,L,0
272,4,32,E,T,0
272,4,32,E,R,0
272,4,32,S,L,0
272,4,32,S,T,0
272,4,32,S,R,0
272,4,32,W,L,0
272,4,32,W,T,0
272,4,32,W,R,1
273,4,33,N,L,0
273,4,33,N,T,0
273,4,33,N,R,0
273,4,33,E,L,0
273,4,33,E,T,0
273,4,33,E,R,0
273,4,33,S,L,0
273,4,33,S,T,0
273,4,33,S,R,0
273,4,33,W,L,0
273,4,33,W,T,0
273,4,33,W,R,0
274,4,34,N,L,0
274,4,34,N,T,0
274,4,34,N,R,0
274,4,34,E,L,0
274,4,34,E,T,0
274,4,34,E,R,0
274,4,34,S,L,0
274,4,34,S,T,0
274,4,34,S,R,0
274,4,34,W,L,0
274,4,34,W,T,0
274,4,34,W,R,0
275,4,35,N,L,0
275,4,35,N,T,0
275,4,35,N,R,0
275,4,35,E,L,0
275,4,35,E,T,0
275,4,35,E,R,0
275,4,35,S,L,0
275,4,35,S,T,2
275,4,35,S,R,0
275,4,35,W,L,0
275,4,35,W,T,0
275,4,35,W,R,0
276,4,36,N,L,0
276,4,36,N,T,0
276,4,36,N,R,0
276,4,36,E,L,0
276,4,36,E,T,0
276,4,36,E,R,0
276,4,36,S,L,0
276,4,36,S,T,0
276,4,36,S,R,0
276,4,36,W,L,0
276,4,36,W,T,0
276,4,36,W,R,0
277,4,37,N,L,0
277,4,37,N,T,0
277,4,37,N,R,0
277,4,37,E,L,0
277,4,37,E,T,0
277,4,37,E,R,0
277,4,37,S,L,0
277,4,37,S,T,0
277,4,37,S,R,0
277,4,37,W,L,0
277,4,37,W,T,0
277,4,37,W,R,0
278,4,38,N,L,0
278,4,38,N,T,0
278,4,38,N,R,0
278,4,38,E,L,0
278,4,38,E,T,0
278,4,38,E,R,0
278,4,38,S,L,0
278,4,38,S,T,0
278,4,38,S,R,0
278,4,38,W,L,0
278,4,38,W,T,0
278,4,38,W,R,0
279,4,39,N,L,0
279,4,39,N,T,0
279,4,39,N,R,0
279,4,39,E,L,0
279,4,39,E,T,1
279,4,39,E,R,0
279,4,39,S,L,0
279,4,39,S,T,0
279,4,39,S,R,0
279,4,39,W,L,0
279,4,39,W,T,0
279,4,39,W,R,0
280,4,40,N,L,0
280,4,40,N,T,1
280,4,40,N,R,0
280,4,40,E,L,0
280,4,40,E,T,0
280,4,40,E,R,0
280,4,40,S,L,0
280,4,40,S,T,0
280,4,40,S,R,1
280,4,40,W,L,0
280,4,40,W,T,0
280,4,40,W,R,0
281,4,41,N,L,1
281,4,41,N,T,0
281,4,41,N,R,0
281,4,41,E,L,0
281,4,41,E,T,0
281,4,41,E,R,0
281,4,41,S,L,0
281,4,41,S,T,0
281,4,41,S,R,0
281,4,41,W,L,0
281,4,41,W,T,0
281,4,41,W,R,0
282,4,42,N,L,0
282,4,42,N,T,1
282,4,42,N,R,0
282,4,42,E,L,0
282,4,42,E,T,0
282,4,42,E,R,0
282,4,42,S,L,0
282,4,42,S,T,1
282,4,42,S,R,0
282,4,42,W,L,0
282,4,42,W,T,0
282,4,42,W,R,0
283,4,43,N,L,0
283,4,43,N,T,0
283,4,43,N,R,0
283,4,43,E,L,0
283,4,43,E,T,0
283,4,43,E,R,0
283,4,43,S,L,0
283,4,43,S,T,0
283,4,43,S,R,0
283,4,43,W,L,0
283,4,43,W,T,0
283,4,43,W,R,0
284,4,44,N,L,0
284,4,44,N,T,0
284,4,44,N,R,0
284,4,44,E,L,0
284,4,44,E,T,1
284,4,44,E,R,0
284,4,44,S,L,0
284,4,44,S,T,0
284,4,44,S,R,0
284,4,44,W,L,0
284,4,44,W,T,0
284,4,44,W,R,0
285,4,45,N,L,0
285,4,45,N,T,0
285,4,45,N,R,0
285,4,45,E,L,0
285,4,45,E,T,0
285,4,45,E,R,0
285,4,45,S,L,0
285,4,45,S,T,0
285,4,45,S,R,0
285,4,45,W,L,0
285,4,45,W,T,1
285,4,45,W,R,0
286,4,46,N,L,0
286,4,46,N,T,0
286,4,46,N,R,0
286,4,46,E,L,0
286,4,46,E,T,0
286,4,46,E,R,0
286,4,46,S,L,0
286,4,46,S,T,0
286,4,46,S,R,0
286,4,46,W,L,0
286,4,46,W,T,0
286,4,46,W,R,0
287,4,47,N,L,0
287,4,47,N,T,0
287,4,47,N,R,0
287,4,47,E,L,0
287,4,47,E,T,1
287,4,47,E,R,0
287,4,47,S,L,0
287,4,47,S,T,1
287,4,47,S,R,0
287,4,47,W,L,0
287,4,47,W,T,0
287,4,47,W,R,0
288,4,48,N,L,0
288,4,48,N,T,0
288,4,48,N,R,0
288,4,48,E,L,0
288,4,48,E,T,0
288,4,48,E,R,0
288,4,48,S,L,1
288,4,48,S,T,0
288,4,48,S,R,0
288,4,48,W,L,0
288,4,48,W,T,0
288,4,48,W,R,0
289,4,49,N,L,0
289,4,49,N,T,0
289,4,49,N,R,1
289,4,49,E,L,0
289,4,49,E,T,1
289,4,49,E,R,0
289,4,49,S,L,0
289,4,49,S,T,1
289,4,49,S,R,0
289,4,49,W,L,0
289,4,49,W,T,0
289,4,49,W,R,0
290,4,50,N,L,0
290,4,50,N,T,0
290,4,50,N,R,0
290,4,50,E,L,0
290,4,50,E,T,0
290,4,50,E,R,0
290,4,50,S,L,0
290,4,50,S,T,0
290,4,50,S,R,0
290,4,50,W,L,0
290,4,50,W,T,0
290,4,50,W,R,0
291,4,51,N,L,0
291,4,51,N,T,0
291,4,51,N,R,0
291,4,51,E,L,0
291,4,51,E,T,0
291,4,51,E,R,0
291,4,51,S,L,0
291,4,51,S,T,0
291,4,51,S,R,0
291,4,51,W,L,0
291,4,51,W,T,0
291,4,51,W,R,0
292,4,52,N,L,0
292,4,52,N,T,0
292,4,52,N,R,0
292,4,52,E,L,0
292,4,52,E,T,1
292,4,52,E,R,0
292,4,52,S,L,0
292,4,52,S,T,0
292,4,52,S,R,0
292,4,52,W,L,0
292,4,52,W,T,0
292,4,52,W,R,0
293,4,53,N,L,0
293,4,53,N,T,0
293,4,53,N,R,1
293,4,53,E,L,0
293,4,53,E,T,0
293,4,53,E,R,0
293,4,53,S,L,0
293,4,53,S,T,0
293,4,53,S,R,0
293,4,53,W,L,0
293,4,53,W,T,1
293,4,53,W,R,0
294,4,54,N,L,0
294,4,54,N,T,0
294,4,54,N,R,0
294,4,54,E,L,1
294,4,54,E,T,0
294,4,54,E,R,0
294,4,54,S,L,0
294,4,54,S,T,0
294,4,54,S,R,0
294,4,54,W,L,0
294,4,54,W,T,0
294,4,54,W,R,0
295,4,55,N,L,0
295,4,55,N,T,0
295,4,55,N,R,0
295,4,55,E,L,0
295,4,55,E,T,0
295,4,55,E,R,0
295,4,55,S,L,0
295,4,55,S,T,0
295,4,55,S,R,0
295,4,55,W,L,0
295,4,55,W,T,0
295,4,55,W,R,0
296,4,56,N,L,0
296,4,56,N,T,0
296,4,56,N,R,0
296,4,56,E,L,0
296,4,56,E,T,0
296,4,56,E,R,0
296,4,56,S,L,0
296,4,56,S,T,0
296,4,56,S,R,0
296,4,56,W,L,0
296,4,56,W,T,0
296,4,56,W,R,0
297,4,57,N,L,0
297,4,57,N,T,0
297,4,57,N,R,0
297,4,57,E,L,0
297,4,57,E,T,0
297,4,57,E,R,0
297,4,57,S,L,0
297,4,57,S,T,0
297,4,57,S,R,0
297,4,57,W,L,0
297,4,57,W,T,0
297,4,57,W,R,0
298,4,58,N,L,0
298,4,58,N,T,0
298,4,58,N,R,0
298,4,58,E,L,0
298,4,58,E,T,0
298,4,58,E,R,0
298,4,58,S,L,0
298,4,58,S,T,0
298,4,58,S,R,0
298,4,58,W,L,0
298,4,58,W,T,0
298,4,58,W,R,0
299,4,59,N,L,0
299,4,59,N,T,1
299,4,59,N,R,0
299,4,59,E,L,0
299,4,59,E,T,0
299,4,59,E,R,0
299,4,59,S,L,0
299,4,59,S,T,0
299,4,59,S,R,0
299,4,59,W,L,0
299,4,59,W,T,0
299,4,59,W,R,0
300,5,00,N,L,0
300,5,00,N,T,1
300,5,00,N,R,0
300,5,00,E,L,0
300,5,00,E,T,0
300,5,00,E,R,0
300,5,00,S,L,0
300,5,00,S,T,0
300,5,00,S,R,0
300,5,00,W,L,0
300,5,00,W,T,0
300,5,00,W,R,0
301,5,01,N,L,0
301,5,01,N,T,0
301,5,01,N,R,0
301,5,01,E,L,0
301,5,01,E,T,0
301,5,01,E,R,0
301,5,01,S,L,0
301,5,01,S,T,0
301,5,01,S,R,0
301,5,01,W,L,0
301,5,01,W,T,0
301,5,01,W,R,0
302,5,02,N,L,0
302,5,02,N,T,0
302,5,02,N,R,0
302,5,02,E,L,0
302,5,02,E,T,0
302,5,02,E,R,0
302,5,02,S,L,0
302,5,02,S,T,0
302,5,02,S,R,0
302,5,02,W,L,0
302,5,02,W,T,0
302,5,02,W,R,0
303,5,03,N,L,0
303,5,03,N,T,0
303,5,03,N,R,0
303,5,03,E,L,0
303,5,03,E,T,0
303,5,03,E,R,0
303,5,03,S,L,0
303,5,03,S,T,0
303,5,03,S,R,0
303,5,03,W,L,0
303,5,03,W,T,0
303,5,03,W,R,0
304,5,04,N,L,0
304,5,04,N,T,0
304,5,04,N,R,0
304,5,04,E,L,0
304,5,04,E,T,1
304,5,04,E,R,0
304,5,04,S,L,0
304,5,04,S,T,0
304,5,04,S,R,0
304,5,04,W,L,0
304,5,04,W,T,0
304,5,04,W,R,0
305,5,05,N,L,0
305,5,05,N,T,0
305,5,05,N,R,0
305,5,05,E,L,0
305,5,05,E,T,0
305,5,05,E,R,0
305,5,05,S,L,0
305,5,05,S,T,1
305,5,05,S,R,0
305,5,05,W,L,0
305,5,05,W,T,0
305,5,05,W,R,0
306,5,06,N,L,0
306,5,06,N,T,0
306,5,06,N,R,0
306,5,06,E,L,0
306,5,06,E,T,0
306,5,06,E,R,0
306,5,06,S,L,0
306,5,06,S,T,0
306,5,06,S,R,0
306,5,06,W,L,0
306,5,06,W,T,0
306,5,06,W,R,0
307,5,07,N,L,0
307,5,07,N,T,1
307,5,07,N,R,0
307,5,07,E,L,0
307,5,07,E,T,0
307,5,07,E,R,0
307,5,07,S,L,0
307,5,07,S,T,0
307,5,07,S,R,0
307,5,07,W,L,0
307,5,07,W,T,0
307,5,07,W,R,0
308,5,08,N,L,0
308,5,08,N,T,0
308,5,08,N,R,0
308,5,08,E,L,0
308,5,08,E,T,0
308,5,08,E,R,1
308,5,08,S,L,0
308,5,08,S,T,0
308,5,08,S,R,0
308,5,08,W,L,0
308,5,08,W,T,0
308,5,08,W,R,0
309,5,09,N,L,0
309,5,09,N,T,0
309,5,09,N,R,0
309,5,09,E,L,0
309,5,09,E,T,0
309,5,09,E,R,0
309,5,09,S,L,0
309,5,09,S,T,1
309,5,09,S,R,0
309,5,09,W,L,0
309,5,09,W,T,0
309,5,09,W,R,0
310,5,10,N,L,0
310,5,10,N,T,0
310,5,10,N,R,0
310,5,10,E,L,1
310,5,10,E,T,0
310,5,10,E,R,0
310,5,10,S,L,0
310,5,10,S,T,2
310,5,10,S,R,0
310,5,10,W,L,0
310,5,10,W,T,0
310,5,10,W,R,0
311,5,11,N,L,0
311,5,11,N,T,0
311,5,11,N,R,0
311,5,11,E,L,0
311,5,11,E,T,0
311,5,11,E,R,0
311,5,11,S,L,0
311,5,11,S,T,1
311,5,11,S,R,0
311,5,11,W,L,0
311,5,11,W,T,0
311,5,11,W,R,0
312,5,12,N,L,0
312,5,12,N,T,0
312,5,12,N,R,0
312,5,12,E,L,0
312,5,12,E,T,0
312,5,12,E,R,0
312,5,12,S,L,0
312,5,12,S,T,0
312,5,12,S,R,0
312,5,12,W,L,0
312,5,12,W,T,0
312,5,12,W,R,0
313,5,13,N,L,0
313,5,13,N,T,0
313,5,13,N,R,0
313,5,13,E,L,0
313,5,13,E,T,0
313,5,13,E,R,0
313,5,13,S,L,0
313,5,13,S,T,0
313,5,13,S,R,0
313,5,13,W,L,0
313,5,13,W,T,0
313,5,13,W,R,0
314,5,14,N,L,0
314,5,14,N,T,1
314,5,14,N,R,0
314,5,14,E,L,0
314,5,14,E,T,0
314,5,14,E,R,0
314,5,14,S,L,0
314,5,14,S,T,0
314,5,14,S,R,0
314,5,14,W,L,0
314,5,14,W,T,0
314,5,14,W,R,0
315,5,15,N,L,1
315,5,15,N,T,0
315,5,15,N,R,0
315,5,15,E,L,0
315,5,15,E,T,0
315,5,15,E,R,0
315,5,15,S,L,0
315,5,15,S,T,0
315,5,15,S,R,0
315,5,15,W,L,0
315,5,15,W,T,0
315,5,15,W,R,0
316,5,16,N,L,0
316,5,16,N,T,0
316,5,16,N,R,0
316,5,16,E,L,0
316,5,16,E,T,0
316,5,16,E,R,0
316,5,16,S,L,0
316,5,16,S,T,0
316,5,16,S,R,0
316,5,16,W,L,0
316,5,16,W,T,0
316,5,16,W,R,0
317,5,17,N,L,1
317,5,17,N,T,0
317,5,17,N,R,0
317,5,17,E,L,1
317,5,17,E,T,0
317,5,17,E,R,0
317,5,17,S,L,0
317,5,17,S,T,0
317,5,17,S,R,0
317,5,17,W,L,0
317,5,17,W,T,0
317,5,17,W,R,0
318,5,18,N,L,0
318,5,18,N,T,0
318,5,18,N,R,0
318,5,18,E,L,0
318,5,18,E,T,0
318,5,18,E,R,0
318,5,18,S,L,0
318,5,18,S,T,0
318,5,18,S,R,0
318,5,18,W,L,0
318,5,18,W,T,0
318,5,18,W,R,0
319,5,19,N,L,0
319,5,19,N,T,0
319,5,19,N,R,0
319,5,19,E,L,0
319,5,19,E,T,0
319,5,19,E,R,0
319,5,19,S,L,0
319,5,19,S,T,0
319,5,19,S,R,0
319,5,19,W,L,0
319,5,19,W,T,0
319,5,19,W,R,0
320,5,20,N,L,0
320,5,20,N,T,0
320,5,20,N,R,0
320,5,20,E,L,0
320,5,20,E,T,0
320,5,20,E,R,0
320,5,20,S,L,0
320,5,20,S,T,0
320,5,20,S,R,0
320,5,20,W,L,0
320,5,20,W,T,0
320,5,20,W,R,0
321,5,21,N,L,0
321,5,21,N,T,0
321,5,21,N,R,0
321,5,21,E,L,0
321,5,21,E,T,0
321,5,21,E,R,0
321,5,21,S,L,0
321,5,21,S,T,1
321,5,21,S,R,0
321,5,21,W,L,0
321,5,21,W,T,1
321,5,21,W,R,0
322,5,22,N,L,0
322,5,22,N,T,0
322,5,22,N,R,0
322,5,22,E,L,0
322,5,22,E,T,0
322,5,22,E,R,0
322,5,22,S,L,0
322,5,22,S,T,0
322,5,22,S,R,0
322,5,22,W,L,0
322,5,22,W,T,0
322,5,22,W,R,0
323,5,23,N,L,0
323,5,23,N,T,0
323,5,23,N,R,0
323,5,23,E,L,0
323,5,23,E,T,0
323,5,23,E,R,0
323,5,23,S,L,0
323,5,23,S,T,2
323,5,23,S,R,0
323,5,23,W,L,0
323,5,23,W,T,0
323,5,23,W,R,0
324,5,24,N,L,0
324,5,24,N,T,0
324,5,24,N,R,0
324,5,24,E,L,0
324,5,24,E,T,0
324,5,24,E,R,0
324,5,24,S,L,0
324,5,24,S,T,0
324,5,24,S,R,0
324,5,24,W,L,0
324,5,24,W,T,0
324,5,24,W,R,0
325,5,25,N,L,0
325,5,25,N,T,0
325,5,25,N,R,0
325,5,25,E,L,0
325,5,25,E,T,0
325,5,25,E,R,1
325,5,25,S,L,0
325,5,25,S,T,0
325,5,25,S,R,0
325,5,25,W,L,0
325,5,25,W,T,0
325,5,25,W,R,0
326,5,26,N,L,0
326,5,26,N,T,0
326,5,26,N,R,0
326,5,26,E,L,0
326,5,26,E,T,0
326,5,26,E,R,0
326,5,26,S,L,0
326,5,26,S,T,0
326,5,26,S,R,0
326,5,26,W,L,0
326,5,26,W,T,0
326,5,26,W,R,0
327,5,27,N,L,0
327,5,27,N,T,0
327,5,27,N,R,0
327,5,27,E,L,0
327,5,27,E,T,0
327,5,27,E,R,0
327,5,27,S,L,0
327,5,27,S,T,0
327,5,27,S,R,1
327,5,27,W,L,0
327,5,27,W,T,0
327,5,27,W,R,0
328,5,28,N,L,0
328,5,28,N,T,0
328,5,28,N,R,0
328,5,28,E,L,0
328,5,28,E,T,0
328,5,28,E,R,0
328,5,28,S,L,0
328,5,28,S,T,0
328,5,28,S,R,0
328,5,28,W,L,0
328,5,28,W,T,0
328,5,28,W,R,0
329,5,29,N,L,0
329,5,29,N,T,0
329,5,29,N,R,0
329,5,29,E,L,0
329,5,29,E,T,0
329,5,29,E,R,0
329,5,29,S,L,0
329,5,29,S,T,0
329,5,29,S,R,0
329,5,29,W,L,0
329,5,29,W,T,0
329,5,29,W,R,0
330,5,30,N,L,0
330,5,30,N,T,0
330,5,30,N,R,0
330,5,30,E,L,0
330,5,30,E,T,0
330,5,30,E,R,0
330,5,30,S,L,0
330,5,30,S,T,0
330,5,30,S,R,0
330,5,30,W,L,0
330,5,30,W,T,0
330,5,30,W,R,0
331,5,31,N,L,0
331,5,31,N,T,0
331,5,31,N,R,0
331,5,31,E,L,0
331,5,31,E,T,0
331,5,31,E,R,0
331,5,31,S,L,0
331,5,31,S,T,0
331,5,31,S,R,0
331,5,31,W,L,0
331,5,31,W,T,0
331,5,31,W,R,0
332,5,32,N,L,0
332,5,32,N,T,1
332,5,32,N,R,0
332,5,32,E,L,0
332,5,32,E,T,0
332,5,32,E,R,0
332,5,32,S,L,0
332,5,32,S,T,0
332,5,32,S,R,0
332,5,32,W,L,0
332,5,32,W,T,1
332,5,32,W,R,0
333,5,33,N,L,0
333,5,33,N,T,0
333,5,33,N,R,0
333,5,33,E,L,0
333,5,33,E,T,0
333,5,33,E,R,0
333,5,33,S,L,0
333,5,33,S,T,1
333,5,33,S,R,1
333,5,33,W,L,0
333,5,33,W,T,0
333,5,33,W,R,0
334,5,34,N,L,0
334,5,34,N,T,0
334,5,34,N,R,0
334,5,34,E,L,0
334,5,34,E,T,0
334,5,34,E,R,0
334,5,34,S,L,0
334,5,34,S,T,0
334,5,34,S,R,0
334,5,34,W,L,0
334,5,34,W,T,0
334,5,34,W,R,0
335,5,35,N,L,0
335,5,35,N,T,0
335,5,35,N,R,0
335,5,35,E,L,0
335,5,35,E,T,1
335,5,35,E,R,0
335,5,35,S,L,0
335,5,35,S,T,1
335,5,35,S,R,0
335,5,35,W,L,0
335,5,35,W,T,0
335,5,35,W,R,0
336,5,36,N,L,0
336,5,36,N,T,0
336,5,36,N,R,0
336,5,36,E,L,0
336,5,36,E,T,0
336,5,36,E,R,0
336,5,36,S,L,0
336,5,36,S,T,0
336,5,36,S,R,0
336,5,36,W,L,0
336,5,36,W,T,0
336,5,36,W,R,0
337,5,37,N,L,0
337,5,37,N,T,0
337,5,37,N,R,0
337,5,37,E,L,0
337,5,37,E,T,0
337,5,37,E,R,0
337,5,37,S,L,0
337,5,37,S,T,0
337,5,37,S,R,0
337,5,37,W,L,1
337,5,37,W,T,0
337,5,37,W,R,0
338,5,38,N,L,0
338,5,38,N,T,0
338,5,38,N,R,0
338,5,38,E,L,0
338,5,38,E,T,1
338,5,38,E,R,0
338,5,38,S,L,1
338,5,38,S,T,0
338,5,38,S,R,0
338,5,38,W,L,0
338,5,38,W,T,0
338,5,38,W,R,0
339,5,39,N,L,0
339,5,39,N,T,0
339,5,39,N,R,0
339,5,39,E,L,0
339,5,39,E,T,0
339,5,39,E,R,0
339,5,39,S,L,0
339,5,39,S,T,0
339,5,39,S,R,0
339,5,39,W,L,0
339,5,39,W,T,0
339,5,39,W,R,0
340,5,40,N,L,0
340,5,40,N,T,0
340,5,40,N,R,0
340,5,40,E,L,0
340,5,40,E,T,0
340,5,40,E,R,0
340,5,40,S,L,0
340,5,40,S,T,0
340,5,40,S,R,0
340,5,40,W,L,0
340,5,40,W,T,0
340,5,40,W,R,0
341,5,41,N,L,0
341,5,41,N,T,0
341,5,41,N,R,0
341,5,41,E,L,0
341,5,41,E,T,0
341,5,41,E,R,0
341,5,41,S,L,0
341,5,41,S,T,0
341,5,41,S,R,0
341,5,41,W,L,0
341,5,41,W,T,0
341,5,41,W,R,0
342,5,42,N,L,0
342,5,42,N,T,0
342,5,42,N,R,0
342,5,42,E,L,0
342,5,42,E,T,0
342,5,42,E,R,0
342,5,42,S,L,1
342,5,42,S,T,0
342,5,42,S,R,0
342,5,42,W,L,0
342,5,42,W,T,0
342,5,42,W,R,0
343,5,43,N,L,0
343,5,43,N,T,1
343,5,43,N,R,0
343,5,43,E,L,0
343,5,43,E,T,1
343,5,43,E,R,0
343,5,43,S,L,0
343,5,43,S,T,0
343,5,43,S,R,0
343,5,43,W,L,0
343,5,43,W,T,0
343,5,43,W,R,0
344,5,44,N,L,0
344,5,44,N,T,0
344,5,44,N,R,0
344,5,44,E,L,0
344,5,44,E,T,1
344,5,44,E,R,0
344,5,44,S,L,0
344,5,44,S,T,0
344,5,44,S,R,0
344,5,44,W,L,0
344,5,44,W,T,0
344,5,44,W,R,0
345,5,45,N,L,0
345,5,45,N,T,1
345,5,45,N,R,0
345,5,45,E,L,0
345,5,45,E,T,0
345,5,45,E,R,0
345,5,45,S,L,0
345,5,45,S,T,0
345,5,45,S,R,0
345,5,45,W,L,0
345,5,45,W,T,0
345,5,45,W,R,0
346,5,46,N,L,0
346,5,46,N,T,0
346,5,46,N,R,0
346,5,46,E,L,0
346,5,46,E,T,0
346,5,46,E,R,0
346,5,46,S,L,0
346,5,46,S,T,0
346,5,46,S,R,0
346,5,46,W,L,0
346,5,46,W,T,2
346,5,46,W,R,0
347,5,47,N,L,0
347,5,47,N,T,0
347,5,47,N,R,0
347,5,47,E,L,0
347,5,47,E,T,0
347,5,47,E,R,0
347,5,47,S,L,0
347,5,47,S,T,0
347,5,47,S,R,0
347,5,47,W,L,0
347,5,47,W,T,0
347,5,47,W,R,0
348,5,48,N,L,0
348,5,48,N,T,0
348,5,48,N,R,0
348,5,48,E,L,0
348,5,48,E,T,0
348,5,48,E,R,0
348,5,48,S,L,0
348,5,48,S,T,0
348,5,48,S,R,0
348,5,48,W,L,0
348,5,48,W,T,0
348,5,48,W,R,0
349,5,49,N,L,0
349,5,49,N,T,1
349,5,49,N,R,0
349,5,49,E,L,0
349,5,49,E,T,0
349,5,49,E,R,0
349,5,49,S,L,0
349,5,49,S,T,0
349,5,49,S,R,0
349,5,49,W,L,0
349,5,49,W,T,0
349,5,49,W,R,0
350,5,50,N,L,0
350,5,50,N,T,0
350,5,50,N,R,0
350,5,50,E,L,0
350,5,50,E,T,0
350,5,50,E,R,0
350,5,50,S,L,0
350,5,50,S,T,0
350,5,50,S,R,0
350,5,50,W,L,0
350,5,50,W,T,1
350,5,50,W,R,0
351,5,51,N,L,0
351,5,51,N,T,0
351,5,51,N,R,0
351,5,51,E,L,0
351,5,51,E,T,0
351,5,51,E,R,0
351,5,51,S,L,0
351,5,51,S,T,0
351,5,51,S,R,0
351,5,51,W,L,0
351,5,51,W,T,0
351,5,51,W,R,0
352,5,52,N,L,0
352,5,52,N,T,1
352,5,52,N,R,0
352,5,52,E,L,0
352,5,52,E,T,0
352,5,52,E,R,0
352,5,52,S,L,0
352,5,52,S,T,0
352,5,52,S,R,1
352,5,52,W,L,0
352,5,52,W,T,1
352,5,52,W,R,0
353,5,53,N,L,0
353,5,53,N,T,0
353,5,53,N,R,0
353,5,53,E,L,0
353,5,53,E,T,0
353,5,53,E,R,0
353,5,53,S,L,0
353,5,53,S,T,0
353,5,53,S,R,0
353,5,53,W,L,1
353,5,53,W,T,0
353,5,53,W,R,0
354,5,54,N,L,0
354,5,54,N,T,1
354,5,54,N,R,0
354,5,54,E,L,1
354,5,54,E,T,0
354,5,54,E,R,0
354,5,54,S,L,0
354,5,54,S,T,0
354,5,54,S,R,0
354,5,54,W,L,0
354,5,54,W,T,0
354,5,54,W,R,0
355,5,55,N,L,0
355,5,55,N,T,1
355,5,55,N,R,0
355,5,55,E,L,0
355,5,55,E,T,0
355,5,55,E,R,0
355,5,55,S,L,0
355,5,55,S,T,0
355,5,55,S,R,0
355,5,55,W,L,0
355,5,55,W,T,0
355,5,55,W,R,0
356,5,56,N,L,0
356,5,56,N,T,0
356,5,56,N,R,0
356,5,56,E,L,0
356,5,56,E,T,0
356,5,56,E,R,0
356,5,56,S,L,1
356,5,56,S,T,1
356,5,56,S,R,0
356,5,56,W,L,0
356,5,56,W,T,0
356,5,56,W,R,0
357,5,57,N,L,1
357,5,57,N,T,1
357,5,57,N,R,0
357,5,57,E,L,0
357,5,57,E,T,0
357,5,57,E,R,0
357,5,57,S,L,0
357,5,57,S,T,1
357,5,57,S,R,0
357,5,57,W,L,0
357,5,57,W,T,0
357,5,57,W,R,0
358,5,58,N,L,0
358,5,58,N,T,0
358,5,58,N,R,0
358,5,58,E,L,0
358,5,58,E,T,1
358,5,58,E,R,0
358,5,58,S,L,0
358,5,58,S,T,0
358,5,58,S,R,0
358,5,58,W,L,0
358,5,58,W,T,0
358,5,58,W,R,0
359,5,59,N,L,0
359,5,59,N,T,0
359,5,59,N,R,0
359,5,59,E,L,0
359,5,59,E,T,0
359,5,59,E,R,0
359,5,59,S,L,0
359,5,59,S,T,1
359,5,59,S,R,0
359,5,59,W,L,0
359,5,59,W,T,0
359,5,59,W,R,0
360,6,00,N,L,0
360,6,00,N,T,1
360,6,00,N,R,0
360,6,00,E,L,0
360,6,00,E,T,0
360,6,00,E,R,0
360,6,00,S,L,0
360,6,00,S,T,0
360,6,00,S,R,0
360,6,00,W,L,0
360,6,00,W,T,0
360,6,00,W,R,0
361,6,01,N,L,0
361,6,01,N,T,0
361,6,01,N,R,0
361,6,01,E,L,0
361,6,01,E,T,1
361,6,01,E,R,0
361,6,01,S,L,0
361,6,01,S,T,0
361,6,01,S,R,0
361,6,01,W,L,0
361,6,01,W,T,0
361,6,01,W,R,0
362,6,02,N,L,0
362,6,02,N,T,0
362,6,02,N,R,0
362,6,02,E,L,0
362,6,02,E,T,0
362,6,02,E,R,0
362,6,02,S,L,0
362,6,02,S,T,0
362,6,02,S,R,0
362,6,02,W,L,0
362,6,02,W,T,1
362,6,02,W,R,0
363,6,03,N,L,0
363,6,03,N,T,0
363,6,03,N,R,0
363,6,03,E,L,0
363,6,03,E,T,1
363,6,03,E,R,0
363,6,03,S,L,0
363,6,03,S,T,2
363,6,03,S,R,0
363,6,03,W,L,0
363,6,03,W,T,0
363,6,03,W,R,0
364,6,04,N,L,0
364,6,04,N,T,0
364,6,04,N,R,0
364,6,04,E,L,0
364,6,04,E,T,0
364,6,04,E,R,0
364,6,04,S,L,0
364,6,04,S,T,1
364,6,04,S,R,0
364,6,04,W,L,0
364,6,04,W,T,0
364,6,04,W,R,0
365,6,05,N,L,0
365,6,05,N,T,1
365,6,05,N,R,0
365,6,05,E,L,0
365,6,05,E,T,0
365,6,05,E,R,0
365,6,05,S,L,0
365,6,05,S,T,0
365,6,05,S,R,0
365,6,05,W,L,0
365,6,05,W,T,0
365,6,05,W,R,0
366,6,06,N,L,0
366,6,06,N,T,0
366,6,06,N,R,0
366,6,06,E,L,0
366,6,06,E,T,1
366,6,06,E,R,0
366,6,06,S,L,0
366,6,06,S,T,0
366,6,06,S,R,0
366,6,06,W,L,0
366,6,06,W,T,0
366,6,06,W,R,0
367,6,07,N,L,0
367,6,07,N,T,1
367,6,07,N,R,0
367,6,07,E,L,0
367,6,07,E,T,0
367,6,07,E,R,0
367,6,07,S,L,0
367,6,07,S,T,0
367,6,07,S,R,0
367,6,07,W,L,0
367,6,07,W,T,0
367,6,07,W,R,0
368,6,08,N,L,0
368,6,08,N,T,0
368,6,08,N,R,0
368,6,08,E,L,0
368,6,08,E,T,0
368,6,08,E,R,0
368,6,08,S,L,0
368,6,08,S,T,0
368,6,08,S,R,0
368,6,08,W,L,0
368,6,08,W,T,0
368,6,08,W,R,0
369,6,09,N,L,0
369,6,09,N,T,0
369,6,09,N,R,0
369,6,09,E,L,0
369,6,09,E,T,0
369,6,09,E,R,0
369,6,09,S,L,0
369,6,09,S,T,0
369,6,09,S,R,0
369,6,09,W,L,0
369,6,09,W,T,0
369,6,09,W,R,0
370,6,10,N,L,0
370,6,10,N,T,0
370,6,10,N,R,0
370,6,10,E,L,0
370,6,10,E,T,0
370,6,10,E,R,0
370,6,10,S,L,0
370,6,10,S,T,0
370,6,10,S,R,0
370,6,10,W,L,0
370,6,10,W,T,0
370,6,10,W,R,0
371,6,11,N,L,0
371,6,11,N,T,0
371,6,11,N,R,0
371,6,11,E,L,0
371,6,11,E,T,1
371,6,11,E,R,0
371,6,11,S,L,0
371,6,11,S,T,0
371,6,11,S,R,0
371,6,11,W,L,0
371,6,11,W,T,0
371,6,11,W,R,0
372,6,12,N,L,0
372,6,12,N,T,0
372,6,12,N,R,0
372,6,12,E,L,0
372,6,12,E,T,0
372,6,12,E,R,0
372,6,12,S,L,0
372,6,12,S,T,0
372,6,12,S,R,0
372,6,12,W,L,0
372,6,12,W,T,0
372,6,12,W,R,0
373,6,13,N,L,0
373,6,13,N,T,1
373,6,13,N,R,0
373,6,13,E,L,0
373,6,13,E,T,0
373,6,13,E,R,0
373,6,13,S,L,0
373,6,13,S,T,0
373,6,13,S,R,0
373,6,13,W,L,0
373,6,13,W,T,0
373,6,13,W,R,0
374,6,14,N,L,0
374,6,14,N,T,0
374,6,14,N,R,0
374,6,14,E,L,0
374,6,14,E,T,0
374,6,14,E,R,0
374,6,14,S,L,0
374,6,14,S,T,0
374,6,14,S,R,0
374,6,14,W,L,0
374,6,14,W,T,0
374,6,14,W,R,0
375,6,15,N,L,0
375,6,15,N,T,0
375,6,15,N,R,0
375,6,15,E,L,0
375,6,15,E,T,0
375,6,15,E,R,0
375,6,15,S,L,0
375,6,15,S,T,1
375,6,15,S,R,0
375,6,15,W,L,0
375,6,15,W,T,0
375,6,15,W,R,0
376,6,16,N,L,0
376,6,16,N,T,0
376,6,16,N,R,1
376,6,16,E,L,0
376,6,16,E,T,0
376,6,16,E,R,0
376,6,16,S,L,0
376,6,16,S,T,0
376,6,16,S,R,0
376,6,16,W,L,0
376,6,16,W,T,0
376,6,16,W,R,0
377,6,17,N,L,0
377,6,17,N,T,0
377,6,17,N,R,0
377,6,17,E,L,0
377,6,17,E,T,1
377,6,17,E,R,0
377,6,17,S,L,0
377,6,17,S,T,1
377,6,17,S,R,0
377,6,17,W,L,0
377,6,17,W,T,1
377,6,17,W,R,0
378,6,18,N,L,0
378,6,18,N,T,0
378,6,18,N,R,0
378,6,18,E,L,0
378,6,18,E,T,0
378,6,18,E,R,0
378,6,18,S,L,0
378,6,18,S,T,0
378,6,18,S,R,0
378,6,18,W,L,0
378,6,18,W,T,0
378,6,18,W,R,0
379,6,19,N,L,0
379,6,19,N,T,0
379,6,19,N,R,0
379,6,19,E,L,0
379,6,19,E,T,0
379,6,19,E,R,0
379,6,19,S,L,0
379,6,19,S,T,1
379,6,19,S,R,0
379,6,19,W,L,0
379,6,19,W,T,1
379,6,19,W,R,1
380,6,20,N,L,0
380,6,20,N,T,0
380,6,20,N,R,0
380,6,20,E,L,0
380,6,20,E,T,1
380,6,20,E,R,0
380,6,20,S,L,0
380,6,20,S,T,0
380,6,20,S,R,0
380,6,20,W,L,0
380,6,20,W,T,0
380,6,20,W,R,0
381,6,21,N,L,0
381,6,21,N,T,0
381,6,21,N,R,0
381,6,21,E,L,0
381,6,21,E,T,0
381,6,21,E,R,0
381,6,21,S,L,0
381,6,21,S,T,0
381,6,21,S,R,0
381,6,21,W,L,0
381,6,21,W,T,0
381,6,21,W,R,0
382,6,22,N,L,0
382,6,22,N,T,0
382,6,22,N,R,0
382,6,22,E,L,0
382,6,22,E,T,0
382,6,22,E,R,0
382,6,22,S,L,0
382,6,22,S,T,1
382,6,22,S,R,0
382,6,22,W,L,0
382,6,22,W,T,0
382,6,22,W,R,0
383,6,23,N,L,0
383,6,23,N,T,0
383,6,23,N,R,0
383,6,23,E,L,0
383,6,23,E,T,0
383,6,23,E,R,0
383,6,23,S,L,0
383,6,23,S,T,0
383,6,23,S,R,0
383,6,23,W,L,0
383,6,23,W,T,0
383,6,23,W,R,0
384,6,24,N,L,0
384,6,24,N,T,0
384,6,24,N,R,0
384,6,24,E,L,0
384,6,24,E,T,0
384,6,24,E,R,0
384,6,24,S,L,0
384,6,24,S,T,0
384,6,24,S,R,0
384,6,24,W,L,0
384,6,24,W,T,0
384,6,24,W,R,0
385,6,25,N,L,1
385,6,25,N,T,0
385,6,25,N,R,0
385,6,25,E,L,0
385,6,25,E,T,0
385,6,25,E,R,0
385,6,25,S,L,1
385,6,25,S,T,0
385,6,25,S,R,0
385,6,25,W,L,0
385,6,25,W,T,0
385,6,25,W,R,0
386,6,26,N,L,0
386,6,26,N,T,1
386,6,26,N,R,0
386,6,26,E,L,0
386,6,26,E,T,0
386,6,26,E,R,0
386,6,26,S,L,0
386,6,26,S,T,0
386,6,26,S,R,0
386,6,26,W,L,0
386,6,26,W,T,0
386,6,26,W,R,0
387,6,27,N,L,0
387,6,27,N,T,0
387,6,27,N,R,0
387,6,27,E,L,0
387,6,27,E,T,2
387,6,27,E,R,0
387,6,27,S,L,0
387,6,27,S,T,0
387,6,27,S,R,0
387,6,27,W,L,0
387,6,27,W,T,1
387,6,27,W,R,0
388,6,28,N,L,0
388,6,28,N,T,0
388,6,28,N,R,0
388,6,28,E,L,0
388,6,28,E,T,0
388,6,28,E,R,0
388,6,28,S,L,0
388,6,28,S,T,0
388,6,28,S,R,0
388,6,28,W,L,0
388,6,28,W,T,0
388,6,28,W,R,0
389,6,29,N,L,0
389,6,29,N,T,1
389,6,29,N,R,0
389,6,29,E,L,0
389,6,29,E,T,0
389,6,29,E,R,0
389,6,29,S,L,0
389,6,29,S,T,0
389,6,29,S,R,0
389,6,29,W,L,0
389,6,29,W,T,0
389,6,29,W,R,0
390,6,30,N,L,0
390,6,30,N,T,0
390,6,30,N,R,0
390,6,30,E,L,0
390,6,30,E,T,0
390,6,30,E,R,0
390,6,30,S,L,0
390,6,30,S,T,0
390,6,30,S,R,0
390,6,30,W,L,0
390,6,30,W,T,0
390,6,30,W,R,0
391,6,31,N,L,0
391,6,31,N,T,0
391,6,31,N,R,0
391,6,31,E,L,0
391,6,31,E,T,0
391,6,31,E,R,0
391,6,31,S,L,0
391,6,31,S,T,0
391,6,31,S,R,0
391,6,31,W,L,0
391,6,31,W,T,1
391,6,31,W,R,0
392,6,32,N,L,0
392,6,32,N,T,0
392,6,32,N,R,0
392,6,32,E,L,0
392,6,32,E,T,0
392,6,32,E,R,0
392,6,32,S,L,0
392,6,32,S,T,0
392,6,32,S,R,0
392,6,32,W,L,0
392,6,32,W,T,0
392,6,32,W,R,0
393,6,33,N,L,0
393,6,33,N,T,0
393,6,33,N,R,0
393,6,33,E,L,0
393,6,33,E,T,0
393,6,33,E,R,0
393,6,33,S,L,0
393,6,33,S,T,1
393,6,33,S,R,0
393,6,33,W,L,0
393,6,33,W,T,0
393,6,33,W,R,0
394,6,34,N,L,0
394,6,34,N,T,1
394,6,34,N,R,0
394,6,34,E,L,0
394,6,34,E,T,0
394,6,34,E,R,0
394,6,34,S,L,0
394,6,34,S,T,1
394,6,34,S,R,0
394,6,34,W,L,0
394,6,34,W,T,0
394,6,34,W,R,0
395,6,35,N,L,0
395,6,35,N,T,0
395,6,35,N,R,0
395,6,35,E,L,0
395,6,35,E,T,0
395,6,35,E,R,0
395,6,35,S,L,0
395,6,35,S,T,0
395,6,35,S,R,0
395,6,35,W,L,0
395,6,35,W,T,0
395,6,35,W,R,0
396,6,36,N,L,0
396,6,36,N,T,0
396,6,36,N,R,0
396,6,36,E,L,0
396,6,36,E,T,0
396,6,36,E,R,0
396,6,36,S,L,0
396,6,36,S,T,0
396,6,36,S,R,0
396,6,36,W,L,0
396,6,36,W,T,1
396,6,36,W,R,0
397,6,37,N,L,0
397,6,37,N,T,0
397,6,37,N,R,0
397,6,37,E,L,1
397,6,37,E,T,0
397,6,37,E,R,0
397,6,37,S,L,0
397,6,37,S,T,1
397,6,37,S,R,0
397,6,37,W,L,0
397,6,37,W,T,0
397,6,37,W,R,0
398,6,38,N,L,0
398,6,38,N,T,0
398,6,38,N,R,0
398,6,38,E,L,0
398,6,38,E,T,0
398,6,38,E,R,0
398,6,38,S,L,0
398,6,38,S,T,0
398,6,38,S,R,0
398,6,38,W,L,0
398,6,38,W,T,0
398,6,38,W,R,0
399,6,39,N,L,0
399,6,39,N,T,0
399,6,39,N,R,0
399,6,39,E,L,0
399,6,39,E,T,0
399,6,39,E,R,0
399,6,39,S,L,0
399,6,39,S,T,1
399,6,39,S,R,0
399,6,39,W,L,0
399,6,39,W,T,0
399,6,39,W,R,0
400,6,40,N,L,1
400,6,40,N,T,0
400,6,40,N,R,0
400,6,40,E,L,0
400,6,40,E,T,1
400,6,40,E,R,0
400,6,40,S,L,0
400,6,40,S,T,0
400,6,40,S,R,0
400,6,40,W,L,0
400,6,40,W,T,0
400,6,40,W,R,0
401,6,41,N,L,0
401,6,41,N,T,0
401,6,41,N,R,0
401,6,41,E,L,0
401,6,41,E,T,0
401,6,41,E,R,0
401,6,41,S,L,0
401,6,41,S,T,0
401,6,41,S,R,0
401,6,41,W,L,0
401,6,41,W,T,0
401,6,41,W,R,1
402,6,42,N,L,0
402,6,42,N,T,1
402,6,42,N,R,0
402,6,42,E,L,0
402,6,42,E,T,0
402,6,42,E,R,0
402,6,42,S,L,0
402,6,42,S,T,0
402,6,42,S,R,0
402,6,42,W,L,0
402,6,42,W,T,1
402,6,42,W,R,0
403,6,43,N,L,0
403,6,43,N,T,0
403,6,43,N,R,0
403,6,43,E,L,0
403,6,43,E,T,1
403,6,43,E,R,0
403,6,43,S,L,0
403,6,43,S,T,0
403,6,43,S,R,0
403,6,43,W,L,0
403,6,43,W,T,0
403,6,43,W,R,0
404,6,44,N,L,0
404,6,44,N,T,0
404,6,44,N,R,0
404,6,44,E,L,0
404,6,44,E,T,0
404,6,44,E,R,0
404,6,44,S,L,0
404,6,44,S,T,0
404,6,44,S,R,0
404,6,44,W,L,0
404,6,44,W,T,0
404,6,44,W,R,0
405,6,45,N,L,0
405,6,45,N,T,1
405,6,45,N,R,0
405,6,45,E,L,0
405,6,45,E,T,0
405,6,45,E,R,0
405,6,45,S,L,0
405,6,45,S,T,0
405,6,45,S,R,0
405,6,45,W,L,0
405,6,45,W,T,0
405,6,45,W,R,0
406,6,46,N,L,0
406,6,46,N,T,0
406,6,46,N,R,0
406,6,46,E,L,0
406,6,46,E,T,0
406,6,46,E,R,0
406,6,46,S,L,0
406,6,46,S,T,0
406,6,46,S,R,0
406,6,46,W,L,0
406,6,46,W,T,0
406,6,46,W,R,0
407,6,47,N,L,0
407,6,47,N,T,1
407,6,47,N,R,0
407,6,47,E,L,0
407,6,47,E,T,0
407,6,47,E,R,0
407,6,47,S,L,0
407,6,47,S,T,0
407,6,47,S,R,0
407,6,47,W,L,0
407,6,47,W,T,0
407,6,47,W,R,0
408,6,48,N,L,0
408,6,48,N,T,0
408,6,48,N,R,0
408,6,48,E,L,0
408,6,48,E,T,1
408,6,48,E,R,0
408,6,48,S,L,0
408,6,48,S,T,0
408,6,48,S,R,0
408,6,48,W,L,0
408,6,48,W,T,0
408,6,48,W,R,0
409,6,49,N,L,0
409,6,49,N,T,1
409,6,49,N,R,0
409,6,49,E,L,0
409,6,49,E,T,0
409,6,49,E,R,0
409,6,49,S,L,0
409,6,49,S,T,0
409,6,49,S,R,0
409,6,49,W,L,0
409,6,49,W,T,0
409,6,49,W,R,0
410,6,50,N,L,0
410,6,50,N,T,0
410,6,50,N,R,0
410,6,50,E,L,0
410,6,50,E,T,2
410,6,50,E,R,0
410,6,50,S,L,0
410,6,50,S,T,0
410,6,50,S,R,0
410,6,50,W,L,0
410,6,50,W,T,0
410,6,50,W,R,0
411,6,51,N,L,0
411,6,51,N,T,0
411,6,51,N,R,0
411,6,51,E,L,0
411,6,51,E,T,0
411,6,51,E,R,0
411,6,51,S,L,1
411,6,51,S,T,0
411,6,51,S,R,0
411,6,51,W,L,0
411,6,51,W,T,1
411,6,51,W,R,1
412,6,52,N,L,0
412,6,52,N,T,0
412,6,52,N,R,0
412,6,52,E,L,0
412,6,52,E,T,0
412,6,52,E,R,0
412,6,52,S,L,0
412,6,52,S,T,0
412,6,52,S,R,0
412,6,52,W,L,0
412,6,52,W,T,0
412,6,52,W,R,0
413,6,53,N,L,0
413,6,53,N,T,0
413,6,53,N,R,0
413,6,53,E,L,0
413,6,53,E,T,0
413,6,53,E,R,0
413,6,53,S,L,0
413,6,53,S,T,0
413,6,53,S,R,0
413,6,53,W,L,0
413,6,53,W,T,0
413,6,53,W,R,0
414,6,54,N,L,0
414,6,54,N,T,0
414,6,54,N,R,0
414,6,54,E,L,0
414,6,54,E,T,1
414,6,54,E,R,0
414,6,54,S,L,0
414,6,54,S,T,0
414,6,54,S,R,0
414,6,54,W,L,0
414,6,54,W,T,0
414,6,54,W,R,0
415,6,55,N,L,0
415,6,55,N,T,0
415,6,55,N,R,0
415,6,55,E,L,0
415,6,55,E,T,0
415,6,55,E,R,0
415,6,55,S,L,0
415,6,55,S,T,0
415,6,55,S,R,0
415,6,55,W,L,0
415,6,55,W,T,0
415,6,55,W,R,0
416,6,56,N,L,0
416,6,56,N,T,0
416,6,56,N,R,0
416,6,56,E,L,0
416,6,56,E,T,0
416,6,56,E,R,0
416,6,56,S,L,0
416,6,56,S,T,0
416,6,56,S,R,0
416,6,56,W,L,0
416,6,56,W,T,0
416,6,56,W,R,0
417,6,57,N,L,0
417,6,57,N,T,0
417,6,57,N,R,0
417,6,57,E,L,0
417,6,57,E,T,0
417,6,57,E,R,0
417,6,57,S,L,0
417,6,57,S,T,0
417,6,57,S,R,0
417,6,57,W,L,0
417,6,57,W,T,0
417,6,57,W,R,0
418,6,58,N,L,0
418,6,58,N,T,0
418,6,58,N,R,0
418,6,58,E,L,0
418,6,58,E,T,1
418,6,58,E,R,0
418,6,58,S,L,0
418,6,58,S,T,0
418,6,58,S,R,0
418,6,58,W,L,0
418,6,58,W,T,0
418,6,58,W,R,0
419,6,59,N,L,0
419,6,59,N,T,0
419,6,59,N,R,0
419,6,59,E,L,0
419,6,59,E,T,0
419,6,59,E,R,0
419,6,59,S,L,0
419,6,59,S,T,0
419,6,59,S,R,0
419,6,59,W,L,0
419,6,59,W,T,0
419,6,59,W,R,0
420,7,00,N,L,0
420,7,00,N,T,1
420,7,00,N,R,0
420,7,00,E,L,0
420,7,00,E,T,0
420,7,00,E,R,0
420,7,00,S,L,0
420,7,00,S,T,1
420,7,00,S,R,0
420,7,00,W,L,0
420,7,00,W,T,0
420,7,00,W,R,0
421,7,01,N,L,0
421,7,01,N,T,0
421,7,01,N,R,0
421,7,01,E,L,0
421,7,01,E,T,0
421,7,01,E,R,0
421,7,01,S,L,0
421,7,01,S,T,0
421,7,01,S,R,0
421,7,01,W,L,0
421,7,01,W,T,0
421,7,01,W,R,0
422,7,02,N,L,0
422,7,02,N,T,2
422,7,02,N,R,0
422,7,02,E,L,0
422,7,02,E,T,0
422,7,02,E,R,0
422,7,02,S,L,0
422,7,02,S,T,0
422,7,02,S,R,0
422,7,02,W,L,0
422,7,02,W,T,1
422,7,02,W,R,0
423,7,03,N,L,0
423,7,03,N,T,1
423,7,03,N,R,0
423,7,03,E,L,0
423,7,03,E,T,0
423,7,03,E,R,0
423,7,03,S,L,0
423,7,03,S,T,0
423,7,03,S,R,0
423,7,03,W,L,0
423,7,03,W,T,0
423,7,03,W,R,0
424,7,04,N,L,0
424,7,04,N,T,0
424,7,04,N,R,0
424,7,04,E,L,0
424,7,04,E,T,1
424,7,04,E,R,0
424,7,04,S,L,0
424,7,04,S,T,0
424,7,04,S,R,0
424,7,04,W,L,0
424,7,04,W,T,0
424,7,04,W,R,0
425,7,05,N,L,0
425,7,05,N,T,0
425,7,05,N,R,0
425,7,05,E,L,0
425,7,05,E,T,0
425,7,05,E,R,0
425,7,05,S,L,0
425,7,05,S,T,0
425,7,05,S,R,0
425,7,05,W,L,0
425,7,05,W,T,1
425,7,05,W,R,0
426,7,06,N,L,0
426,7,06,N,T,1
426,7,06,N,R,0
426,7,06,E,L,0
426,7,06,E,T,0
426,7,06,E,R,0
426,7,06,S,L,0
426,7,06,S,T,1
426,7,06,S,R,0
426,7,06,W,L,0
426,7,06,W,T,0
426,7,06,W,R,0
427,7,07,N,L,0
427,7,07,N,T,0
427,7,07,N,R,0
427,7,07,E,L,0
427,7,07,E,T,0
427,7,07,E,R,0
427,7,07,S,L,0
427,7,07,S,T,0
427,7,07,S,R,0
427,7,07,W,L,0
427,7,07,W,T,0
427,7,07,W,R,1
428,7,08,N,L,0
428,7,08,N,T,0
428,7,08,N,R,0
428,7,08,E,L,0
428,7,08,E,T,0
428,7,08,E,R,0
428,7,08,S,L,0
428,7,08,S,T,0
428,7,08,S,R,0
428,7,08,W,L,0
428,7,08,W,T,1
428,7,08,W,R,0
429,7,09,N,L,0
429,7,09,N,T,0
429,7,09,N,R,0
429,7,09,E,L,0
429,7,09,E,T,0
429,7,09,E,R,0
429,7,09,S,L,0
429,7,09,S,T,0
429,7,09,S,R,0
429,7,09,W,L,0
429,7,09,W,T,0
429,7,09,W,R,0
430,7,10,N,L,0
430,7,10,N,T,0
430,7,10,N,R,0
430,7,10,E,L,0
430,7,10,E,T,1
430,7,10,E,R,0
430,7,10,S,L,0
430,7,10,S,T,0
430,7,10,S,R,1
430,7,10,W,L,0
430,7,10,W,T,0
430,7,10,W,R,0
431,7,11,N,L,0
431,7,11,N,T,0
431,7,11,N,R,0
431,7,11,E,L,0
431,7,11,E,T,0
431,7,11,E,R,0
431,7,11,S,L,0
431,7,11,S,T,0
431,7,11,S,R,0
431,7,11,W,L,0
431,7,11,W,T,0
431,7,11,W,R,0
432,7,12,N,L,1
432,7,12,N,T,0
432,7,12,N,R,0
432,7,12,E,L,0
432,7,12,E,T,0
432,7,12,E,R,0
432,7,12,S,L,0
432,7,12,S,T,0
432,7,12,S,R,0
432,7,12,W,L,0
432,7,12,W,T,0
432,7,12,W,R,0
433,7,13,N,L,0
433,7,13,N,T,0
433,7,13,N,R,0
433,7,13,E,L,0
433,7,13,E,T,0
433,7,13,E,R,0
433,7,13,S,L,0
433,7,13,S,T,0
433,7,13,S,R,0
433,7,13,W,L,0
433,7,13,W,T,0
433,7,13,W,R,0
434,7,14,N,L,0
434,7,14,N,T,0
434,7,14,N,R,0
434,7,14,E,L,0
434,7,14,E,T,0
434,7,14,E,R,0
434,7,14,S,L,0
434,7,14,S,T,0
434,7,14,S,R,0
434,7,14,W,L,0
434,7,14,W,T,0
434,7,14,W,R,0
435,7,15,N,L,0
435,7,15,N,T,1
435,7,15,N,R,0
435,7,15,E,L,0
435,7,15,E,T,0
435,7,15,E,R,0
435,7,15,S,L,0
435,7,15,S,T,1
435,7,15,S,R,0
435,7,15,W,L,0
435,7,15,W,T,0
435,7,15,W,R,0
436,7,16,N,L,0
436,7,16,N,T,0
436,7,16,N,R,0
436,7,16,E,L,0
436,7,16,E,T,0
436,7,16,E,R,0
436,7,16,S,L,0
436,7,16,S,T,0
436,7,16,S,R,0
436,7,16,W,L,0
436,7,16,W,T,1
436,7,16,W,R,0
437,7,17,N,L,0
437,7,17,N,T,0
437,7,17,N,R,0
437,7,17,E,L,0
437,7,17,E,T,0
437,7,17,E,R,0
437,7,17,S,L,0
437,7,17,S,T,0
437,7,17,S,R,0
437,7,17,W,L,0
437,7,17,W,T,1
437,7,17,W,R,0
438,7,18,N,L,0
438,7,18,N,T,0
438,7,18,N,R,0
438,7,18,E,L,0
438,7,18,E,T,0
438,7,18,E,R,0
438,7,18,S,L,0
438,7,18,S,T,0
438,7,18,S,R,0
438,7,18,W,L,0
438,7,18,W,T,0
438,7,18,W,R,0
439,7,19,N,L,0
439,7,19,N,T,2
439,7,19,N,R,0
439,7,19,E,L,0
439,7,19,E,T,0
439,7,19,E,R,0
439,7,19,S,L,0
439,7,19,S,T,0
439,7,19,S,R,0
439,7,19,W,L,0
439,7,19,W,T,0
439,7,19,W,R,0
440,7,20,N,L,0
440,7,20,N,T,0
440,7,20,N,R,0
440,7,20,E,L,0
440,7,20,E,T,0
440,7,20,E,R,0
440,7,20,S,L,0
440,7,20,S,T,0
440,7,20,S,R,0
440,7,20,W,L,0
440,7,20,W,T,0
440,7,20,W,R,0
441,7,21,N,L,0
441,7,21,N,T,0
441,7,21,N,R,0
441,7,21,E,L,0
441,7,21,E,T,0
441,7,21,E,R,0
441,7,21,S,L,0
441,7,21,S,T,0
441,7,21,S,R,0
441,7,21,W,L,0
441,7,21,W,T,0
441,7,21,W,R,0
442,7,22,N,L,0
442,7,22,N,T,0
442,7,22,N,R,1
442,7,22,E,L,0
442,7,22,E,T,0
442,7,22,E,R,0
442,7,22,S,L,0
442,7,22,S,T,0
442,7,22,S,R,0
442,7,22,W,L,0
442,7,22,W,T,0
442,7,22,W,R,0
443,7,23,N,L,0
443,7,23,N,T,1
443,7,23,N,R,0
443,7,23,E,L,0
443,7,23,E,T,0
443,7,23,E,R,0
443,7,23,S,L,0
443,7,23,S,T,0
443,7,23,S,R,0
443,7,23,W,L,0
443,7,23,W,T,0
443,7,23,W,R,0
444,7,24,N,L,0
444,7,24,N,T,0
444,7,24,N,R,0
444,7,24,E,L,0
444,7,24,E,T,0
444,7,24,E,R,0
444,7,24,S,L,0
444,7,24,S,T,0
444,7,24,S,R,0
444,7,24,W,L,0
444,7,24,W,T,0
444,7,24,W,R,0
445,7,25,N,L,0
445,7,25,N,T,0
445,7,25,N,R,0
445,7,25,E,L,0
445,7,25,E,T,0
445,7,25,E,R,0
445,7,25,S,L,0
445,7,25,S,T,0
445,7,25,S,R,0
445,7,25,W,L,0
445,7,25,W,T,0
445,7,25,W,R,0
446,7,26,N,L,0
446,7,26,N,T,0
446,7,26,N,R,0
446,7,26,E,L,0
446,7,26,E,T,0
446,7,26,E,R,0
446,7,26,S,L,0
446,7,26,S,T,0
446,7,26,S,R,0
446,7,26,W,L,0
446,7,26,W,T,0
446,7,26,W,R,0
447,7,27,N,L,0
447,7,27,N,T,0
447,7,27,N,R,0
447,7,27,E,L,0
447,7,27,E,T,0
447,7,27,E,R,0
447,7,27,S,L,0
447,7,27,S,T,0
447,7,27,S,R,0
447,7,27,W,L,0
447,7,27,W,T,0
447,7,27,W,R,0
448,7,28,N,L,0
448,7,28,N,T,0
448,7,28,N,R,0
448,7,28,E,L,0
448,7,28,E,T,0
448,7,28,E,R,0
448,7,28,S,L,0
448,7,28,S,T,0
448,7,28,S,R,0
448,7,28,W,L,0
448,7,28,W,T,0
448,7,28,W,R,0
449,7,29,N,L,0
449,7,29,N,T,0
449,7,29,N,R,0
449,7,29,E,L,0
449,7,29,E,T,0
449,7,29,E,R,0
449,7,29,S,L,0
449,7,29,S,T,0
449,7,29,S,R,0
449,7,29,W,L,0
449,7,29,W,T,0
449,7,29,W,R,0
450,7,30,N,L,0
450,7,30,N,T,0
450,7,30,N,R,0
450,7,30,E,L,0
450,7,30,E,T,1
450,7,30,E,R,0
450,7,30,S,L,0
450,7,30,S,T,1
450,7,30,S,R,0
450,7,30,W,L,1
450,7,30,W,T,0
450,7,30,W,R,0
451,7,31,N,L,0
451,7,31,N,T,0
451,7,31,N,R,0
451,7,31,E,L,0
451,7,31,E,T,0
451,7,31,E,R,0
451,7,31,S,L,0
451,7,31,S,T,1
451,7,31,S,R,0
451,7,31,W,L,0
451,7,31,W,T,0
451,7,31,W,R,0
452,7,32,N,L,0
452,7,32,N,T,0
452,7,32,N,R,0
452,7,32,E,L,0
452,7,32,E,T,1
452,7,32,E,R,0
452,7,32,S,L,2
452,7,32,S,T,0
452,7,32,S,R,0
452,7,32,W,L,0
452,7,32,W,T,0
452,7,32,W,R,0
453,7,33,N,L,0
453,7,33,N,T,1
453,7,33,N,R,0
453,7,33,E,L,0
453,7,33,E,T,0
453,7,33,E,R,0
453,7,33,S,L,1
453,7,33,S,T,0
453,7,33,S,R,0
453,7,33,W,L,0
453,7,33,W,T,0
453,7,33,W,R,0
454,7,34,N,L,0
454,7,34,N,T,0
454,7,34,N,R,0
454,7,34,E,L,0
454,7,34,E,T,0
454,7,34,E,R,0
454,7,34,S,L,0
454,7,34,S,T,0
454,7,34,S,R,0
454,7,34,W,L,0
454,7,34,W,T,0
454,7,34,W,R,0
455,7,35,N,L,0
455,7,35,N,T,1
455,7,35,N,R,0
455,7,35,E,L,0
455,7,35,E,T,0
455,7,35,E,R,0
455,7,35,S,L,0
455,7,35,S,T,0
455,7,35,S,R,0
455,7,35,W,L,0
455,7,35,W,T,0
455,7,35,W,R,0
456,7,36,N,L,0
456,7,36,N,T,0
456,7,36,N,R,0
456,7,36,E,L,0
456,7,36,E,T,0
456,7,36,E,R,0
456,7,36,S,L,0
456,7,36,S,T,0
456,7,36,S,R,0
456,7,36,W,L,0
456,7,36,W,T,0
456,7,36,W,R,0
457,7,37,N,L,0
457,7,37,N,T,0
457,7,37,N,R,0
457,7,37,E,L,0
457,7,37,E,T,0
457,7,37,E,R,0
457,7,37,S,L,0
457,7,37,S,T,0
457,7,37,S,R,0
457,7,37,W,L,0
457,7,37,W,T,0
457,7,37,W,R,0
458,7,38,N,L,0
458,7,38,N,T,0
458,7,38,N,R,0
458,7,38,E,L,0
458,7,38,E,T,0
458,7,38,E,R,0
458,7,38,S,L,0
458,7,38,S,T,0
458,7,38,S,R,0
458,7,38,W,L,0
458,7,38,W,T,0
458,7,38,W,R,0
459,7,39,N,L,0
459,7,39,N,T,0
459,7,39,N,R,1
459,7,39,E,L,0
459,7,39,E,T,0
459,7,39,E,R,0
459,7,39,S,L,0
459,7,39,S,T,0
459,7,39,S,R,0
459,7,39,W,L,0
459,7,39,W,T,0
459,7,39,W,R,0
460,7,40,N,L,0
460,7,40,N,T,0
460,7,40,N,R,0
460,7,40,E,L,0
460,7,40,E,T,0
460,7,40,E,R,0
460,7,40,S,L,0
460,7,40,S,T,0
460,7,40,S,R,0
460,7,40,W,L,0
460,7,40,W,T,0
460,7,40,W,R,0
461,7,41,N,L,0
461,7,41,N,T,0
461,7,41,N,R,0
461,7,41,E,L,0
461,7,41,E,T,0
461,7,41,E,R,0
461,7,41,S,L,0
461,7,41,S,T,0
461,7,41,S,R,0
461,7,41,W,L,0
461,7,41,W,T,0
461,7,41,W,R,0
462,7,42,N,L,1
462,7,42,N,T,0
462,7,42,N,R,0
462,7,42,E,L,0
462,7,42,E,T,0
462,7,42,E,R,0
462,7,42,S,L,0
462,7,42,S,T,0
462,7,42,S,R,0
462,7,42,W,L,0
462,7,42,W,T,0
462,7,42,W,R,0
463,7,43,N,L,0
463,7,43,N,T,0
463,7,43,N,R,0
463,7,43,E,L,0
463,7,43,E,T,0
463,7,43,E,R,0
463,7,43,S,L,0
463,7,43,S,T,0
463,7,43,S,R,0
463,7,43,W,L,0
463,7,43,W,T,0
463,7,43,W,R,0
464,7,44,N,L,0
464,7,44,N,T,0
464,7,44,N,R,1
464,7,44,E,L,0
464,7,44,E,T,0
464,7,44,E,R,0
464,7,44,S,L,0
464,7,44,S,T,0
464,7,44,S,R,0
464,7,44,W,L,0
464,7,44,W,T,0
464,7,44,W,R,0
465,7,45,N,L,0
465,7,45,N,T,0
465,7,45,N,R,0
465,7,45,E,L,0
465,7,45,E,T,0
465,7,45,E,R,0
465,7,45,S,L,0
465,7,45,S,T,0
465,7,45,S,R,0
465,7,45,W,L,1
465,7,45,W,T,0
465,7,45,W,R,0
466,7,46,N,L,0
466,7,46,N,T,0
466,7,46,N,R,0
466,7,46,E,L,0
466,7,46,E,T,0
466,7,46,E,R,0
466,7,46,S,L,0
466,7,46,S,T,0
466,7,46,S,R,0
466,7,46,W,L,0
466,7,46,W,T,0
466,7,46,W,R,0
467,7,47,N,L,0
467,7,47,N,T,0
467,7,47,N,R,0
467,7,47,E,L,0
467,7,47,E,T,0
467,7,47,E,R,0
467,7,47,S,L,0
467,7,47,S,T,0
467,7,47,S,R,0
467,7,47,W,L,0
467,7,47,W,T,0
467,7,47,W,R,0
468,7,48,N,L,0
468,7,48,N,T,0
468,7,48,N,R,0
468,7,48,E,L,0
468,7,48,E,T,0
468,7,48,E,R,0
468,7,48,S,L,0
468,7,48,S,T,0
468,7,48,S,R,0
468,7,48,W,L,0
468,7,48,W,T,0
468,7,48,W,R,0
469,7,49,N,L,0
469,7,49,N,T,0
469,7,49,N,R,0
469,7,49,E,L,0
469,7,49,E,T,0
469,7,49,E,R,0
469,7,49,S,L,0
469,7,49,S,T,0
469,7,49,S,R,0
469,7,49,W,L,0
469,7,49,W,T,0
469,7,49,W,R,0
470,7,50,N,L,0
470,7,50,N,T,0
470,7,50,N,R,0
470,7,50,E,L,0
470,7,50,E,T,0
470,7,50,E,R,0
470,7,50,S,L,1
470,7,50,S,T,0
470,7,50,S,R,0
470,7,50,W,L,0
470,7,50,W,T,0
470,7,50,W,R,0
471,7,51,N,L,0
471,7,51,N,T,0
471,7,51,N,R,0
471,7,51,E,L,0
471,7,51,E,T,0
471,7,51,E,R,0
471,7,51,S,L,0
471,7,51,S,T,0
471,7,51,S,R,0
471,7,51,W,L,0
471,7,51,W,T,0
471,7,51,W,R,0
472,7,52,N,L,0
472,7,52,N,T,0
472,7,52,N,R,0
472,7,52,E,L,0
472,7,52,E,T,0
472,7,52,E,R,0
472,7,52,S,L,0
472,7,52,S,T,0
472,7,52,S,R,0
472,7,52,W,L,0
472,7,52,W,T,0
472,7,52,W,R,0
473,7,53,N,L,0
473,7,53,N,T,0
473,7,53,N,R,0
473,7,53,E,L,0
473,7,53,E,T,0
473,7,53,E,R,0
473,7,53,S,L,0
473,7,53,S,T,0
473,7,53,S,R,0
473,7,53,W,L,0
473,7,53,W,T,0
473,7,53,W,R,0
474,7,54,N,L,0
474,7,54,N,T,0
474,7,54,N,R,1
474,7,54,E,L,0
474,7,54,E,T,0
474,7,54,E,R,0
474,7,54,S,L,0
474,7,54,S,T,0
474,7,54,S,R,0
474,7,54,W,L,0
474,7,54,W,T,1
474,7,54,W,R,0
475,7,55,N,L,0
475,7,55,N,T,0
475,7,55,N,R,0
475,7,55,E,L,0
475,7,55,E,T,0
475,7,55,E,R,0
475,7,55,S,L,0
475,7,55,S,T,0
475,7,55,S,R,0
475,7,55,W,L,0
475,7,55,W,T,0
475,7,55,W,R,0
476,7,56,N,L,0
476,7,56,N,T,0
476,7,56,N,R,0
476,7,56,E,L,0
476,7,56,E,T,0
476,7,56,E,R,0
476,7,56,S,L,0
476,7,56,S,T,0
476,7,56,S,R,0
476,7,56,W,L,0
476,7,56,W,T,1
476,7,56,W,R,0
477,7,57,N,L,0
477,7,57,N,T,1
477,7,57,N,R,0
477,7,57,E,L,0
477,7,57,E,T,0
477,7,57,E,R,0
477,7,57,S,L,0
477,7,57,S,T,0
477,7,57,S,R,0
477,7,57,W,L,0
477,7,57,W,T,0
477,7,57,W,R,0
478,7,58,N,L,0
478,7,58,N,T,0
478,7,58,N,R,0
478,7,58,E,L,0
478,7,58,E,T,0
478,7,58,E,R,0
478,7,58,S,L,0
478,7,58,S,T,0
478,7,58,S,R,0
478,7,58,W,L,1
478,7,58,W,T,0
478,7,58,W,R,0
479,7,59,N,L,0
479,7,59,N,T,0
479,7,59,N,R,0
479,7,59,E,L,0
479,7,59,E,T,0
479,7,59,E,R,0
479,7,59,S,L,0
479,7,59,S,T,0
479,7,59,S,R,0
479,7,59,W,L,0
479,7,59,W,T,0
479,7,59,W,R,0
480,8,00,N,L,0
480,8,00,N,T,0
480,8,00,N,R,0
480,8,00,E,L,0
480,8,00,E,T,0
480,8,00,E,R,0
480,8,00,S,L,0
480,8,00,S,T,0
480,8,00,S,R,0
480,8,00,W,L,0
480,8,00,W,T,0
480,8,00,W,R,0
481,8,01,N,L,0
481,8,01,N,T,0
481,8,01,N,R,0
481,8,01,E,L,0
481,8,01,E,T,0
481,8,01,E,R,0
481,8,01,S,L,0
481,8,01,S,T,0
481,8,01,S,R,0
481,8,01,W,L,0
481,8,01,W,T,0
481,8,01,W,R,0
482,8,02,N,L,0
482,8,02,N,T,0
482,8,02,N,R,0
482,8,02,E,L,0
482,8,02,E,T,0
482,8,02,E,R,0
482,8,02,S,L,0
482,8,02,S,T,0
482,8,02,S,R,0
482,8,02,W,L,0
482,8,02,W,T,0
482,8,02,W,R,0
483,8,03,N,L,0
483,8,03,N,T,1
483,8,03,N,R,0
483,8,03,E,L,0
483,8,03,E,T,0
483,8,03,E,R,0
483,8,03,S,L,0
483,8,03,S,T,0
483,8,03,S,R,0
483,8,03,W,L,0
483,8,03,W,T,1
483,8,03,W,R,0
484,8,04,N,L,0
484,8,04,N,T,0
484,8,04,N,R,0
484,8,04,E,L,0
484,8,04,E,T,0
484,8,04,E,R,0
484,8,04,S,L,0
484,8,04,S,T,0
484,8,04,S,R,0
484,8,04,W,L,0
484,8,04,W,T,0
484,8,04,W,R,0
485,8,05,N,L,0
485,8,05,N,T,2
485,8,05,N,R,0
485,8,05,E,L,0
485,8,05,E,T,0
485,8,05,E,R,0
485,8,05,S,L,0
485,8,05,S,T,0
485,8,05,S,R,0
485,8,05,W,L,0
485,8,05,W,T,0
485,8,05,W,R,0
486,8,06,N,L,0
486,8,06,N,T,2
486,8,06,N,R,0
486,8,06,E,L,0
486,8,06,E,T,0
486,8,06,E,R,0
486,8,06,S,L,0
486,8,06,S,T,0
486,8,06,S,R,0
486,8,06,W,L,0
486,8,06,W,T,1
486,8,06,W,R,0
487,8,07,N,L,0
487,8,07,N,T,0
487,8,07,N,R,0
487,8,07,E,L,0
487,8,07,E,T,1
487,8,07,E,R,0
487,8,07,S,L,0
487,8,07,S,T,0
487,8,07,S,R,0
487,8,07,W,L,0
487,8,07,W,T,0
487,8,07,W,R,0
488,8,08,N,L,0
488,8,08,N,T,0
488,8,08,N,R,0
488,8,08,E,L,0
488,8,08,E,T,1
488,8,08,E,R,1
488,8,08,S,L,0
488,8,08,S,T,0
488,8,08,S,R,0
488,8,08,W,L,0
488,8,08,W,T,1
488,8,08,W,R,0
489,8,09,N,L,0
489,8,09,N,T,0
489,8,09,N,R,0
489,8,09,E,L,0
489,8,09,E,T,0
489,8,09,E,R,0
489,8,09,S,L,0
489,8,09,S,T,0
489,8,09,S,R,0
489,8,09,W,L,0
489,8,09,W,T,0
489,8,09,W,R,0
490,8,10,N,L,1
490,8,10,N,T,1
490,8,10,N,R,0
490,8,10,E,L,0
490,8,10,E,T,0
490,8,10,E,R,0
490,8,10,S,L,0
490,8,10,S,T,1
490,8,10,S,R,0
490,8,10,W,L,1
490,8,10,W,T,0
490,8,10,W,R,0
491,8,11,N,L,0
491,8,11,N,T,0
491,8,11,N,R,0
491,8,11,E,L,0
491,8,11,E,T,0
491,8,11,E,R,0
491,8,11,S,L,0
491,8,11,S,T,0
491,8,11,S,R,0
491,8,11,W,L,0
491,8,11,W,T,0
491,8,11,W,R,0
492,8,12,N,L,0
492,8,12,N,T,0
492,8,12,N,R,0
492,8,12,E,L,0
492,8,12,E,T,1
492,8,12,E,R,0
492,8,12,S,L,0
492,8,12,S,T,1
492,8,12,S,R,0
492,8,12,W,L,0
492,8,12,W,T,1
492,8,12,W,R,0
493,8,13,N,L,0
493,8,13,N,T,0
493,8,13,N,R,0
493,8,13,E,L,0
493,8,13,E,T,1
493,8,13,E,R,0
493,8,13,S,L,1
493,8,13,S,T,0
493,8,13,S,R,0
493,8,13,W,L,0
493,8,13,W,T,0
493,8,13,W,R,0
494,8,14,N,L,0
494,8,14,N,T,1
494,8,14,N,R,0
494,8,14,E,L,0
494,8,14,E,T,0
494,8,14,E,R,0
494,8,14,S,L,0
494,8,14,S,T,0
494,8,14,S,R,0
494,8,14,W,L,0
494,8,14,W,T,0
494,8,14,W,R,0
495,8,15,N,L,0
495,8,15,N,T,0
495,8,15,N,R,0
495,8,15,E,L,0
495,8,15,E,T,0
495,8,15,E,R,0
495,8,15,S,L,0
495,8,15,S,T,0
495,8,15,S,R,0
495,8,15,W,L,0
495,8,15,W,T,1
495,8,15,W,R,0
496,8,16,N,L,0
496,8,16,N,T,1
496,8,16,N,R,0
496,8,16,E,L,0
496,8,16,E,T,0
496,8,16,E,R,0
496,8,16,S,L,0
496,8,16,S,T,0
496,8,16,S,R,0
496,8,16,W,L,0
496,8,16,W,T,0
496,8,16,W,R,0
497,8,17,N,L,0
497,8,17,N,T,0
497,8,17,N,R,0
497,8,17,E,L,0
497,8,17,E,T,0
497,8,17,E,R,0
497,8,17,S,L,0
497,8,17,S,T,0
497,8,17,S,R,0
497,8,17,W,L,0
497,8,17,W,T,0
497,8,17,W,R,0
498,8,18,N,L,0
498,8,18,N,T,0
498,8,18,N,R,0
498,8,18,E,L,0
498,8,18,E,T,0
498,8,18,E,R,0
498,8,18,S,L,0
498,8,18,S,T,0
498,8,18,S,R,0
498,8,18,W,L,0
498,8,18,W,T,0
498,8,18,W,R,0
499,8,19,N,L,0
499,8,19,N,T,0
499,8,19,N,R,0
499,8,19,E,L,0
499,8,19,E,T,0
499,8,19,E,R,0
499,8,19,S,L,0
499,8,19,S,T,0
499,8,19,S,R,1
499,8,19,W,L,0
499,8,19,W,T,1
499,8,19,W,R,1
500,8,20,N,L,0
500,8,20,N,T,0
500,8,20,N,R,0
500,8,20,E,L,0
500,8,20,E,T,0
500,8,20,E,R,0
500,8,20,S,L,0
500,8,20,S,T,0
500,8,20,S,R,0
500,8,20,W,L,0
500,8,20,W,T,0
500,8,20,W,R,0
501,8,21,N,L,0
501,8,21,N,T,0
501,8,21,N,R,0
501,8,21,E,L,1
501,8,21,E,T,0
501,8,21,E,R,0
501,8,21,S,L,0
501,8,21,S,T,0
501,8,21,S,R,1
501,8,21,W,L,0
501,8,21,W,T,0
501,8,21,W,R,0
502,8,22,N,L,0
502,8,22,N,T,0
502,8,22,N,R,0
502,8,22,E,L,0
502,8,22,E,T,0
502,8,22,E,R,0
502,8,22,S,L,0
502,8,22,S,T,0
502,8,22,S,R,0
502,8,22,W,L,0
502,8,22,W,T,0
502,8,22,W,R,0
503,8,23,N,L,0
503,8,23,N,T,0
503,8,23,N,R,0
503,8,23,E,L,0
503,8,23,E,T,0
503,8,23,E,R,0
503,8,23,S,L,0
503,8,23,S,T,0
503,8,23,S,R,0
503,8,23,W,L,0
503,8,23,W,T,0
503,8,23,W,R,0
504,8,24,N,L,0
504,8,24,N,T,0
504,8,24,N,R,0
504,8,24,E,L,0
504,8,24,E,T,1
504,8,24,E,R,0
504,8,24,S,L,0
504,8,24,S,T,1
504,8,24,S,R,0
504,8,24,W,L,0
504,8,24,W,T,0
504,8,24,W,R,0
505,8,25,N,L,0
505,8,25,N,T,0
505,8,25,N,R,0
505,8,25,E,L,0
505,8,25,E,T,0
505,8,25,E,R,0
505,8,25,S,L,0
505,8,25,S,T,1
505,8,25,S,R,0
505,8,25,W,L,0
505,8,25,W,T,0
505,8,25,W,R,0
506,8,26,N,L,0
506,8,26,N,T,0
506,8,26,N,R,0
506,8,26,E,L,0
506,8,26,E,T,1
506,8,26,E,R,0
506,8,26,S,L,0
506,8,26,S,T,1
506,8,26,S,R,1
506,8,26,W,L,0
506,8,26,W,T,0
506,8,26,W,R,0
507,8,27,N,L,0
507,8,27,N,T,0
507,8,27,N,R,0
507,8,27,E,L,0
507,8,27,E,T,0
507,8,27,E,R,0
507,8,27,S,L,0
507,8,27,S,T,0
507,8,27,S,R,0
507,8,27,W,L,0
507,8,27,W,T,0
507,8,27,W,R,0
508,8,28,N,L,0
508,8,28,N,T,0
508,8,28,N,R,0
508,8,28,E,L,0
508,8,28,E,T,0
508,8,28,E,R,0
508,8,28,S,L,0
508,8,28,S,T,0
508,8,28,S,R,0
508,8,28,W,L,0
508,8,28,W,T,1
508,8,28,W,R,0
509,8,29,N,L,0
509,8,29,N,T,0
509,8,29,N,R,0
509,8,29,E,L,0
509,8,29,E,T,0
509,8,29,E,R,0
509,8,29,S,L,0
509,8,29,S,T,0
509,8,29,S,R,0
509,8,29,W,L,0
509,8,29,W,T,0
509,8,29,W,R,1
510,8,30,N,L,0
510,8,30,N,T,0
510,8,30,N,R,0
510,8,30,E,L,0
510,8,30,E,T,0
510,8,30,E,R,0
510,8,30,S,L,0
510,8,30,S,T,0
510,8,30,S,R,0
510,8,30,W,L,0
510,8,30,W,T,0
510,8,30,W,R,0
511,8,31,N,L,1
511,8,31,N,T,0
511,8,31,N,R,0
511,8,31,E,L,0
511,8,31,E,T,0
511,8,31,E,R,0
511,8,31,S,L,0
511,8,31,S,T,2
511,8,31,S,R,0
511,8,31,W,L,0
511,8,31,W,T,0
511,8,31,W,R,0
512,8,32,N,L,0
512,8,32,N,T,0
512,8,32,N,R,0
512,8,32,E,L,0
512,8,32,E,T,0
512,8,32,E,R,0
512,8,32,S,L,0
512,8,32,S,T,0
512,8,32,S,R,0
512,8,32,W,L,0
512,8,32,W,T,1
512,8,32,W,R,0
513,8,33,N,L,0
513,8,33,N,T,0
513,8,33,N,R,1
513,8,33,E,L,1
513,8,33,E,T,1
513,8,33,E,R,0
513,8,33,S,L,0
513,8,33,S,T,1
513,8,33,S,R,0
513,8,33,W,L,0
513,8,33,W,T,0
513,8,33,W,R,0
514,8,34,N,L,0
514,8,34,N,T,0
514,8,34,N,R,0
514,8,34,E,L,0
514,8,34,E,T,1
514,8,34,E,R,0
514,8,34,S,L,0
514,8,34,S,T,2
514,8,34,S,R,0
514,8,34,W,L,0
514,8,34,W,T,0
514,8,34,W,R,0
515,8,35,N,L,0
515,8,35,N,T,0
515,8,35,N,R,0
515,8,35,E,L,0
515,8,35,E,T,0
515,8,35,E,R,0
515,8,35,S,L,0
515,8,35,S,T,0
515,8,35,S,R,0
515,8,35,W,L,0
515,8,35,W,T,0
515,8,35,W,R,0
516,8,36,N,L,0
516,8,36,N,T,0
516,8,36,N,R,0
516,8,36,E,L,1
516,8,36,E,T,0
516,8,36,E,R,0
516,8,36,S,L,0
516,8,36,S,T,0
516,8,36,S,R,0
516,8,36,W,L,0
516,8,36,W,T,1
516,8,36,W,R,0
517,8,37,N,L,0
517,8,37,N,T,0
517,8,37,N,R,0
517,8,37,E,L,0
517,8,37,E,T,0
517,8,37,E,R,0
517,8,37,S,L,0
517,8,37,S,T,0
517,8,37,S,R,0
517,8,37,W,L,0
517,8,37,W,T,0
517,8,37,W,R,0
518,8,38,N,L,0
518,8,38,N,T,0
518,8,38,N,R,0
518,8,38,E,L,0
518,8,38,E,T,0
518,8,38,E,R,0
518,8,38,S,L,0
518,8,38,S,T,1
518,8,38,S,R,0
518,8,38,W,L,0
518,8,38,W,T,0
518,8,38,W,R,0
519,8,39,N,L,0
519,8,39,N,T,0
519,8,39,N,R,0
519,8,39,E,L,0
519,8,39,E,T,0
519,8,39,E,R,0
519,8,39,S,L,0
519,8,39,S,T,0
519,8,39,S,R,0
519,8,39,W,L,0
519,8,39,W,T,0
519,8,39,W,R,0
520,8,40,N,L,0
520,8,40,N,T,1
520,8,40,N,R,0
520,8,40,E,L,0
520,8,40,E,T,1
520,8,40,E,R,0
520,8,40,S,L,0
520,8,40,S,T,1
520,8,40,S,R,0
520,8,40,W,L,0
520,8,40,W,T,0
520,8,40,W,R,0
521,8,41,N,L,0
521,8,41,N,T,0
521,8,41,N,R,0
521,8,41,E,L,0
521,8,41,E,T,0
521,8,41,E,R,0
521,8,41,S,L,0
521,8,41,S,T,0
521,8,41,S,R,0
521,8,41,W,L,0
521,8,41,W,T,0
521,8,41,W,R,0
522,8,42,N,L,0
522,8,42,N,T,0
522,8,42,N,R,0
522,8,42,E,L,0
522,8,42,E,T,0
522,8,42,E,R,0
522,8,42,S,L,0
522,8,42,S,T,0
522,8,42,S,R,0
522,8,42,W,L,0
522,8,42,W,T,0
522,8,42,W,R,0
523,8,43,N,L,0
523,8,43,N,T,0
523,8,43,N,R,1
523,8,43,E,L,0
523,8,43,E,T,1
523,8,43,E,R,0
523,8,43,S,L,0
523,8,43,S,T,0
523,8,43,S,R,0
523,8,43,W,L,0
523,8,43,W,T,0
523,8,43,W,R,0
524,8,44,N,L,0
524,8,44,N,T,0
524,8,44,N,R,0
524,8,44,E,L,0
524,8,44,E,T,0
524,8,44,E,R,0
524,8,44,S,L,0
524,8,44,S,T,0
524,8,44,S,R,0
524,8,44,W,L,1
524,8,44,W,T,0
524,8,44,W,R,0
525,8,45,N,L,1
525,8,45,N,T,0
525,8,45,N,R,0
525,8,45,E,L,0
525,8,45,E,T,0
525,8,45,E,R,0
525,8,45,S,L,0
525,8,45,S,T,0
525,8,45,S,R,0
525,8,45,W,L,0
525,8,45,W,T,1
525,8,45,W,R,0
526,8,46,N,L,0
526,8,46,N,T,0
526,8,46,N,R,0
526,8,46,E,L,0
526,8,46,E,T,0
526,8,46,E,R,0
526,8,46,S,L,0
526,8,46,S,T,0
526,8,46,S,R,0
526,8,46,W,L,0
526,8,46,W,T,0
526,8,46,W,R,0
527,8,47,N,L,0
527,8,47,N,T,0
527,8,47,N,R,0
527,8,47,E,L,0
527,8,47,E,T,1
527,8,47,E,R,0
527,8,47,S,L,0
527,8,47,S,T,0
527,8,47,S,R,0
527,8,47,W,L,0
527,8,47,W,T,0
527,8,47,W,R,0
528,8,48,N,L,0
528,8,48,N,T,0
528,8,48,N,R,0
528,8,48,E,L,0
528,8,48,E,T,0
528,8,48,E,R,0
528,8,48,S,L,0
528,8,48,S,T,0
528,8,48,S,R,0
528,8,48,W,L,0
528,8,48,W,T,0
528,8,48,W,R,0
529,8,49,N,L,0
529,8,49,N,T,0
529,8,49,N,R,0
529,8,49,E,L,0
529,8,49,E,T,1
529,8,49,E,R,0
529,8,49,S,L,0
529,8,49,S,T,0
529,8,49,S,R,0
529,8,49,W,L,0
529,8,49,W,T,0
529,8,49,W,R,0
530,8,50,N,L,0
530,8,50,N,T,0
530,8,50,N,R,0
530,8,50,E,L,0
530,8,50,E,T,1
530,8,50,E,R,0
530,8,50,S,L,0
530,8,50,S,T,0
530,8,50,S,R,0
530,8,50,W,L,0
530,8,50,W,T,0
530,8,50,W,R,0
531,8,51,N,L,0
531,8,51,N,T,0
531,8,51,N,R,0
531,8,51,E,L,0
531,8,51,E,T,0
531,8,51,E,R,0
531,8,51,S,L,0
531,8,51,S,T,1
531,8,51,S,R,0
531,8,51,W,L,0
531,8,51,W,T,0
531,8,51,W,R,0
532,8,52,N,L,0
532,8,52,N,T,1
532,8,52,N,R,0
532,8,52,E,L,0
532,8,52,E,T,1
532,8,52,E,R,0
532,8,52,S,L,0
532,8,52,S,T,1
532,8,52,S,R,1
532,8,52,W,L,0
532,8,52,W,T,0
532,8,52,W,R,0
533,8,53,N,L,0
533,8,53,N,T,0
533,8,53,N,R,0
533,8,53,E,L,0
533,8,53,E,T,0
533,8,53,E,R,0
533,8,53,S,L,0
533,8,53,S,T,0
533,8,53,S,R,0
533,8,53,W,L,1
533,8,53,W,T,0
533,8,53,W,R,0
534,8,54,N,L,0
534,8,54,N,T,0
534,8,54,N,R,0
534,8,54,E,L,0
534,8,54,E,T,0
534,8,54,E,R,0
534,8,54,S,L,0
534,8,54,S,T,0
534,8,54,S,R,0
534,8,54,W,L,0
534,8,54,W,T,0
534,8,54,W,R,0
535,8,55,N,L,0
535,8,55,N,T,1
535,8,55,N,R,0
535,8,55,E,L,0
535,8,55,E,T,0
535,8,55,E,R,0
535,8,55,S,L,0
535,8,55,S,T,0
535,8,55,S,R,0
535,8,55,W,L,0
535,8,55,W,T,0
535,8,55,W,R,0
536,8,56,N,L,0
536,8,56,N,T,0
536,8,56,N,R,0
536,8,56,E,L,0
536,8,56,E,T,2
536,8,56,E,R,0
536,8,56,S,L,0
536,8,56,S,T,0
536,8,56,S,R,0
536,8,56,W,L,0
536,8,56,W,T,0
536,8,56,W,R,0
537,8,57,N,L,0
537,8,57,N,T,0
537,8,57,N,R,0
537,8,57,E,L,0
537,8,57,E,T,0
537,8,57,E,R,0
537,8,57,S,L,0
537,8,57,S,T,1
537,8,57,S,R,0
537,8,57,W,L,0
537,8,57,W,T,1
537,8,57,W,R,0
538,8,58,N,L,0
538,8,58,N,T,1
538,8,58,N,R,0
538,8,58,E,L,0
538,8,58,E,T,0
538,8,58,E,R,0
538,8,58,S,L,0
538,8,58,S,T,0
538,8,58,S,R,0
538,8,58,W,L,0
538,8,58,W,T,0
538,8,58,W,R,0
539,8,59,N,L,0
539,8,59,N,T,0
539,8,59,N,R,1
539,8,59,E,L,0
539,8,59,E,T,1
539,8,59,E,R,0
539,8,59,S,L,0
539,8,59,S,T,0
539,8,59,S,R,0
539,8,59,W,L,0
539,8,59,W,T,0
539,8,59,W,R,0
540,9,00,N,L,0
540,9,00,N,T,1
540,9,00,N,R,0
540,9,00,E,L,0
540,9,00,E,T,0
540,9,00,E,R,0
540,9,00,S,L,0
540,9,00,S,T,0
540,9,00,S,R,0
540,9,00,W,L,0
540,9,00,W,T,0
540,9,00,W,R,0
541,9,01,N,L,0
541,9,01,N,T,0
541,9,01,N,R,0
541,9,01,E,L,0
541,9,01,E,T,0
541,9,01,E,R,0
541,9,01,S,L,0
541,9,01,S,T,0
541,9,01,S,R,0
541,9,01,W,L,0
541,9,01,W,T,1
541,9,01,W,R,0
542,9,02,N,L,0
542,9,02,N,T,0
542,9,02,N,R,0
542,9,02,E,L,0
542,9,02,E,T,0
542,9,02,E,R,0
542,9,02,S,L,0
542,9,02,S,T,1
542,9,02,S,R,0
542,9,02,W,L,0
542,9,02,W,T,0
542,9,02,W,R,0
543,9,03,N,L,0
543,9,03,N,T,0
543,9,03,N,R,0
543,9,03,E,L,0
543,9,03,E,T,0
543,9,03,E,R,0
543,9,03,S,L,0
543,9,03,S,T,0
543,9,03,S,R,0
543,9,03,W,L,0
543,9,03,W,T,0
543,9,03,W,R,0
544,9,04,N,L,0
544,9,04,N,T,0
544,9,04,N,R,0
544,9,04,E,L,0
544,9,04,E,T,0
544,9,04,E,R,0
544,9,04,S,L,0
544,9,04,S,T,0
544,9,04,S,R,0
544,9,04,W,L,0
544,9,04,W,T,0
544,9,04,W,R,0
545,9,05,N,L,0
545,9,05,N,T,0
545,9,05,N,R,0
545,9,05,E,L,0
545,9,05,E,T,1
545,9,05,E,R,0
545,9,05,S,L,0
545,9,05,S,T,0
545,9,05,S,R,0
545,9,05,W,L,0
545,9,05,W,T,0
545,9,05,W,R,0
546,9,06,N,L,0
546,9,06,N,T,0
546,9,06,N,R,0
546,9,06,E,L,0
546,9,06,E,T,0
546,9,06,E,R,0
546,9,06,S,L,0
546,9,06,S,T,0
546,9,06,S,R,0
546,9,06,W,L,0
546,9,06,W,T,0
546,9,06,W,R,0
547,9,07,N,L,0
547,9,07,N,T,0
547,9,07,N,R,0
547,9,07,E,L,0
547,9,07,E,T,1
547,9,07,E,R,0
547,9,07,S,L,0
547,9,07,S,T,0
547,9,07,S,R,0
547,9,07,W,L,0
547,9,07,W,T,1
547,9,07,W,R,0
548,9,08,N,L,0
548,9,08,N,T,0
548,9,08,N,R,0
548,9,08,E,L,0
548,9,08,E,T,1
548,9,08,E,R,0
548,9,08,S,L,0
548,9,08,S,T,0
548,9,08,S,R,0
548,9,08,W,L,0
548,9,08,W,T,0
548,9,08,W,R,0
549,9,09,N,L,0
549,9,09,N,T,0
549,9,09,N,R,0
549,9,09,E,L,0
549,9,09,E,T,0
549,9,09,E,R,0
549,9,09,S,L,0
549,9,09,S,T,0
549,9,09,S,R,0
549,9,09,W,L,1
549,9,09,W,T,0
549,9,09,W,R,0
550,9,10,N,L,0
550,9,10,N,T,0
550,9,10,N,R,0
550,9,10,E,L,0
550,9,10,E,T,0
550,9,10,E,R,0
550,9,10,S,L,0
550,9,10,S,T,0
550,9,10,S,R,0
550,9,10,W,L,0
550,9,10,W,T,0
550,9,10,W,R,0
551,9,11,N,L,0
551,9,11,N,T,0
551,9,11,N,R,0
551,9,11,E,L,0
551,9,11,E,T,0
551,9,11,E,R,0
551,9,11,S,L,0
551,9,11,S,T,0
551,9,11,S,R,0
551,9,11,W,L,0
551,9,11,W,T,1
551,9,11,W,R,0
552,9,12,N,L,0
552,9,12,N,T,0
552,9,12,N,R,0
552,9,12,E,L,0
552,9,12,E,T,0
552,9,12,E,R,0
552,9,12,S,L,0
552,9,12,S,T,0
552,9,12,S,R,0
552,9,12,W,L,0
552,9,12,W,T,0
552,9,12,W,R,0
553,9,13,N,L,0
553,9,13,N,T,0
553,9,13,N,R,0
553,9,13,E,L,0
553,9,13,E,T,0
553,9,13,E,R,0
553,9,13,S,L,0
553,9,13,S,T,0
553,9,13,S,R,0
553,9,13,W,L,0
553,9,13,W,T,0
553,9,13,W,R,0
554,9,14,N,L,0
554,9,14,N,T,0
554,9,14,N,R,0
554,9,14,E,L,0
554,9,14,E,T,0
554,9,14,E,R,0
554,9,14,S,L,0
554,9,14,S,T,0
554,9,14,S,R,0
554,9,14,W,L,0
554,9,14,W,T,0
554,9,14,W,R,0
555,9,15,N,L,0
555,9,15,N,T,0
555,9,15,N,R,0
555,9,15,E,L,0
555,9,15,E,T,0
555,9,15,E,R,0
555,9,15,S,L,0
555,9,15,S,T,0
555,9,15,S,R,0
555,9,15,W,L,0
555,9,15,W,T,0
555,9,15,W,R,0
556,9,16,N,L,0
556,9,16,N,T,0
556,9,16,N,R,0
556,9,16,E,L,0
556,9,16,E,T,0
556,9,16,E,R,0
556,9,16,S,L,0
556,9,16,S,T,0
556,9,16,S,R,0
556,9,16,W,L,0
556,9,16,W,T,1
556,9,16,W,R,0
557,9,17,N,L,1
557,9,17,N,T,0
557,9,17,N,R,0
557,9,17,E,L,0
557,9,17,E,T,0
557,9,17,E,R,0
557,9,17,S,L,0
557,9,17,S,T,0
557,9,17,S,R,0
557,9,17,W,L,0
557,9,17,W,T,1
557,9,17,W,R,0
558,9,18,N,L,0
558,9,18,N,T,0
558,9,18,N,R,1
558,9,18,E,L,0
558,9,18,E,T,2
558,9,18,E,R,0
558,9,18,S,L,0
558,9,18,S,T,0
558,9,18,S,R,0
558,9,18,W,L,0
558,9,18,W,T,0
558,9,18,W,R,0
559,9,19,N,L,0
559,9,19,N,T,0
559,9,19,N,R,0
559,9,19,E,L,0
559,9,19,E,T,0
559,9,19,E,R,0
559,9,19,S,L,0
559,9,19,S,T,0
559,9,19,S,R,0
559,9,19,W,L,0
559,9,19,W,T,0
559,9,19,W,R,0
560,9,20,N,L,0
560,9,20,N,T,0
560,9,20,N,R,0
560,9,20,E,L,0
560,9,20,E,T,0
560,9,20,E,R,0
560,9,20,S,L,0
560,9,20,S,T,0
560,9,20,S,R,0
560,9,20,W,L,0
560,9,20,W,T,0
560,9,20,W,R,0
561,9,21,N,L,0
561,9,21,N,T,0
561,9,21,N,R,0
561,9,21,E,L,0
561,9,21,E,T,1
561,9,21,E,R,0
561,9,21,S,L,0
561,9,21,S,T,0
561,9,21,S,R,0
561,9,21,W,L,0
561,9,21,W,T,0
561,9,21,W,R,0
562,9,22,N,L,0
562,9,22,N,T,0
562,9,22,N,R,0
562,9,22,E,L,0
562,9,22,E,T,0
562,9,22,E,R,0
562,9,22,S,L,0
562,9,22,S,T,0
562,9,22,S,R,0
562,9,22,W,L,0
562,9,22,W,T,0
562,9,22,W,R,0
563,9,23,N,L,0
563,9,23,N,T,0
563,9,23,N,R,0
563,9,23,E,L,0
563,9,23,E,T,0
563,9,23,E,R,0
563,9,23,S,L,0
563,9,23,S,T,1
563,9,23,S,R,0
563,9,23,W,L,0
563,9,23,W,T,0
563,9,23,W,R,0
564,9,24,N,L,0
564,9,24,N,T,1
564,9,24,N,R,0
564,9,24,E,L,0
564,9,24,E,T,0
564,9,24,E,R,0
564,9,24,S,L,0
564,9,24,S,T,0
564,9,24,S,R,1
564,9,24,W,L,0
564,9,24,W,T,0
564,9,24,W,R,0
565,9,25,N,L,0
565,9,25,N,T,0
565,9,25,N,R,0
565,9,25,E,L,0
565,9,25,E,T,0
565,9,25,E,R,0
565,9,25,S,L,0
565,9,25,S,T,0
565,9,25,S,R,0
565,9,25,W,L,0
565,9,25,W,T,1
565,9,25,W,R,0
566,9,26,N,L,0
566,9,26,N,T,0
566,9,26,N,R,0
566,9,26,E,L,0
566,9,26,E,T,0
566,9,26,E,R,0
566,9,26,S,L,0
566,9,26,S,T,0
566,9,26,S,R,0
566,9,26,W,L,0
566,9,26,W,T,0
566,9,26,W,R,0
567,9,27,N,L,0
567,9,27,N,T,0
567,9,27,N,R,0
567,9,27,E,L,0
567,9,27,E,T,0
567,9,27,E,R,0
567,9,27,S,L,0
567,9,27,S,T,0
567,9,27,S,R,1
567,9,27,W,L,0
567,9,27,W,T,0
567,9,27,W,R,0
568,9,28,N,L,0
568,9,28,N,T,1
568,9,28,N,R,0
568,9,28,E,L,0
568,9,28,E,T,0
568,9,28,E,R,0
568,9,28,S,L,0
568,9,28,S,T,0
568,9,28,S,R,0
568,9,28,W,L,0
568,9,28,W,T,0
568,9,28,W,R,0
569,9,29,N,L,0
569,9,29,N,T,0
569,9,29,N,R,0
569,9,29,E,L,0
569,9,29,E,T,0
569,9,29,E,R,0
569,9,29,S,L,0
569,9,29,S,T,0
569,9,29,S,R,0
569,9,29,W,L,0
569,9,29,W,T,0
569,9,29,W,R,0
570,9,30,N,L,0
570,9,30,N,T,0
570,9,30,N,R,0
570,9,30,E,L,0
570,9,30,E,T,1
570,9,30,E,R,0
570,9,30,S,L,0
570,9,30,S,T,0
570,9,30,S,R,0
570,9,30,W,L,0
570,9,30,W,T,0
570,9,30,W,R,0
571,9,31,N,L,0
571,9,31,N,T,0
571,9,31,N,R,0
571,9,31,E,L,0
571,9,31,E,T,0
571,9,31,E,R,0
571,9,31,S,L,0
571,9,31,S,T,0
571,9,31,S,R,0
571,9,31,W,L,0
571,9,31,W,T,0
571,9,31,W,R,0
572,9,32,N,L,0
572,9,32,N,T,0
572,9,32,N,R,0
572,9,32,E,L,0
572,9,32,E,T,2
572,9,32,E,R,0
572,9,32,S,L,0
572,9,32,S,T,0
572,9,32,S,R,0
572,9,32,W,L,0
572,9,32,W,T,1
572,9,32,W,R,0
573,9,33,N,L,0
573,9,33,N,T,0
573,9,33,N,R,0
573,9,33,E,L,0
573,9,33,E,T,1
573,9,33,E,R,0
573,9,33,S,L,0
573,9,33,S,T,0
573,9,33,S,R,0
573,9,33,W,L,0
573,9,33,W,T,0
573,9,33,W,R,1
574,9,34,N,L,0
574,9,34,N,T,0
574,9,34,N,R,0
574,9,34,E,L,0
574,9,34,E,T,0
574,9,34,E,R,0
574,9,34,S,L,1
574,9,34,S,T,0
574,9,34,S,R,0
574,9,34,W,L,0
574,9,34,W,T,1
574,9,34,W,R,0
575,9,35,N,L,0
575,9,35,N,T,0
575,9,35,N,R,0
575,9,35,E,L,0
575,9,35,E,T,0
575,9,35,E,R,0
575,9,35,S,L,0
575,9,35,S,T,0
575,9,35,S,R,0
575,9,35,W,L,0
575,9,35,W,T,1
575,9,35,W,R,0
576,9,36,N,L,0
576,9,36,N,T,0
576,9,36,N,R,0
576,9,36,E,L,0
576,9,36,E,T,0
576,9,36,E,R,0
576,9,36,S,L,0
576,9,36,S,T,0
576,9,36,S,R,0
576,9,36,W,L,0
576,9,36,W,T,0
576,9,36,W,R,0
577,9,37,N,L,0
577,9,37,N,T,0
577,9,37,N,R,0
577,9,37,E,L,0
577,9,37,E,T,0
577,9,37,E,R,0
577,9,37,S,L,0
577,9,37,S,T,0
577,9,37,S,R,0
577,9,37,W,L,0
577,9,37,W,T,0
577,9,37,W,R,0
578,9,38,N,L,0
578,9,38,N,T,0
578,9,38,N,R,0
578,9,38,E,L,0
578,9,38,E,T,0
578,9,38,E,R,1
578,9,38,S,L,0
578,9,38,S,T,0
578,9,38,S,R,0
578,9,38,W,L,0
578,9,38,W,T,0
578,9,38,W,R,0
579,9,39,N,L,0
579,9,39,N,T,0
579,9,39,N,R,0
579,9,39,E,L,0
579,9,39,E,T,0
579,9,39,E,R,0
579,9,39,S,L,0
579,9,39,S,T,2
579,9,39,S,R,0
579,9,39,W,L,0
579,9,39,W,T,0
579,9,39,W,R,0
580,9,40,N,L,0
580,9,40,N,T,0
580,9,40,N,R,0
580,9,40,E,L,0
580,9,40,E,T,0
580,9,40,E,R,0
580,9,40,S,L,0
580,9,40,S,T,0
580,9,40,S,R,0
580,9,40,W,L,0
580,9,40,W,T,0
580,9,40,W,R,1
581,9,41,N,L,0
581,9,41,N,T,1
581,9,41,N,R,0
581,9,41,E,L,0
581,9,41,E,T,0
581,9,41,E,R,0
581,9,41,S,L,0
581,9,41,S,T,0
581,9,41,S,R,0
581,9,41,W,L,0
581,9,41,W,T,0
581,9,41,W,R,0
582,9,42,N,L,0
582,9,42,N,T,0
582,9,42,N,R,0
582,9,42,E,L,0
582,9,42,E,T,0
582,9,42,E,R,0
582,9,42,S,L,0
582,9,42,S,T,0
582,9,42,S,R,0
582,9,42,W,L,0
582,9,42,W,T,0
582,9,42,W,R,0
583,9,43,N,L,0
583,9,43,N,T,1
583,9,43,N,R,0
583,9,43,E,L,0
583,9,43,E,T,0
583,9,43,E,R,0
583,9,43,S,L,0
583,9,43,S,T,1
583,9,43,S,R,0
583,9,43,W,L,0
583,9,43,W,T,0
583,9,43,W,R,0
584,9,44,N,L,0
584,9,44,N,T,0
584,9,44,N,R,0
584,9,44,E,L,0
584,9,44,E,T,0
584,9,44,E,R,0
584,9,44,S,L,0
584,9,44,S,T,0
584,9,44,S,R,0
584,9,44,W,L,0
584,9,44,W,T,1
584,9,44,W,R,0
585,9,45,N,L,0
585,9,45,N,T,0
585,9,45,N,R,0
585,9,45,E,L,0
585,9,45,E,T,0
585,9,45,E,R,0
585,9,45,S,L,0
585,9,45,S,T,0
585,9,45,S,R,0
585,9,45,W,L,0
585,9,45,W,T,0
585,9,45,W,R,0
586,9,46,N,L,0
586,9,46,N,T,2
586,9,46,N,R,0
586,9,46,E,L,0
586,9,46,E,T,0
586,9,46,E,R,0
586,9,46,S,L,0
586,9,46,S,T,1
586,9,46,S,R,0
586,9,46,W,L,0
586,9,46,W,T,0
586,9,46,W,R,0
587,9,47,N,L,0
587,9,47,N,T,0
587,9,47,N,R,0
587,9,47,E,L,0
587,9,47,E,T,1
587,9,47,E,R,0
587,9,47,S,L,0
587,9,47,S,T,1
587,9,47,S,R,0
587,9,47,W,L,0
587,9,47,W,T,0
587,9,47,W,R,0
588,9,48,N,L,0
588,9,48,N,T,0
588,9,48,N,R,0
588,9,48,E,L,0
588,9,48,E,T,0
588,9,48,E,R,0
588,9,48,S,L,0
588,9,48,S,T,0
588,9,48,S,R,0
588,9,48,W,L,0
588,9,48,W,T,0
588,9,48,W,R,0
589,9,49,N,L,0
589,9,49,N,T,1
589,9,49,N,R,0
589,9,49,E,L,0
589,9,49,E,T,0
589,9,49,E,R,0
589,9,49,S,L,0
589,9,49,S,T,0
589,9,49,S,R,0
589,9,49,W,L,0
589,9,49,W,T,0
589,9,49,W,R,0
590,9,50,N,L,0
590,9,50,N,T,0
590,9,50,N,R,0
590,9,50,E,L,0
590,9,50,E,T,0
590,9,50,E,R,0
590,9,50,S,L,0
590,9,50,S,T,0
590,9,50,S,R,0
590,9,50,W,L,0
590,9,50,W,T,0
590,9,50,W,R,0
591,9,51,N,L,0
591,9,51,N,T,0
591,9,51,N,R,0
591,9,51,E,L,0
591,9,51,E,T,0
591,9,51,E,R,0
591,9,51,S,L,0
591,9,51,S,T,1
591,9,51,S,R,0
591,9,51,W,L,0
591,9,51,W,T,0
591,9,51,W,R,0
592,9,52,N,L,0
592,9,52,N,T,0
592,9,52,N,R,0
592,9,52,E,L,0
592,9,52,E,T,1
592,9,52,E,R,0
592,9,52,S,L,0
592,9,52,S,T,1
592,9,52,S,R,0
592,9,52,W,L,0
592,9,52,W,T,0
592,9,52,W,R,0
593,9,53,N,L,0
593,9,53,N,T,1
593,9,53,N,R,0
593,9,53,E,L,0
593,9,53,E,T,0
593,9,53,E,R,0
593,9,53,S,L,0
593,9,53,S,T,0
593,9,53,S,R,0
593,9,53,W,L,0
593,9,53,W,T,0
593,9,53,W,R,0
594,9,54,N,L,0
594,9,54,N,T,1
594,9,54,N,R,0
594,9,54,E,L,0
594,9,54,E,T,0
594,9,54,E,R,0
594,9,54,S,L,0
594,9,54,S,T,0
594,9,54,S,R,0
594,9,54,W,L,0
594,9,54,W,T,0
594,9,54,W,R,0
595,9,55,N,L,0
595,9,55,N,T,0
595,9,55,N,R,0
595,9,55,E,L,0
595,9,55,E,T,1
595,9,55,E,R,0
595,9,55,S,L,0
595,9,55,S,T,0
595,9,55,S,R,0
595,9,55,W,L,0
595,9,55,W,T,0
595,9,55,W,R,0
596,9,56,N,L,0
596,9,56,N,T,0
596,9,56,N,R,0
596,9,56,E,L,0
596,9,56,E,T,0
596,9,56,E,R,0
596,9,56,S,L,0
596,9,56,S,T,1
596,9,56,S,R,0
596,9,56,W,L,0
596,9,56,W,T,0
596,9,56,W,R,0
597,9,57,N,L,0
597,9,57,N,T,0
597,9,57,N,R,0
597,9,57,E,L,0
597,9,57,E,T,0
597,9,57,E,R,0
597,9,57,S,L,0
597,9,57,S,T,0
597,9,57,S,R,0
597,9,57,W,L,0
597,9,57,W,T,0
597,9,57,W,R,0
598,9,58,N,L,0
598,9,58,N,T,0
598,9,58,N,R,0
598,9,58,E,L,0
598,9,58,E,T,0
598,9,58,E,R,0
598,9,58,S,L,0
598,9,58,S,T,0
598,9,58,S,R,0
598,9,58,W,L,0
598,9,58,W,T,0
598,9,58,W,R,0
599,9,59,N,L,0
599,9,59,N,T,0
599,9,59,N,R,0
599,9,59,E,L,0
599,9,59,E,T,0
599,9,59,E,R,0
599,9,59,S,L,0
599,9,59,S,T,1
599,9,59,S,R,0
599,9,59,W,L,0
599,9,59,W,T,0
599,9,59,W,R,1
600,10,00,N,L,0
600,10,00,N,T,1
600,10,00,N,R,0
600,10,00,E,L,0
600,10,00,E,T,0
600,10,00,E,R,0
600,10,00,S,L,0
600,10,00,S,T,0
600,10,00,S,R,0
600,10,00,W,L,0
600,10,00,W,T,0
600,10,00,W,R,1
601,10,01,N,L,0
601,10,01,N,T,0
601,10,01,N,R,1
601,10,01,E,L,0
601,10,01,E,T,0
601,10,01,E,R,0
601,10,01,S,L,0
601,10,01,S,T,0
601,10,01,S,R,0
601,10,01,W,L,0
601,10,01,W,T,0
601,10,01,W,R,0
602,10,02,N,L,0
602,10,02,N,T,0
602,10,02,N,R,0
602,10,02,E,L,0
602,10,02,E,T,0
602,10,02,E,R,0
602,10,02,S,L,0
602,10,02,S,T,1
602,10,02,S,R,0
602,10,02,W,L,0
602,10,02,W,T,1
602,10,02,W,R,0
603,10,03,N,L,0
603,10,03,N,T,0
603,10,03,N,R,0
603,10,03,E,L,0
603,10,03,E,T,1
603,10,03,E,R,0
603,10,03,S,L,0
603,10,03,S,T,0
603,10,03,S,R,1
603,10,03,W,L,0
603,10,03,W,T,0
603,10,03,W,R,0
604,10,04,N,L,0
604,10,04,N,T,0
604,10,04,N,R,0
604,10,04,E,L,0
604,10,04,E,T,0
604,10,04,E,R,0
604,10,04,S,L,0
604,10,04,S,T,0
604,10,04,S,R,0
604,10,04,W,L,0
604,10,04,W,T,0
604,10,04,W,R,0
605,10,05,N,L,0
605,10,05,N,T,0
605,10,05,N,R,0
605,10,05,E,L,0
605,10,05,E,T,0
605,10,05,E,R,0
605,10,05,S,L,0
605,10,05,S,T,0
605,10,05,S,R,0
605,10,05,W,L,0
605,10,05,W,T,0
605,10,05,W,R,0
606,10,06,N,L,1
606,10,06,N,T,0
606,10,06,N,R,0
606,10,06,E,L,0
606,10,06,E,T,0
606,10,06,E,R,0
606,10,06,S,L,0
606,10,06,S,T,0
606,10,06,S,R,0
606,10,06,W,L,0
606,10,06,W,T,0
606,10,06,W,R,0
607,10,07,N,L,0
607,10,07,N,T,0
607,10,07,N,R,0
607,10,07,E,L,0
607,10,07,E,T,0
607,10,07,E,R,0
607,10,07,S,L,0
607,10,07,S,T,0
607,10,07,S,R,0
607,10,07,W,L,0
607,10,07,W,T,0
607,10,07,W,R,0
608,10,08,N,L,0
608,10,08,N,T,0
608,10,08,N,R,1
608,10,08,E,L,0
608,10,08,E,T,0
608,10,08,E,R,0
608,10,08,S,L,0
608,10,08,S,T,0
608,10,08,S,R,0
608,10,08,W,L,0
608,10,08,W,T,0
608,10,08,W,R,0
609,10,09,N,L,0
609,10,09,N,T,1
609,10,09,N,R,0
609,10,09,E,L,0
609,10,09,E,T,1
609,10,09,E,R,0
609,10,09,S,L,0
609,10,09,S,T,0
609,10,09,S,R,0
609,10,09,W,L,0
609,10,09,W,T,1
609,10,09,W,R,0
610,10,10,N,L,0
610,10,10,N,T,0
610,10,10,N,R,0
610,10,10,E,L,0
610,10,10,E,T,0
610,10,10,E,R,0
610,10,10,S,L,0
610,10,10,S,T,0
610,10,10,S,R,0
610,10,10,W,L,0
610,10,10,W,T,0
610,10,10,W,R,0
611,10,11,N,L,0
611,10,11,N,T,0
611,10,11,N,R,0
611,10,11,E,L,0
611,10,11,E,T,0
611,10,11,E,R,0
611,10,11,S,L,0
611,10,11,S,T,0
611,10,11,S,R,0
611,10,11,W,L,0
611,10,11,W,T,0
611,10,11,W,R,0
612,10,12,N,L,0
612,10,12,N,T,2
612,10,12,N,R,0
612,10,12,E,L,0
612,10,12,E,T,0
612,10,12,E,R,0
612,10,12,S,L,0
612,10,12,S,T,1
612,10,12,S,R,0
612,10,12,W,L,0
612,10,12,W,T,0
612,10,12,W,R,0
613,10,13,N,L,0
613,10,13,N,T,0
613,10,13,N,R,0
613,10,13,E,L,0
613,10,13,E,T,0
613,10,13,E,R,0
613,10,13,S,L,0
613,10,13,S,T,1
613,10,13,S,R,1
613,10,13,W,L,0
613,10,13,W,T,0
613,10,13,W,R,0
614,10,14,N,L,0
614,10,14,N,T,0
614,10,14,N,R,0
614,10,14,E,L,0
614,10,14,E,T,0
614,10,14,E,R,0
614,10,14,S,L,0
614,10,14,S,T,1
614,10,14,S,R,0
614,10,14,W,L,0
614,10,14,W,T,0
614,10,14,W,R,0
615,10,15,N,L,0
615,10,15,N,T,0
615,10,15,N,R,0
615,10,15,E,L,0
615,10,15,E,T,0
615,10,15,E,R,0
615,10,15,S,L,0
615,10,15,S,T,0
615,10,15,S,R,0
615,10,15,W,L,0
615,10,15,W,T,0
615,10,15,W,R,0
616,10,16,N,L,0
616,10,16,N,T,1
616,10,16,N,R,0
616,10,16,E,L,0
616,10,16,E,T,1
616,10,16,E,R,0
616,10,16,S,L,0
616,10,16,S,T,0
616,10,16,S,R,0
616,10,16,W,L,0
616,10,16,W,T,0
616,10,16,W,R,0
617,10,17,N,L,0
617,10,17,N,T,0
617,10,17,N,R,0
617,10,17,E,L,0
617,10,17,E,T,0
617,10,17,E,R,0
617,10,17,S,L,0
617,10,17,S,T,0
617,10,17,S,R,0
617,10,17,W,L,0
617,10,17,W,T,0
617,10,17,W,R,0
618,10,18,N,L,0
618,10,18,N,T,0
618,10,18,N,R,0
618,10,18,E,L,0
618,10,18,E,T,0
618,10,18,E,R,0
618,10,18,S,L,0
618,10,18,S,T,1
618,10,18,S,R,0
618,10,18,W,L,0
618,10,18,W,T,0
618,10,18,W,R,0
619,10,19,N,L,0
619,10,19,N,T,0
619,10,19,N,R,0
619,10,19,E,L,0
619,10,19,E,T,0
619,10,19,E,R,0
619,10,19,S,L,0
619,10,19,S,T,1
619,10,19,S,R,0
619,10,19,W,L,0
619,10,19,W,T,0
619,10,19,W,R,0
620,10,20,N,L,0
620,10,20,N,T,0
620,10,20,N,R,0
620,10,20,E,L,0
620,10,20,E,T,1
620,10,20,E,R,0
620,10,20,S,L,0
620,10,20,S,T,0
620,10,20,S,R,0
620,10,20,W,L,0
620,10,20,W,T,0
620,10,20,W,R,0
621,10,21,N,L,0
621,10,21,N,T,0
621,10,21,N,R,0
621,10,21,E,L,0
621,10,21,E,T,0
621,10,21,E,R,0
621,10,21,S,L,0
621,10,21,S,T,0
621,10,21,S,R,0
621,10,21,W,L,0
621,10,21,W,T,0
621,10,21,W,R,0
622,10,22,N,L,0
622,10,22,N,T,1
622,10,22,N,R,0
622,10,22,E,L,0
622,10,22,E,T,2
622,10,22,E,R,0
622,10,22,S,L,0
622,10,22,S,T,0
622,10,22,S,R,0
622,10,22,W,L,0
622,10,22,W,T,0
622,10,22,W,R,0
623,10,23,N,L,0
623,10,23,N,T,0
623,10,23,N,R,0
623,10,23,E,L,0
623,10,23,E,T,0
623,10,23,E,R,0
623,10,23,S,L,0
623,10,23,S,T,2
623,10,23,S,R,0
623,10,23,W,L,0
623,10,23,W,T,1
623,10,23,W,R,0
624,10,24,N,L,0
624,10,24,N,T,0
624,10,24,N,R,0
624,10,24,E,L,0
624,10,24,E,T,0
624,10,24,E,R,0
624,10,24,S,L,0
624,10,24,S,T,0
624,10,24,S,R,0
624,10,24,W,L,0
624,10,24,W,T,0
624,10,24,W,R,0
625,10,25,N,L,1
625,10,25,N,T,0
625,10,25,N,R,0
625,10,25,E,L,0
625,10,25,E,T,0
625,10,25,E,R,0
625,10,25,S,L,0
625,10,25,S,T,0
625,10,25,S,R,0
625,10,25,W,L,0
625,10,25,W,T,1
625,10,25,W,R,0
626,10,26,N,L,0
626,10,26,N,T,1
626,10,26,N,R,0
626,10,26,E,L,0
626,10,26,E,T,1
626,10,26,E,R,0
626,10,26,S,L,0
626,10,26,S,T,2
626,10,26,S,R,0
626,10,26,W,L,0
626,10,26,W,T,1
626,10,26,W,R,1
627,10,27,N,L,0
627,10,27,N,T,0
627,10,27,N,R,0
627,10,27,E,L,0
627,10,27,E,T,0
627,10,27,E,R,0
627,10,27,S,L,0
627,10,27,S,T,0
627,10,27,S,R,0
627,10,27,W,L,0
627,10,27,W,T,0
627,10,27,W,R,0
628,10,28,N,L,0
628,10,28,N,T,1
628,10,28,N,R,0
628,10,28,E,L,0
628,10,28,E,T,0
628,10,28,E,R,0
628,10,28,S,L,0
628,10,28,S,T,0
628,10,28,S,R,0
628,10,28,W,L,0
628,10,28,W,T,0
628,10,28,W,R,0
629,10,29,N,L,0
629,10,29,N,T,0
629,10,29,N,R,0
629,10,29,E,L,0
629,10,29,E,T,0
629,10,29,E,R,0
629,10,29,S,L,0
629,10,29,S,T,0
629,10,29,S,R,0
629,10,29,W,L,0
629,10,29,W,T,0
629,10,29,W,R,0
630,10,30,N,L,0
630,10,30,N,T,0
630,10,30,N,R,0
630,10,30,E,L,0
630,10,30,E,T,0
630,10,30,E,R,0
630,10,30,S,L,0
630,10,30,S,T,0
630,10,30,S,R,0
630,10,30,W,L,0
630,10,30,W,T,0
630,10,30,W,R,0
631,10,31,N,L,0
631,10,31,N,T,0
631,10,31,N,R,0
631,10,31,E,L,0
631,10,31,E,T,0
631,10,31,E,R,0
631,10,31,S,L,0
631,10,31,S,T,0
631,10,31,S,R,0
631,10,31,W,L,0
631,10,31,W,T,0
631,10,31,W,R,0
632,10,32,N,L,0
632,10,32,N,T,0
632,10,32,N,R,0
632,10,32,E,L,0
632,10,32,E,T,0
632,10,32,E,R,0
632,10,32,S,L,0
632,10,32,S,T,0
632,10,32,S,R,0
632,10,32,W,L,0
632,10,32,W,T,1
632,10,32,W,R,0
633,10,33,N,L,0
633,10,33,N,T,0
633,10,33,N,R,0
633,10,33,E,L,0
633,10,33,E,T,0
633,10,33,E,R,0
633,10,33,S,L,0
633,10,33,S,T,0
633,10,33,S,R,0
633,10,33,W,L,0
633,10,33,W,T,0
633,10,33,W,R,0
634,10,34,N,L,0
634,10,34,N,T,0
634,10,34,N,R,0
634,10,34,E,L,0
634,10,34,E,T,0
634,10,34,E,R,0
634,10,34,S,L,0
634,10,34,S,T,0
634,10,34,S,R,0
634,10,34,W,L,0
634,10,34,W,T,1
634,10,34,W,R,0
635,10,35,N,L,0
635,10,35,N,T,1
635,10,35,N,R,0
635,10,35,E,L,0
635,10,35,E,T,0
635,10,35,E,R,0
635,10,35,S,L,0
635,10,35,S,T,0
635,10,35,S,R,0
635,10,35,W,L,0
635,10,35,W,T,0
635,10,35,W,R,0
636,10,36,N,L,0
636,10,36,N,T,0
636,10,36,N,R,0
636,10,36,E,L,0
636,10,36,E,T,0
636,10,36,E,R,0
636,10,36,S,L,0
636,10,36,S,T,0
636,10,36,S,R,0
636,10,36,W,L,0
636,10,36,W,T,0
636,10,36,W,R,0
637,10,37,N,L,0
637,10,37,N,T,0
637,10,37,N,R,0
637,10,37,E,L,0
637,10,37,E,T,0
637,10,37,E,R,0
637,10,37,S,L,0
637,10,37,S,T,0
637,10,37,S,R,0
637,10,37,W,L,0
637,10,37,W,T,1
637,10,37,W,R,0
638,10,38,N,L,0
638,10,38,N,T,0
638,10,38,N,R,0
638,10,38,E,L,0
638,10,38,E,T,0
638,10,38,E,R,0
638,10,38,S,L,0
638,10,38,S,T,0
638,10,38,S,R,0
638,10,38,W,L,0
638,10,38,W,T,0
638,10,38,W,R,0
639,10,39,N,L,0
639,10,39,N,T,0
639,10,39,N,R,0
639,10,39,E,L,0
639,10,39,E,T,0
639,10,39,E,R,0
639,10,39,S,L,0
639,10,39,S,T,0
639,10,39,S,R,0
639,10,39,W,L,0
639,10,39,W,T,0
639,10,39,W,R,0
640,10,40,N,L,0
640,10,40,N,T,0
640,10,40,N,R,0
640,10,40,E,L,0
640,10,40,E,T,0
640,10,40,E,R,0
640,10,40,S,L,0
640,10,40,S,T,0
640,10,40,S,R,0
640,10,40,W,L,0
640,10,40,W,T,0
640,10,40,W,R,1
641,10,41,N,L,0
641,10,41,N,T,0
641,10,41,N,R,0
641,10,41,E,L,0
641,10,41,E,T,0
641,10,41,E,R,0
641,10,41,S,L,0
641,10,41,S,T,0
641,10,41,S,R,0
641,10,41,W,L,0
641,10,41,W,T,0
641,10,41,W,R,0
642,10,42,N,L,1
642,10,42,N,T,1
642,10,42,N,R,0
642,10,42,E,L,0
642,10,42,E,T,0
642,10,42,E,R,0
642,10,42,S,L,0
642,10,42,S,T,0
642,10,42,S,R,0
642,10,42,W,L,0
642,10,42,W,T,1
642,10,42,W,R,0
643,10,43,N,L,0
643,10,43,N,T,1
643,10,43,N,R,1
643,10,43,E,L,0
643,10,43,E,T,0
643,10,43,E,R,0
643,10,43,S,L,0
643,10,43,S,T,0
643,10,43,S,R,0
643,10,43,W,L,0
643,10,43,W,T,0
643,10,43,W,R,0
644,10,44,N,L,0
644,10,44,N,T,0
644,10,44,N,R,0
644,10,44,E,L,0
644,10,44,E,T,0
644,10,44,E,R,0
644,10,44,S,L,0
644,10,44,S,T,0
644,10,44,S,R,0
644,10,44,W,L,0
644,10,44,W,T,0
644,10,44,W,R,0
645,10,45,N,L,0
645,10,45,N,T,0
645,10,45,N,R,0
645,10,45,E,L,0
645,10,45,E,T,0
645,10,45,E,R,0
645,10,45,S,L,0
645,10,45,S,T,0
645,10,45,S,R,0
645,10,45,W,L,1
645,10,45,W,T,0
645,10,45,W,R,0
646,10,46,N,L,0
646,10,46,N,T,0
646,10,46,N,R,0
646,10,46,E,L,0
646,10,46,E,T,0
646,10,46,E,R,0
646,10,46,S,L,0
646,10,46,S,T,0
646,10,46,S,R,0
646,10,46,W,L,0
646,10,46,W,T,0
646,10,46,W,R,0
647,10,47,N,L,0
647,10,47,N,T,0
647,10,47,N,R,0
647,10,47,E,L,0
647,10,47,E,T,0
647,10,47,E,R,0
647,10,47,S,L,0
647,10,47,S,T,0
647,10,47,S,R,0
647,10,47,W,L,0
647,10,47,W,T,0
647,10,47,W,R,0
648,10,48,N,L,0
648,10,48,N,T,0
648,10,48,N,R,1
648,10,48,E,L,0
648,10,48,E,T,0
648,10,48,E,R,0
648,10,48,S,L,0
648,10,48,S,T,0
648,10,48,S,R,0
648,10,48,W,L,0
648,10,48,W,T,0
648,10,48,W,R,0
649,10,49,N,L,0
649,10,49,N,T,1
649,10,49,N,R,0
649,10,49,E,L,0
649,10,49,E,T,0
649,10,49,E,R,0
649,10,49,S,L,0
649,10,49,S,T,0
649,10,49,S,R,0
649,10,49,W,L,0
649,10,49,W,T,0
649,10,49,W,R,0
650,10,50,N,L,0
650,10,50,N,T,0
650,10,50,N,R,0
650,10,50,E,L,0
650,10,50,E,T,0
650,10,50,E,R,0
650,10,50,S,L,0
650,10,50,S,T,0
650,10,50,S,R,1
650,10,50,W,L,0
650,10,50,W,T,0
650,10,50,W,R,0
651,10,51,N,L,0
651,10,51,N,T,0
651,10,51,N,R,0
651,10,51,E,L,0
651,10,51,E,T,0
651,10,51,E,R,0
651,10,51,S,L,0
651,10,51,S,T,0
651,10,51,S,R,0
651,10,51,W,L,0
651,10,51,W,T,0
651,10,51,W,R,0
652,10,52,N,L,0
652,10,52,N,T,1
652,10,52,N,R,0
652,10,52,E,L,0
652,10,52,E,T,0
652,10,52,E,R,0
652,10,52,S,L,0
652,10,52,S,T,1
652,10,52,S,R,0
652,10,52,W,L,0
652,10,52,W,T,0
652,10,52,W,R,0
653,10,53,N,L,0
653,10,53,N,T,0
653,10,53,N,R,0
653,10,53,E,L,0
653,10,53,E,T,0
653,10,53,E,R,0
653,10,53,S,L,0
653,10,53,S,T,1
653,10,53,S,R,0
653,10,53,W,L,0
653,10,53,W,T,0
653,10,53,W,R,0
654,10,54,N,L,0
654,10,54,N,T,0
654,10,54,N,R,0
654,10,54,E,L,0
654,10,54,E,T,1
654,10,54,E,R,0
654,10,54,S,L,0
654,10,54,S,T,0
654,10,54,S,R,0
654,10,54,W,L,0
654,10,54,W,T,0
654,10,54,W,R,0
655,10,55,N,L,0
655,10,55,N,T,0
655,10,55,N,R,0
655,10,55,E,L,0
655,10,55,E,T,1
655,10,55,E,R,0
655,10,55,S,L,0
655,10,55,S,T,1
655,10,55,S,R,0
655,10,55,W,L,0
655,10,55,W,T,1
655,10,55,W,R,0
656,10,56,N,L,0
656,10,56,N,T,1
656,10,56,N,R,0
656,10,56,E,L,0
656,10,56,E,T,0
656,10,56,E,R,0
656,10,56,S,L,0
656,10,56,S,T,0
656,10,56,S,R,0
656,10,56,W,L,0
656,10,56,W,T,0
656,10,56,W,R,0
657,10,57,N,L,0
657,10,57,N,T,0
657,10,57,N,R,0
657,10,57,E,L,0
657,10,57,E,T,0
657,10,57,E,R,0
657,10,57,S,L,0
657,10,57,S,T,0
657,10,57,S,R,0
657,10,57,W,L,0
657,10,57,W,T,0
657,10,57,W,R,0
658,10,58,N,L,0
658,10,58,N,T,0
658,10,58,N,R,1
658,10,58,E,L,0
658,10,58,E,T,0
658,10,58,E,R,0
658,10,58,S,L,0
658,10,58,S,T,1
658,10,58,S,R,0
658,10,58,W,L,0
658,10,58,W,T,0
658,10,58,W,R,0
659,10,59,N,L,0
659,10,59,N,T,0
659,10,59,N,R,0
659,10,59,E,L,0
659,10,59,E,T,0
659,10,59,E,R,0
659,10,59,S,L,1
659,10,59,S,T,0
659,10,59,S,R,0
659,10,59,W,L,0
659,10,59,W,T,0
659,10,59,W,R,0
660,11,00,N,L,0
660,11,00,N,T,1
660,11,00,N,R,1
660,11,00,E,L,0
660,11,00,E,T,0
660,11,00,E,R,0
660,11,00,S,L,0
660,11,00,S,T,0
660,11,00,S,R,0
660,11,00,W,L,0
660,11,00,W,T,0
660,11,00,W,R,0
661,11,01,N,L,0
661,11,01,N,T,1
661,11,01,N,R,0
661,11,01,E,L,0
661,11,01,E,T,1
661,11,01,E,R,0
661,11,01,S,L,0
661,11,01,S,T,1
661,11,01,S,R,0
661,11,01,W,L,0
661,11,01,W,T,0
661,11,01,W,R,0
662,11,02,N,L,0
662,11,02,N,T,0
662,11,02,N,R,0
662,11,02,E,L,0
662,11,02,E,T,0
662,11,02,E,R,0
662,11,02,S,L,0
662,11,02,S,T,0
662,11,02,S,R,0
662,11,02,W,L,0
662,11,02,W,T,0
662,11,02,W,R,0
663,11,03,N,L,0
663,11,03,N,T,0
663,11,03,N,R,0
663,11,03,E,L,0
663,11,03,E,T,0
663,11,03,E,R,0
663,11,03,S,L,0
663,11,03,S,T,0
663,11,03,S,R,0
663,11,03,W,L,0
663,11,03,W,T,1
663,11,03,W,R,0
664,11,04,N,L,0
664,11,04,N,T,0
664,11,04,N,R,0
664,11,04,E,L,0
664,11,04,E,T,0
664,11,04,E,R,0
664,11,04,S,L,0
664,11,04,S,T,1
664,11,04,S,R,0
664,11,04,W,L,0
664,11,04,W,T,0
664,11,04,W,R,0
665,11,05,N,L,0
665,11,05,N,T,0
665,11,05,N,R,0
665,11,05,E,L,0
665,11,05,E,T,0
665,11,05,E,R,0
665,11,05,S,L,0
665,11,05,S,T,0
665,11,05,S,R,0
665,11,05,W,L,0
665,11,05,W,T,0
665,11,05,W,R,0
666,11,06,N,L,0
666,11,06,N,T,0
666,11,06,N,R,0
666,11,06,E,L,0
666,11,06,E,T,1
666,11,06,E,R,0
666,11,06,S,L,0
666,11,06,S,T,0
666,11,06,S,R,0
666,11,06,W,L,0
666,11,06,W,T,1
666,11,06,W,R,0
667,11,07,N,L,0
667,11,07,N,T,0
667,11,07,N,R,0
667,11,07,E,L,0
667,11,07,E,T,0
667,11,07,E,R,0
667,11,07,S,L,0
667,11,07,S,T,0
667,11,07,S,R,0
667,11,07,W,L,0
667,11,07,W,T,1
667,11,07,W,R,0
668,11,08,N,L,0
668,11,08,N,T,0
668,11,08,N,R,0
668,11,08,E,L,0
668,11,08,E,T,0
668,11,08,E,R,0
668,11,08,S,L,0
668,11,08,S,T,0
668,11,08,S,R,0
668,11,08,W,L,0
668,11,08,W,T,0
668,11,08,W,R,0
669,11,09,N,L,0
669,11,09,N,T,0
669,11,09,N,R,0
669,11,09,E,L,1
669,11,09,E,T,1
669,11,09,E,R,0
669,11,09,S,L,0
669,11,09,S,T,0
669,11,09,S,R,0
669,11,09,W,L,0
669,11,09,W,T,0
669,11,09,W,R,0
670,11,10,N,L,0
670,11,10,N,T,0
670,11,10,N,R,0
670,11,10,E,L,0
670,11,10,E,T,0
670,11,10,E,R,0
670,11,10,S,L,0
670,11,10,S,T,1
670,11,10,S,R,0
670,11,10,W,L,0
670,11,10,W,T,0
670,11,10,W,R,0
671,11,11,N,L,0
671,11,11,N,T,0
671,11,11,N,R,0
671,11,11,E,L,0
671,11,11,E,T,0
671,11,11,E,R,0
671,11,11,S,L,0
671,11,11,S,T,0
671,11,11,S,R,0
671,11,11,W,L,0
671,11,11,W,T,0
671,11,11,W,R,0
672,11,12,N,L,0
672,11,12,N,T,0
672,11,12,N,R,0
672,11,12,E,L,0
672,11,12,E,T,0
672,11,12,E,R,0
672,11,12,S,L,0
672,11,12,S,T,0
672,11,12,S,R,0
672,11,12,W,L,0
672,11,12,W,T,0
672,11,12,W,R,0
673,11,13,N,L,0
673,11,13,N,T,0
673,11,13,N,R,0
673,11,13,E,L,1
673,11,13,E,T,0
673,11,13,E,R,0
673,11,13,S,L,0
673,11,13,S,T,0
673,11,13,S,R,0
673,11,13,W,L,0
673,11,13,W,T,1
673,11,13,W,R,0
674,11,14,N,L,0
674,11,14,N,T,0
674,11,14,N,R,0
674,11,14,E,L,1
674,11,14,E,T,0
674,11,14,E,R,0
674,11,14,S,L,0
674,11,14,S,T,0
674,11,14,S,R,0
674,11,14,W,L,0
674,11,14,W,T,1
674,11,14,W,R,0
675,11,15,N,L,0
675,11,15,N,T,0
675,11,15,N,R,0
675,11,15,E,L,0
675,11,15,E,T,1
675,11,15,E,R,0
675,11,15,S,L,0
675,11,15,S,T,0
675,11,15,S,R,0
675,11,15,W,L,0
675,11,15,W,T,0
675,11,15,W,R,0
676,11,16,N,L,0
676,11,16,N,T,1
676,11,16,N,R,0
676,11,16,E,L,0
676,11,16,E,T,0
676,11,16,E,R,0
676,11,16,S,L,1
676,11,16,S,T,0
676,11,16,S,R,0
676,11,16,W,L,0
676,11,16,W,T,0
676,11,16,W,R,0
677,11,17,N,L,0
677,11,17,N,T,0
677,11,17,N,R,0
677,11,17,E,L,0
677,11,17,E,T,0
677,11,17,E,R,0
677,11,17,S,L,0
677,11,17,S,T,1
677,11,17,S,R,0
677,11,17,W,L,0
677,11,17,W,T,0
677,11,17,W,R,0
678,11,18,N,L,0
678,11,18,N,T,0
678,11,18,N,R,0
678,11,18,E,L,0
678,11,18,E,T,0
678,11,18,E,R,0
678,11,18,S,L,0
678,11,18,S,T,0
678,11,18,S,R,0
678,11,18,W,L,0
678,11,18,W,T,0
678,11,18,W,R,0
679,11,19,N,L,0
679,11,19,N,T,0
679,11,19,N,R,0
679,11,19,E,L,0
679,11,19,E,T,0
679,11,19,E,R,0
679,11,19,S,L,0
679,11,19,S,T,0
679,11,19,S,R,0
679,11,19,W,L,0
679,11,19,W,T,0
679,11,19,W,R,0
680,11,20,N,L,0
680,11,20,N,T,0
680,11,20,N,R,0
680,11,20,E,L,0
680,11,20,E,T,0
680,11,20,E,R,0
680,11,20,S,L,0
680,11,20,S,T,1
680,11,20,S,R,0
680,11,20,W,L,0
680,11,20,W,T,0
680,11,20,W,R,0
681,11,21,N,L,0
681,11,21,N,T,0
681,11,21,N,R,0
681,11,21,E,L,0
681,11,21,E,T,0
681,11,21,E,R,0
681,11,21,S,L,0
681,11,21,S,T,0
681,11,21,S,R,0
681,11,21,W,L,0
681,11,21,W,T,0
681,11,21,W,R,0
682,11,22,N,L,0
682,11,22,N,T,0
682,11,22,N,R,0
682,11,22,E,L,0
682,11,22,E,T,0
682,11,22,E,R,0
682,11,22,S,L,0
682,11,22,S,T,1
682,11,22,S,R,0
682,11,22,W,L,0
682,11,22,W,T,0
682,11,22,W,R,0
683,11,23,N,L,0
683,11,23,N,T,0
683,11,23,N,R,0
683,11,23,E,L,0
683,11,23,E,T,0
683,11,23,E,R,0
683,11,23,S,L,0
683,11,23,S,T,1
683,11,23,S,R,0
683,11,23,W,L,0
683,11,23,W,T,0
683,11,23,W,R,0
684,11,24,N,L,0
684,11,24,N,T,1
684,11,24,N,R,0
684,11,24,E,L,0
684,11,24,E,T,0
684,11,24,E,R,0
684,11,24,S,L,0
684,11,24,S,T,0
684,11,24,S,R,0
684,11,24,W,L,0
684,11,24,W,T,0
684,11,24,W,R,0
685,11,25,N,L,0
685,11,25,N,T,0
685,11,25,N,R,1
685,11,25,E,L,0
685,11,25,E,T,0
685,11,25,E,R,0
685,11,25,S,L,0
685,11,25,S,T,0
685,11,25,S,R,0
685,11,25,W,L,0
685,11,25,W,T,0
685,11,25,W,R,0
686,11,26,N,L,0
686,11,26,N,T,0
686,11,26,N,R,0
686,11,26,E,L,0
686,11,26,E,T,0
686,11,26,E,R,0
686,11,26,S,L,0
686,11,26,S,T,0
686,11,26,S,R,0
686,11,26,W,L,0
686,11,26,W,T,0
686,11,26,W,R,0
687,11,27,N,L,0
687,11,27,N,T,0
687,11,27,N,R,0
687,11,27,E,L,0
687,11,27,E,T,0
687,11,27,E,R,0
687,11,27,S,L,0
687,11,27,S,T,0
687,11,27,S,R,0
687,11,27,W,L,0
687,11,27,W,T,0
687,11,27,W,R,0
688,11,28,N,L,0
688,11,28,N,T,0
688,11,28,N,R,0
688,11,28,E,L,0
688,11,28,E,T,0
688,11,28,E,R,0
688,11,28,S,L,0
688,11,28,S,T,1
688,11,28,S,R,0
688,11,28,W,L,0
688,11,28,W,T,1
688,11,28,W,R,0
689,11,29,N,L,0
689,11,29,N,T,0
689,11,29,N,R,0
689,11,29,E,L,0
689,11,29,E,T,1
689,11,29,E,R,0
689,11,29,S,L,1
689,11,29,S,T,1
689,11,29,S,R,0
689,11,29,W,L,0
689,11,29,W,T,0
689,11,29,W,R,0
690,11,30,N,L,0
690,11,30,N,T,1
690,11,30,N,R,0
690,11,30,E,L,0
690,11,30,E,T,0
690,11,30,E,R,0
690,11,30,S,L,0
690,11,30,S,T,1
690,11,30,S,R,0
690,11,30,W,L,0
690,11,30,W,T,0
690,11,30,W,R,0
691,11,31,N,L,0
691,11,31,N,T,0
691,11,31,N,R,0
691,11,31,E,L,0
691,11,31,E,T,0
691,11,31,E,R,0
691,11,31,S,L,0
691,11,31,S,T,0
691,11,31,S,R,0
691,11,31,W,L,0
691,11,31,W,T,0
691,11,31,W,R,0
692,11,32,N,L,0
692,11,32,N,T,0
692,11,32,N,R,0
692,11,32,E,L,0
692,11,32,E,T,0
692,11,32,E,R,0
692,11,32,S,L,1
692,11,32,S,T,0
692,11,32,S,R,0
692,11,32,W,L,0
692,11,32,W,T,0
692,11,32,W,R,0
693,11,33,N,L,0
693,11,33,N,T,0
693,11,33,N,R,0
693,11,33,E,L,0
693,11,33,E,T,0
693,11,33,E,R,0
693,11,33,S,L,0
693,11,33,S,T,0
693,11,33,S,R,0
693,11,33,W,L,0
693,11,33,W,T,0
693,11,33,W,R,0
694,11,34,N,L,0
694,11,34,N,T,0
694,11,34,N,R,1
694,11,34,E,L,0
694,11,34,E,T,0
694,11,34,E,R,0
694,11,34,S,L,0
694,11,34,S,T,0
694,11,34,S,R,0
694,11,34,W,L,0
694,11,34,W,T,1
694,11,34,W,R,0
695,11,35,N,L,0
695,11,35,N,T,0
695,11,35,N,R,0
695,11,35,E,L,0
695,11,35,E,T,1
695,11,35,E,R,0
695,11,35,S,L,0
695,11,35,S,T,0
695,11,35,S,R,0
695,11,35,W,L,0
695,11,35,W,T,0
695,11,35,W,R,0
696,11,36,N,L,0
696,11,36,N,T,0
696,11,36,N,R,0
696,11,36,E,L,0
696,11,36,E,T,0
696,11,36,E,R,0
696,11,36,S,L,0
696,11,36,S,T,1
696,11,36,S,R,0
696,11,36,W,L,0
696,11,36,W,T,0
696,11,36,W,R,0
697,11,37,N,L,0
697,11,37,N,T,0
697,11,37,N,R,0
697,11,37,E,L,0
697,11,37,E,T,0
697,11,37,E,R,0
697,11,37,S,L,0
697,11,37,S,T,0
697,11,37,S,R,0
697,11,37,W,L,0
697,11,37,W,T,0
697,11,37,W,R,0
698,11,38,N,L,0
698,11,38,N,T,0
698,11,38,N,R,0
698,11,38,E,L,0
698,11,38,E,T,0
698,11,38,E,R,0
698,11,38,S,L,0
698,11,38,S,T,0
698,11,38,S,R,0
698,11,38,W,L,0
698,11,38,W,T,0
698,11,38,W,R,0
699,11,39,N,L,0
699,11,39,N,T,1
699,11,39,N,R,0
699,11,39,E,L,0
699,11,39,E,T,1
699,11,39,E,R,0
699,11,39,S,L,0
699,11,39,S,T,1
699,11,39,S,R,0
699,11,39,W,L,0
699,11,39,W,T,0
699,11,39,W,R,0
700,11,40,N,L,0
700,11,40,N,T,1
700,11,40,N,R,0
700,11,40,E,L,0
700,11,40,E,T,0
700,11,40,E,R,0
700,11,40,S,L,0
700,11,40,S,T,0
700,11,40,S,R,1
700,11,40,W,L,0
700,11,40,W,T,0
700,11,40,W,R,0
701,11,41,N,L,0
701,11,41,N,T,0
701,11,41,N,R,0
701,11,41,E,L,0
701,11,41,E,T,0
701,11,41,E,R,0
701,11,41,S,L,0
701,11,41,S,T,1
701,11,41,S,R,0
701,11,41,W,L,0
701,11,41,W,T,0
701,11,41,W,R,0
702,11,42,N,L,0
702,11,42,N,T,0
702,11,42,N,R,0
702,11,42,E,L,0
702,11,42,E,T,0
702,11,42,E,R,0
702,11,42,S,L,0
702,11,42,S,T,0
702,11,42,S,R,0
702,11,42,W,L,0
702,11,42,W,T,0
702,11,42,W,R,0
703,11,43,N,L,0
703,11,43,N,T,0
703,11,43,N,R,0
703,11,43,E,L,0
703,11,43,E,T,0
703,11,43,E,R,0
703,11,43,S,L,0
703,11,43,S,T,0
703,11,43,S,R,0
703,11,43,W,L,0
703,11,43,W,T,1
703,11,43,W,R,0
704,11,44,N,L,0
704,11,44,N,T,0
704,11,44,N,R,0
704,11,44,E,L,0
704,11,44,E,T,0
704,11,44,E,R,0
704,11,44,S,L,0
704,11,44,S,T,1
704,11,44,S,R,0
704,11,44,W,L,0
704,11,44,W,T,0
704,11,44,W,R,0
705,11,45,N,L,0
705,11,45,N,T,0
705,11,45,N,R,0
705,11,45,E,L,0
705,11,45,E,T,1
705,11,45,E,R,0
705,11,45,S,L,0
705,11,45,S,T,1
705,11,45,S,R,0
705,11,45,W,L,0
705,11,45,W,T,1
705,11,45,W,R,0
706,11,46,N,L,0
706,11,46,N,T,0
706,11,46,N,R,0
706,11,46,E,L,0
706,11,46,E,T,0
706,11,46,E,R,0
706,11,46,S,L,0
706,11,46,S,T,0
706,11,46,S,R,0
706,11,46,W,L,0
706,11,46,W,T,0
706,11,46,W,R,0
707,11,47,N,L,0
707,11,47,N,T,0
707,11,47,N,R,0
707,11,47,E,L,0
707,11,47,E,T,0
707,11,47,E,R,0
707,11,47,S,L,0
707,11,47,S,T,0
707,11,47,S,R,0
707,11,47,W,L,0
707,11,47,W,T,0
707,11,47,W,R,0
708,11,48,N,L,0
708,11,48,N,T,0
708,11,48,N,R,0
708,11,48,E,L,0
708,11,48,E,T,0
708,11,48,E,R,0
708,11,48,S,L,0
708,11,48,S,T,1
708,11,48,S,R,0
708,11,48,W,L,0
708,11,48,W,T,1
708,11,48,W,R,0
709,11,49,N,L,0
709,11,49,N,T,0
709,11,49,N,R,0
709,11,49,E,L,0
709,11,49,E,T,0
709,11,49,E,R,0
709,11,49,S,L,1
709,11,49,S,T,0
709,11,49,S,R,0
709,11,49,W,L,0
709,11,49,W,T,0
709,11,49,W,R,0
710,11,50,N,L,0
710,11,50,N,T,0
710,11,50,N,R,0
710,11,50,E,L,0
710,11,50,E,T,0
710,11,50,E,R,0
710,11,50,S,L,0
710,11,50,S,T,1
710,11,50,S,R,0
710,11,50,W,L,0
710,11,50,W,T,0
710,11,50,W,R,0
711,11,51,N,L,0
711,11,51,N,T,2
711,11,51,N,R,0
711,11,51,E,L,0
711,11,51,E,T,1
711,11,51,E,R,0
711,11,51,S,L,0
711,11,51,S,T,0
711,11,51,S,R,0
711,11,51,W,L,0
711,11,51,W,T,0
711,11,51,W,R,0
712,11,52,N,L,0
712,11,52,N,T,0
712,11,52,N,R,1
712,11,52,E,L,0
712,11,52,E,T,0
712,11,52,E,R,0
712,11,52,S,L,0
712,11,52,S,T,0
712,11,52,S,R,0
712,11,52,W,L,0
712,11,52,W,T,0
712,11,52,W,R,0
713,11,53,N,L,0
713,11,53,N,T,0
713,11,53,N,R,0
713,11,53,E,L,0
713,11,53,E,T,0
713,11,53,E,R,0
713,11,53,S,L,0
713,11,53,S,T,0
713,11,53,S,R,0
713,11,53,W,L,1
713,11,53,W,T,0
713,11,53,W,R,0
714,11,54,N,L,0
714,11,54,N,T,0
714,11,54,N,R,0
714,11,54,E,L,0
714,11,54,E,T,0
714,11,54,E,R,0
714,11,54,S,L,0
714,11,54,S,T,2
714,11,54,S,R,0
714,11,54,W,L,0
714,11,54,W,T,0
714,11,54,W,R,0
715,11,55,N,L,0
715,11,55,N,T,0
715,11,55,N,R,0
715,11,55,E,L,0
715,11,55,E,T,1
715,11,55,E,R,0
715,11,55,S,L,1
715,11,55,S,T,0
715,11,55,S,R,0
715,11,55,W,L,0
715,11,55,W,T,0
715,11,55,W,R,0
716,11,56,N,L,0
716,11,56,N,T,0
716,11,56,N,R,0
716,11,56,E,L,0
716,11,56,E,T,0
716,11,56,E,R,0
716,11,56,S,L,0
716,11,56,S,T,0
716,11,56,S,R,0
716,11,56,W,L,0
716,11,56,W,T,0
716,11,56,W,R,0
717,11,57,N,L,0
717,11,57,N,T,2
717,11,57,N,R,0
717,11,57,E,L,0
717,11,57,E,T,0
717,11,57,E,R,0
717,11,57,S,L,0
717,11,57,S,T,0
717,11,57,S,R,0
717,11,57,W,L,0
717,11,57,W,T,2
717,11,57,W,R,0
718,11,58,N,L,0
718,11,58,N,T,1
718,11,58,N,R,0
718,11,58,E,L,0
718,11,58,E,T,1
718,11,58,E,R,0
718,11,58,S,L,0
718,11,58,S,T,0
718,11,58,S,R,0
718,11,58,W,L,0
718,11,58,W,T,0
718,11,58,W,R,0
719,11,59,N,L,0
719,11,59,N,T,0
719,11,59,N,R,0
719,11,59,E,L,0
719,11,59,E,T,0
719,11,59,E,R,0
719,11,59,S,L,0
719,11,59,S,T,0
719,11,59,S,R,0
719,11,59,W,L,0
719,11,59,W,T,1
719,11,59,W,R,0
720,12,00,N,L,0
720,12,00,N,T,0
720,12,00,N,R,0
720,12,00,E,L,0
720,12,00,E,T,0
720,12,00,E,R,0
720,12,00,S,L,0
720,12,00,S,T,0
720,12,00,S,R,0
720,12,00,W,L,0
720,12,00,W,T,0
720,12,00,W,R,0
721,12,01,N,L,0
721,12,01,N,T,1
721,12,01,N,R,0
721,12,01,E,L,0
721,12,01,E,T,0
721,12,01,E,R,0
721,12,01,S,L,0
721,12,01,S,T,0
721,12,01,S,R,0
721,12,01,W,L,0
721,12,01,W,T,0
721,12,01,W,R,0
722,12,02,N,L,0
722,12,02,N,T,0
722,12,02,N,R,0
722,12,02,E,L,0
722,12,02,E,T,1
722,12,02,E,R,0
722,12,02,S,L,0
722,12,02,S,T,0
722,12,02,S,R,1
722,12,02,W,L,0
722,12,02,W,T,0
722,12,02,W,R,0
723,12,03,N,L,0
723,12,03,N,T,0
723,12,03,N,R,0
723,12,03,E,L,0
723,12,03,E,T,1
723,12,03,E,R,0
723,12,03,S,L,0
723,12,03,S,T,0
723,12,03,S,R,0
723,12,03,W,L,0
723,12,03,W,T,0
723,12,03,W,R,0
724,12,04,N,L,0
724,12,04,N,T,0
724,12,04,N,R,0
724,12,04,E,L,0
724,12,04,E,T,1
724,12,04,E,R,0
724,12,04,S,L,0
724,12,04,S,T,1
724,12,04,S,R,0
724,12,04,W,L,0
724,12,04,W,T,0
724,12,04,W,R,0
725,12,05,N,L,0
725,12,05,N,T,0
725,12,05,N,R,0
725,12,05,E,L,0
725,12,05,E,T,1
725,12,05,E,R,0
725,12,05,S,L,0
725,12,05,S,T,1
725,12,05,S,R,0
725,12,05,W,L,0
725,12,05,W,T,0
725,12,05,W,R,0
726,12,06,N,L,0
726,12,06,N,T,0
726,12,06,N,R,0
726,12,06,E,L,0
726,12,06,E,T,0
726,12,06,E,R,0
726,12,06,S,L,0
726,12,06,S,T,0
726,12,06,S,R,0
726,12,06,W,L,0
726,12,06,W,T,2
726,12,06,W,R,0
727,12,07,N,L,0
727,12,07,N,T,1
727,12,07,N,R,0
727,12,07,E,L,0
727,12,07,E,T,0
727,12,07,E,R,0
727,12,07,S,L,0
727,12,07,S,T,0
727,12,07,S,R,0
727,12,07,W,L,0
727,12,07,W,T,0
727,12,07,W,R,0
728,12,08,N,L,0
728,12,08,N,T,1
728,12,08,N,R,0
728,12,08,E,L,0
728,12,08,E,T,0
728,12,08,E,R,0
728,12,08,S,L,0
728,12,08,S,T,0
728,12,08,S,R,0
728,12,08,W,L,0
728,12,08,W,T,0
728,12,08,W,R,0
729,12,09,N,L,0
729,12,09,N,T,0
729,12,09,N,R,0
729,12,09,E,L,0
729,12,09,E,T,1
729,12,09,E,R,0
729,12,09,S,L,1
729,12,09,S,T,0
729,12,09,S,R,0
729,12,09,W,L,0
729,12,09,W,T,0
729,12,09,W,R,0
730,12,10,N,L,0
730,12,10,N,T,0
730,12,10,N,R,0
730,12,10,E,L,0
730,12,10,E,T,2
730,12,10,E,R,0
730,12,10,S,L,0
730,12,10,S,T,0
730,12,10,S,R,0
730,12,10,W,L,0
730,12,10,W,T,0
730,12,10,W,R,0
731,12,11,N,L,0
731,12,11,N,T,1
731,12,11,N,R,0
731,12,11,E,L,0
731,12,11,E,T,0
731,12,11,E,R,0
731,12,11,S,L,0
731,12,11,S,T,1
731,12,11,S,R,0
731,12,11,W,L,0
731,12,11,W,T,0
731,12,11,W,R,0
732,12,12,N,L,0
732,12,12,N,T,1
732,12,12,N,R,0
732,12,12,E,L,0
732,12,12,E,T,0
732,12,12,E,R,0
732,12,12,S,L,0
732,12,12,S,T,1
732,12,12,S,R,0
732,12,12,W,L,0
732,12,12,W,T,0
732,12,12,W,R,0
733,12,13,N,L,0
733,12,13,N,T,1
733,12,13,N,R,0
733,12,13,E,L,1
733,12,13,E,T,0
733,12,13,E,R,0
733,12,13,S,L,0
733,12,13,S,T,0
733,12,13,S,R,0
733,12,13,W,L,0
733,12,13,W,T,0
733,12,13,W,R,0
734,12,14,N,L,0
734,12,14,N,T,0
734,12,14,N,R,0
734,12,14,E,L,0
734,12,14,E,T,0
734,12,14,E,R,0
734,12,14,S,L,0
734,12,14,S,T,0
734,12,14,S,R,0
734,12,14,W,L,0
734,12,14,W,T,0
734,12,14,W,R,0
735,12,15,N,L,0
735,12,15,N,T,0
735,12,15,N,R,0
735,12,15,E,L,1
735,12,15,E,T,0
735,12,15,E,R,0
735,12,15,S,L,0
735,12,15,S,T,0
735,12,15,S,R,0
735,12,15,W,L,0
735,12,15,W,T,1
735,12,15,W,R,0
736,12,16,N,L,1
736,12,16,N,T,0
736,12,16,N,R,0
736,12,16,E,L,0
736,12,16,E,T,0
736,12,16,E,R,0
736,12,16,S,L,0
736,12,16,S,T,0
736,12,16,S,R,0
736,12,16,W,L,0
736,12,16,W,T,0
736,12,16,W,R,0
737,12,17,N,L,0
737,12,17,N,T,0
737,12,17,N,R,0
737,12,17,E,L,1
737,12,17,E,T,1
737,12,17,E,R,0
737,12,17,S,L,0
737,12,17,S,T,0
737,12,17,S,R,0
737,12,17,W,L,0
737,12,17,W,T,0
737,12,17,W,R,0
738,12,18,N,L,0
738,12,18,N,T,0
738,12,18,N,R,0
738,12,18,E,L,0
738,12,18,E,T,0
738,12,18,E,R,0
738,12,18,S,L,0
738,12,18,S,T,2
738,12,18,S,R,0
738,12,18,W,L,0
738,12,18,W,T,0
738,12,18,W,R,0
739,12,19,N,L,0
739,12,19,N,T,0
739,12,19,N,R,0
739,12,19,E,L,0
739,12,19,E,T,0
739,12,19,E,R,0
739,12,19,S,L,0
739,12,19,S,T,1
739,12,19,S,R,0
739,12,19,W,L,0
739,12,19,W,T,0
739,12,19,W,R,0
740,12,20,N,L,0
740,12,20,N,T,0
740,12,20,N,R,0
740,12,20,E,L,0
740,12,20,E,T,1
740,12,20,E,R,1
740,12,20,S,L,0
740,12,20,S,T,0
740,12,20,S,R,0
740,12,20,W,L,0
740,12,20,W,T,0
740,12,20,W,R,0
741,12,21,N,L,0
741,12,21,N,T,0
741,12,21,N,R,0
741,12,21,E,L,1
741,12,21,E,T,0
741,12,21,E,R,0
741,12,21,S,L,0
741,12,21,S,T,0
741,12,21,S,R,0
741,12,21,W,L,0
741,12,21,W,T,0
741,12,21,W,R,0
742,12,22,N,L,0
742,12,22,N,T,1
742,12,22,N,R,0
742,12,22,E,L,0
742,12,22,E,T,0
742,12,22,E,R,0
742,12,22,S,L,0
742,12,22,S,T,1
742,12,22,S,R,0
742,12,22,W,L,0
742,12,22,W,T,0
742,12,22,W,R,0
743,12,23,N,L,0
743,12,23,N,T,0
743,12,23,N,R,0
743,12,23,E,L,0
743,12,23,E,T,0
743,12,23,E,R,0
743,12,23,S,L,0
743,12,23,S,T,1
743,12,23,S,R,0
743,12,23,W,L,0
743,12,23,W,T,0
743,12,23,W,R,0
744,12,24,N,L,0
744,12,24,N,T,0
744,12,24,N,R,0
744,12,24,E,L,0
744,12,24,E,T,0
744,12,24,E,R,0
744,12,24,S,L,0
744,12,24,S,T,2
744,12,24,S,R,0
744,12,24,W,L,0
744,12,24,W,T,0
744,12,24,W,R,0
745,12,25,N,L,0
745,12,25,N,T,0
745,12,25,N,R,0
745,12,25,E,L,0
745,12,25,E,T,0
745,12,25,E,R,0
745,12,25,S,L,0
745,12,25,S,T,0
745,12,25,S,R,0
745,12,25,W,L,0
745,12,25,W,T,1
745,12,25,W,R,0
746,12,26,N,L,0
746,12,26,N,T,0
746,12,26,N,R,0
746,12,26,E,L,0
746,12,26,E,T,0
746,12,26,E,R,0
746,12,26,S,L,1
746,12,26,S,T,0
746,12,26,S,R,0
746,12,26,W,L,0
746,12,26,W,T,0
746,12,26,W,R,0
747,12,27,N,L,0
747,12,27,N,T,0
747,12,27,N,R,0
747,12,27,E,L,0
747,12,27,E,T,1
747,12,27,E,R,0
747,12,27,S,L,0
747,12,27,S,T,0
747,12,27,S,R,0
747,12,27,W,L,0
747,12,27,W,T,0
747,12,27,W,R,0
748,12,28,N,L,0
748,12,28,N,T,0
748,12,28,N,R,0
748,12,28,E,L,0
748,12,28,E,T,0
748,12,28,E,R,0
748,12,28,S,L,0
748,12,28,S,T,1
748,12,28,S,R,0
748,12,28,W,L,0
748,12,28,W,T,1
748,12,28,W,R,0
749,12,29,N,L,0
749,12,29,N,T,1
749,12,29,N,R,0
749,12,29,E,L,0
749,12,29,E,T,0
749,12,29,E,R,0
749,12,29,S,L,0
749,12,29,S,T,0
749,12,29,S,R,0
749,12,29,W,L,0
749,12,29,W,T,0
749,12,29,W,R,0
750,12,30,N,L,0
750,12,30,N,T,2
750,12,30,N,R,0
750,12,30,E,L,0
750,12,30,E,T,0
750,12,30,E,R,0
750,12,30,S,L,0
750,12,30,S,T,1
750,12,30,S,R,0
750,12,30,W,L,0
750,12,30,W,T,0
750,12,30,W,R,0
751,12,31,N,L,0
751,12,31,N,T,0
751,12,31,N,R,0
751,12,31,E,L,0
751,12,31,E,T,0
751,12,31,E,R,0
751,12,31,S,L,0
751,12,31,S,T,0
751,12,31,S,R,0
751,12,31,W,L,0
751,12,31,W,T,0
751,12,31,W,R,0
752,12,32,N,L,0
752,12,32,N,T,0
752,12,32,N,R,0
752,12,32,E,L,0
752,12,32,E,T,0
752,12,32,E,R,0
752,12,32,S,L,0
752,12,32,S,T,0
752,12,32,S,R,0
752,12,32,W,L,0
752,12,32,W,T,0
752,12,32,W,R,0
753,12,33,N,L,0
753,12,33,N,T,0
753,12,33,N,R,0
753,12,33,E,L,0
753,12,33,E,T,1
753,12,33,E,R,0
753,12,33,S,L,0
753,12,33,S,T,0
753,12,33,S,R,0
753,12,33,W,L,0
753,12,33,W,T,0
753,12,33,W,R,0
754,12,34,N,L,0
754,12,34,N,T,1
754,12,34,N,R,0
754,12,34,E,L,0
754,12,34,E,T,0
754,12,34,E,R,0
754,12,34,S,L,0
754,12,34,S,T,1
754,12,34,S,R,0
754,12,34,W,L,0
754,12,34,W,T,1
754,12,34,W,R,0
755,12,35,N,L,0
755,12,35,N,T,0
755,12,35,N,R,0
755,12,35,E,L,0
755,12,35,E,T,0
755,12,35,E,R,0
755,12,35,S,L,0
755,12,35,S,T,1
755,12,35,S,R,0
755,12,35,W,L,0
755,12,35,W,T,0
755,12,35,W,R,0
756,12,36,N,L,0
756,12,36,N,T,0
756,12,36,N,R,0
756,12,36,E,L,0
756,12,36,E,T,0
756,12,36,E,R,0
756,12,36,S,L,0
756,12,36,S,T,0
756,12,36,S,R,0
756,12,36,W,L,0
756,12,36,W,T,0
756,12,36,W,R,0
757,12,37,N,L,0
757,12,37,N,T,0
757,12,37,N,R,0
757,12,37,E,L,0
757,12,37,E,T,0
757,12,37,E,R,0
757,12,37,S,L,0
757,12,37,S,T,0
757,12,37,S,R,0
757,12,37,W,L,0
757,12,37,W,T,0
757,12,37,W,R,0
758,12,38,N,L,0
758,12,38,N,T,0
758,12,38,N,R,0
758,12,38,E,L,0
758,12,38,E,T,1
758,12,38,E,R,0
758,12,38,S,L,0
758,12,38,S,T,2
758,12,38,S,R,0
758,12,38,W,L,0
758,12,38,W,T,0
758,12,38,W,R,0
759,12,39,N,L,0
759,12,39,N,T,0
759,12,39,N,R,0
759,12,39,E,L,0
759,12,39,E,T,0
759,12,39,E,R,0
759,12,39,S,L,1
759,12,39,S,T,0
759,12,39,S,R,0
759,12,39,W,L,0
759,12,39,W,T,0
759,12,39,W,R,0
760,12,40,N,L,0
760,12,40,N,T,0
760,12,40,N,R,0
760,12,40,E,L,0
760,12,40,E,T,2
760,12,40,E,R,0
760,12,40,S,L,0
760,12,40,S,T,0
760,12,40,S,R,0
760,12,40,W,L,0
760,12,40,W,T,0
760,12,40,W,R,0
761,12,41,N,L,0
761,12,41,N,T,0
761,12,41,N,R,0
761,12,41,E,L,0
761,12,41,E,T,0
761,12,41,E,R,0
761,12,41,S,L,0
761,12,41,S,T,0
761,12,41,S,R,1
761,12,41,W,L,0
761,12,41,W,T,0
761,12,41,W,R,0
762,12,42,N,L,0
762,12,42,N,T,1
762,12,42,N,R,0
762,12,42,E,L,0
762,12,42,E,T,0
762,12,42,E,R,0
762,12,42,S,L,0
762,12,42,S,T,0
762,12,42,S,R,0
762,12,42,W,L,0
762,12,42,W,T,0
762,12,42,W,R,0
763,12,43,N,L,0
763,12,43,N,T,0
763,12,43,N,R,0
763,12,43,E,L,0
763,12,43,E,T,0
763,12,43,E,R,0
763,12,43,S,L,0
763,12,43,S,T,0
763,12,43,S,R,0
763,12,43,W,L,0
763,12,43,W,T,0
763,12,43,W,R,0
764,12,44,N,L,0
764,12,44,N,T,0
764,12,44,N,R,0
764,12,44,E,L,0
764,12,44,E,T,0
764,12,44,E,R,0
764,12,44,S,L,0
764,12,44,S,T,0
764,12,44,S,R,0
764,12,44,W,L,0
764,12,44,W,T,0
764,12,44,W,R,0
765,12,45,N,L,0
765,12,45,N,T,0
765,12,45,N,R,0
765,12,45,E,L,0
765,12,45,E,T,1
765,12,45,E,R,0
765,12,45,S,L,0
765,12,45,S,T,0
765,12,45,S,R,0
765,12,45,W,L,0
765,12,45,W,T,0
765,12,45,W,R,0
766,12,46,N,L,0
766,12,46,N,T,0
766,12,46,N,R,0
766,12,46,E,L,1
766,12,46,E,T,0
766,12,46,E,R,0
766,12,46,S,L,0
766,12,46,S,T,0
766,12,46,S,R,0
766,12,46,W,L,0
766,12,46,W,T,0
766,12,46,W,R,0
767,12,47,N,L,0
767,12,47,N,T,0
767,12,47,N,R,0
767,12,47,E,L,0
767,12,47,E,T,0
767,12,47,E,R,0
767,12,47,S,L,0
767,12,47,S,T,0
767,12,47,S,R,0
767,12,47,W,L,0
767,12,47,W,T,0
767,12,47,W,R,0
768,12,48,N,L,0
768,12,48,N,T,0
768,12,48,N,R,0
768,12,48,E,L,1
768,12,48,E,T,0
768,12,48,E,R,0
768,12,48,S,L,0
768,12,48,S,T,0
768,12,48,S,R,0
768,12,48,W,L,0
768,12,48,W,T,1
768,12,48,W,R,0
769,12,49,N,L,0
769,12,49,N,T,0
769,12,49,N,R,0
769,12,49,E,L,0
769,12,49,E,T,0
769,12,49,E,R,0
769,12,49,S,L,0
769,12,49,S,T,0
769,12,49,S,R,0
769,12,49,W,L,0
769,12,49,W,T,1
769,12,49,W,R,0
770,12,50,N,L,0
770,12,50,N,T,1
770,12,50,N,R,0
770,12,50,E,L,0
770,12,50,E,T,0
770,12,50,E,R,0
770,12,50,S,L,0
770,12,50,S,T,0
770,12,50,S,R,0
770,12,50,W,L,0
770,12,50,W,T,0
770,12,50,W,R,0
771,12,51,N,L,0
771,12,51,N,T,0
771,12,51,N,R,0
771,12,51,E,L,0
771,12,51,E,T,0
771,12,51,E,R,0
771,12,51,S,L,0
771,12,51,S,T,0
771,12,51,S,R,0
771,12,51,W,L,0
771,12,51,W,T,2
771,12,51,W,R,0
772,12,52,N,L,0
772,12,52,N,T,0
772,12,52,N,R,0
772,12,52,E,L,0
772,12,52,E,T,0
772,12,52,E,R,0
772,12,52,S,L,0
772,12,52,S,T,0
772,12,52,S,R,0
772,12,52,W,L,0
772,12,52,W,T,0
772,12,52,W,R,0
773,12,53,N,L,0
773,12,53,N,T,0
773,12,53,N,R,0
773,12,53,E,L,0
773,12,53,E,T,0
773,12,53,E,R,0
773,12,53,S,L,0
773,12,53,S,T,0
773,12,53,S,R,0
773,12,53,W,L,0
773,12,53,W,T,1
773,12,53,W,R,0
774,12,54,N,L,0
774,12,54,N,T,0
774,12,54,N,R,0
774,12,54,E,L,0
774,12,54,E,T,0
774,12,54,E,R,0
774,12,54,S,L,0
774,12,54,S,T,1
774,12,54,S,R,0
774,12,54,W,L,0
774,12,54,W,T,0
774,12,54,W,R,0
775,12,55,N,L,0
775,12,55,N,T,0
775,12,55,N,R,0
775,12,55,E,L,0
775,12,55,E,T,0
775,12,55,E,R,0
775,12,55,S,L,0
775,12,55,S,T,2
775,12,55,S,R,0
775,12,55,W,L,0
775,12,55,W,T,0
775,12,55,W,R,0
776,12,56,N,L,0
776,12,56,N,T,0
776,12,56,N,R,0
776,12,56,E,L,0
776,12,56,E,T,0
776,12,56,E,R,0
776,12,56,S,L,0
776,12,56,S,T,0
776,12,56,S,R,0
776,12,56,W,L,0
776,12,56,W,T,0
776,12,56,W,R,1
777,12,57,N,L,0
777,12,57,N,T,0
777,12,57,N,R,0
777,12,57,E,L,0
777,12,57,E,T,0
777,12,57,E,R,0
777,12,57,S,L,0
777,12,57,S,T,0
777,12,57,S,R,0
777,12,57,W,L,0
777,12,57,W,T,0
777,12,57,W,R,0
778,12,58,N,L,0
778,12,58,N,T,0
778,12,58,N,R,0
778,12,58,E,L,0
778,12,58,E,T,1
778,12,58,E,R,0
778,12,58,S,L,0
778,12,58,S,T,0
778,12,58,S,R,0
778,12,58,W,L,0
778,12,58,W,T,1
778,12,58,W,R,0
779,12,59,N,L,0
779,12,59,N,T,0
779,12,59,N,R,0
779,12,59,E,L,0
779,12,59,E,T,0
779,12,59,E,R,0
779,12,59,S,L,0
779,12,59,S,T,0
779,12,59,S,R,0
779,12,59,W,L,0
779,12,59,W,T,1
779,12,59,W,R,0
780,13,00,N,L,0
780,13,00,N,T,0
780,13,00,N,R,0
780,13,00,E,L,0
780,13,00,E,T,1
780,13,00,E,R,0
780,13,00,S,L,0
780,13,00,S,T,0
780,13,00,S,R,0
780,13,00,W,L,0
780,13,00,W,T,0
780,13,00,W,R,0
781,13,01,N,L,0
781,13,01,N,T,0
781,13,01,N,R,0
781,13,01,E,L,0
781,13,01,E,T,0
781,13,01,E,R,0
781,13,01,S,L,0
781,13,01,S,T,0
781,13,01,S,R,0
781,13,01,W,L,0
781,13,01,W,T,0
781,13,01,W,R,0
782,13,02,N,L,0
782,13,02,N,T,0
782,13,02,N,R,0
782,13,02,E,L,0
782,13,02,E,T,0
782,13,02,E,R,0
782,13,02,S,L,1
782,13,02,S,T,0
782,13,02,S,R,0
782,13,02,W,L,0
782,13,02,W,T,0
782,13,02,W,R,0
783,13,03,N,L,0
783,13,03,N,T,0
783,13,03,N,R,0
783,13,03,E,L,0
783,13,03,E,T,0
783,13,03,E,R,0
783,13,03,S,L,0
783,13,03,S,T,1
783,13,03,S,R,0
783,13,03,W,L,0
783,13,03,W,T,0
783,13,03,W,R,0
784,13,04,N,L,0
784,13,04,N,T,1
784,13,04,N,R,0
784,13,04,E,L,0
784,13,04,E,T,0
784,13,04,E,R,0
784,13,04,S,L,0
784,13,04,S,T,0
784,13,04,S,R,0
784,13,04,W,L,0
784,13,04,W,T,0
784,13,04,W,R,0
785,13,05,N,L,0
785,13,05,N,T,1
785,13,05,N,R,0
785,13,05,E,L,0
785,13,05,E,T,0
785,13,05,E,R,0
785,13,05,S,L,0
785,13,05,S,T,0
785,13,05,S,R,0
785,13,05,W,L,1
785,13,05,W,T,0
785,13,05,W,R,0
786,13,06,N,L,0
786,13,06,N,T,0
786,13,06,N,R,0
786,13,06,E,L,0
786,13,06,E,T,0
786,13,06,E,R,0
786,13,06,S,L,0
786,13,06,S,T,0
786,13,06,S,R,0
786,13,06,W,L,0
786,13,06,W,T,1
786,13,06,W,R,0
787,13,07,N,L,0
787,13,07,N,T,1
787,13,07,N,R,0
787,13,07,E,L,0
787,13,07,E,T,1
787,13,07,E,R,0
787,13,07,S,L,0
787,13,07,S,T,0
787,13,07,S,R,0
787,13,07,W,L,0
787,13,07,W,T,1
787,13,07,W,R,0
788,13,08,N,L,0
788,13,08,N,T,0
788,13,08,N,R,0
788,13,08,E,L,0
788,13,08,E,T,0
788,13,08,E,R,0
788,13,08,S,L,0
788,13,08,S,T,0
788,13,08,S,R,0
788,13,08,W,L,0
788,13,08,W,T,1
788,13,08,W,R,0
789,13,09,N,L,0
789,13,09,N,T,0
789,13,09,N,R,0
789,13,09,E,L,0
789,13,09,E,T,0
789,13,09,E,R,0
789,13,09,S,L,0
789,13,09,S,T,0
789,13,09,S,R,0
789,13,09,W,L,0
789,13,09,W,T,0
789,13,09,W,R,0
790,13,10,N,L,0
790,13,10,N,T,1
790,13,10,N,R,0
790,13,10,E,L,1
790,13,10,E,T,0
790,13,10,E,R,0
790,13,10,S,L,0
790,13,10,S,T,1
790,13,10,S,R,0
790,13,10,W,L,0
790,13,10,W,T,0
790,13,10,W,R,0
791,13,11,N,L,0
791,13,11,N,T,0
791,13,11,N,R,0
791,13,11,E,L,0
791,13,11,E,T,1
791,13,11,E,R,0
791,13,11,S,L,0
791,13,11,S,T,0
791,13,11,S,R,0
791,13,11,W,L,0
791,13,11,W,T,0
791,13,11,W,R,0
792,13,12,N,L,0
792,13,12,N,T,0
792,13,12,N,R,0
792,13,12,E,L,0
792,13,12,E,T,0
792,13,12,E,R,0
792,13,12,S,L,0
792,13,12,S,T,1
792,13,12,S,R,0
792,13,12,W,L,0
792,13,12,W,T,0
792,13,12,W,R,0
793,13,13,N,L,0
793,13,13,N,T,1
793,13,13,N,R,0
793,13,13,E,L,0
793,13,13,E,T,0
793,13,13,E,R,0
793,13,13,S,L,0
793,13,13,S,T,0
793,13,13,S,R,0
793,13,13,W,L,0
793,13,13,W,T,0
793,13,13,W,R,0
794,13,14,N,L,0
794,13,14,N,T,0
794,13,14,N,R,0
794,13,14,E,L,0
794,13,14,E,T,0
794,13,14,E,R,0
794,13,14,S,L,0
794,13,14,S,T,1
794,13,14,S,R,0
794,13,14,W,L,0
794,13,14,W,T,0
794,13,14,W,R,0
795,13,15,N,L,0
795,13,15,N,T,0
795,13,15,N,R,0
795,13,15,E,L,0
795,13,15,E,T,0
795,13,15,E,R,0
795,13,15,S,L,0
795,13,15,S,T,0
795,13,15,S,R,1
795,13,15,W,L,0
795,13,15,W,T,0
795,13,15,W,R,0
796,13,16,N,L,0
796,13,16,N,T,1
796,13,16,N,R,0
796,13,16,E,L,0
796,13,16,E,T,0
796,13,16,E,R,0
796,13,16,S,L,0
796,13,16,S,T,0
796,13,16,S,R,0
796,13,16,W,L,0
796,13,16,W,T,0
796,13,16,W,R,0
797,13,17,N,L,0
797,13,17,N,T,0
797,13,17,N,R,0
797,13,17,E,L,0
797,13,17,E,T,0
797,13,17,E,R,0
797,13,17,S,L,0
797,13,17,S,T,1
797,13,17,S,R,0
797,13,17,W,L,0
797,13,17,W,T,1
797,13,17,W,R,0
798,13,18,N,L,0
798,13,18,N,T,0
798,13,18,N,R,0
798,13,18,E,L,1
798,13,18,E,T,1
798,13,18,E,R,0
798,13,18,S,L,0
798,13,18,S,T,0
798,13,18,S,R,0
798,13,18,W,L,0
798,13,18,W,T,0
798,13,18,W,R,0
799,13,19,N,L,0
799,13,19,N,T,0
799,13,19,N,R,1
799,13,19,E,L,0
799,13,19,E,T,1
799,13,19,E,R,0
799,13,19,S,L,0
799,13,19,S,T,0
799,13,19,S,R,0
799,13,19,W,L,0
799,13,19,W,T,0
799,13,19,W,R,0
800,13,20,N,L,0
800,13,20,N,T,0
800,13,20,N,R,0
800,13,20,E,L,0
800,13,20,E,T,1
800,13,20,E,R,0
800,13,20,S,L,0
800,13,20,S,T,0
800,13,20,S,R,0
800,13,20,W,L,0
800,13,20,W,T,1
800,13,20,W,R,0
801,13,21,N,L,0
801,13,21,N,T,0
801,13,21,N,R,0
801,13,21,E,L,0
801,13,21,E,T,0
801,13,21,E,R,0
801,13,21,S,L,0
801,13,21,S,T,0
801,13,21,S,R,0
801,13,21,W,L,0
801,13,21,W,T,0
801,13,21,W,R,0
802,13,22,N,L,0
802,13,22,N,T,0
802,13,22,N,R,0
802,13,22,E,L,0
802,13,22,E,T,1
802,13,22,E,R,0
802,13,22,S,L,1
802,13,22,S,T,0
802,13,22,S,R,0
802,13,22,W,L,0
802,13,22,W,T,0
802,13,22,W,R,0
803,13,23,N,L,1
803,13,23,N,T,0
803,13,23,N,R,0
803,13,23,E,L,0
803,13,23,E,T,0
803,13,23,E,R,0
803,13,23,S,L,0
803,13,23,S,T,0
803,13,23,S,R,1
803,13,23,W,L,0
803,13,23,W,T,0
803,13,23,W,R,0
804,13,24,N,L,0
804,13,24,N,T,0
804,13,24,N,R,0
804,13,24,E,L,0
804,13,24,E,T,0
804,13,24,E,R,0
804,13,24,S,L,0
804,13,24,S,T,0
804,13,24,S,R,0
804,13,24,W,L,0
804,13,24,W,T,0
804,13,24,W,R,0
805,13,25,N,L,0
805,13,25,N,T,0
805,13,25,N,R,0
805,13,25,E,L,0
805,13,25,E,T,0
805,13,25,E,R,0
805,13,25,S,L,0
805,13,25,S,T,0
805,13,25,S,R,1
805,13,25,W,L,0
805,13,25,W,T,0
805,13,25,W,R,0
806,13,26,N,L,0
806,13,26,N,T,1
806,13,26,N,R,0
806,13,26,E,L,0
806,13,26,E,T,0
806,13,26,E,R,0
806,13,26,S,L,0
806,13,26,S,T,1
806,13,26,S,R,1
806,13,26,W,L,0
806,13,26,W,T,1
806,13,26,W,R,0
807,13,27,N,L,0
807,13,27,N,T,0
807,13,27,N,R,0
807,13,27,E,L,0
807,13,27,E,T,0
807,13,27,E,R,0
807,13,27,S,L,1
807,13,27,S,T,0
807,13,27,S,R,0
807,13,27,W,L,0
807,13,27,W,T,0
807,13,27,W,R,0
808,13,28,N,L,0
808,13,28,N,T,0
808,13,28,N,R,0
808,13,28,E,L,0
808,13,28,E,T,0
808,13,28,E,R,0
808,13,28,S,L,0
808,13,28,S,T,0
808,13,28,S,R,0
808,13,28,W,L,0
808,13,28,W,T,0
808,13,28,W,R,0
809,13,29,N,L,0
809,13,29,N,T,0
809,13,29,N,R,0
809,13,29,E,L,0
809,13,29,E,T,0
809,13,29,E,R,0
809,13,29,S,L,0
809,13,29,S,T,0
809,13,29,S,R,0
809,13,29,W,L,0
809,13,29,W,T,0
809,13,29,W,R,0
810,13,30,N,L,0
810,13,30,N,T,0
810,13,30,N,R,0
810,13,30,E,L,0
810,13,30,E,T,0
810,13,30,E,R,0
810,13,30,S,L,0
810,13,30,S,T,0
810,13,30,S,R,0
810,13,30,W,L,0
810,13,30,W,T,0
810,13,30,W,R,0
811,13,31,N,L,0
811,13,31,N,T,0
811,13,31,N,R,0
811,13,31,E,L,0
811,13,31,E,T,0
811,13,31,E,R,0
811,13,31,S,L,0
811,13,31,S,T,0
811,13,31,S,R,0
811,13,31,W,L,0
811,13,31,W,T,0
811,13,31,W,R,0
812,13,32,N,L,0
812,13,32,N,T,0
812,13,32,N,R,0
812,13,32,E,L,0
812,13,32,E,T,0
812,13,32,E,R,0
812,13,32,S,L,0
812,13,32,S,T,0
812,13,32,S,R,0
812,13,32,W,L,0
812,13,32,W,T,0
812,13,32,W,R,0
813,13,33,N,L,0
813,13,33,N,T,0
813,13,33,N,R,0
813,13,33,E,L,0
813,13,33,E,T,0
813,13,33,E,R,0
813,13,33,S,L,0
813,13,33,S,T,0
813,13,33,S,R,0
813,13,33,W,L,0
813,13,33,W,T,1
813,13,33,W,R,0
814,13,34,N,L,0
814,13,34,N,T,0
814,13,34,N,R,0
814,13,34,E,L,0
814,13,34,E,T,0
814,13,34,E,R,0
814,13,34,S,L,0
814,13,34,S,T,0
814,13,34,S,R,0
814,13,34,W,L,0
814,13,34,W,T,0
814,13,34,W,R,0
815,13,35,N,L,0
815,13,35,N,T,0
815,13,35,N,R,0
815,13,35,E,L,0
815,13,35,E,T,0
815,13,35,E,R,0
815,13,35,S,L,0
815,13,35,S,T,0
815,13,35,S,R,0
815,13,35,W,L,0
815,13,35,W,T,0
815,13,35,W,R,0
816,13,36,N,L,0
816,13,36,N,T,0
816,13,36,N,R,0
816,13,36,E,L,0
816,13,36,E,T,1
816,13,36,E,R,0
816,13,36,S,L,0
816,13,36,S,T,0
816,13,36,S,R,0
816,13,36,W,L,0
816,13,36,W,T,1
816,13,36,W,R,0
817,13,37,N,L,0
817,13,37,N,T,0
817,13,37,N,R,0
817,13,37,E,L,0
817,13,37,E,T,0
817,13,37,E,R,0
817,13,37,S,L,0
817,13,37,S,T,0
817,13,37,S,R,0
817,13,37,W,L,0
817,13,37,W,T,0
817,13,37,W,R,0
818,13,38,N,L,0
818,13,38,N,T,1
818,13,38,N,R,0
818,13,38,E,L,0
818,13,38,E,T,0
818,13,38,E,R,0
818,13,38,S,L,0
818,13,38,S,T,3
818,13,38,S,R,0
818,13,38,W,L,0
818,13,38,W,T,0
818,13,38,W,R,0
819,13,39,N,L,0
819,13,39,N,T,1
819,13,39,N,R,0
819,13,39,E,L,0
819,13,39,E,T,1
819,13,39,E,R,0
819,13,39,S,L,0
819,13,39,S,T,0
819,13,39,S,R,0
819,13,39,W,L,0
819,13,39,W,T,0
819,13,39,W,R,0
820,13,40,N,L,0
820,13,40,N,T,1
820,13,40,N,R,0
820,13,40,E,L,0
820,13,40,E,T,0
820,13,40,E,R,0
820,13,40,S,L,0
820,13,40,S,T,0
820,13,40,S,R,0
820,13,40,W,L,0
820,13,40,W,T,0
820,13,40,W,R,0
821,13,41,N,L,0
821,13,41,N,T,1
821,13,41,N,R,0
821,13,41,E,L,0
821,13,41,E,T,1
821,13,41,E,R,0
821,13,41,S,L,0
821,13,41,S,T,1
821,13,41,S,R,0
821,13,41,W,L,0
821,13,41,W,T,0
821,13,41,W,R,0
822,13,42,N,L,0
822,13,42,N,T,0
822,13,42,N,R,0
822,13,42,E,L,0
822,13,42,E,T,0
822,13,42,E,R,0
822,13,42,S,L,0
822,13,42,S,T,0
822,13,42,S,R,0
822,13,42,W,L,0
822,13,42,W,T,0
822,13,42,W,R,0
823,13,43,N,L,0
823,13,43,N,T,0
823,13,43,N,R,0
823,13,43,E,L,0
823,13,43,E,T,1
823,13,43,E,R,0
823,13,43,S,L,0
823,13,43,S,T,0
823,13,43,S,R,0
823,13,43,W,L,0
823,13,43,W,T,0
823,13,43,W,R,0
824,13,44,N,L,0
824,13,44,N,T,0
824,13,44,N,R,0
824,13,44,E,L,0
824,13,44,E,T,0
824,13,44,E,R,0
824,13,44,S,L,0
824,13,44,S,T,0
824,13,44,S,R,0
824,13,44,W,L,0
824,13,44,W,T,0
824,13,44,W,R,0
825,13,45,N,L,0
825,13,45,N,T,0
825,13,45,N,R,0
825,13,45,E,L,0
825,13,45,E,T,0
825,13,45,E,R,0
825,13,45,S,L,0
825,13,45,S,T,0
825,13,45,S,R,0
825,13,45,W,L,0
825,13,45,W,T,0
825,13,45,W,R,0
826,13,46,N,L,0
826,13,46,N,T,1
826,13,46,N,R,0
826,13,46,E,L,0
826,13,46,E,T,0
826,13,46,E,R,0
826,13,46,S,L,0
826,13,46,S,T,0
826,13,46,S,R,0
826,13,46,W,L,0
826,13,46,W,T,0
826,13,46,W,R,0
827,13,47,N,L,0
827,13,47,N,T,0
827,13,47,N,R,0
827,13,47,E,L,0
827,13,47,E,T,1
827,13,47,E,R,0
827,13,47,S,L,0
827,13,47,S,T,0
827,13,47,S,R,0
827,13,47,W,L,0
827,13,47,W,T,0
827,13,47,W,R,0
828,13,48,N,L,0
828,13,48,N,T,0
828,13,48,N,R,0
828,13,48,E,L,0
828,13,48,E,T,0
828,13,48,E,R,0
828,13,48,S,L,0
828,13,48,S,T,1
828,13,48,S,R,0
828,13,48,W,L,0
828,13,48,W,T,1
828,13,48,W,R,0
829,13,49,N,L,0
829,13,49,N,T,1
829,13,49,N,R,0
829,13,49,E,L,0
829,13,49,E,T,0
829,13,49,E,R,0
829,13,49,S,L,0
829,13,49,S,T,0
829,13,49,S,R,0
829,13,49,W,L,0
829,13,49,W,T,0
829,13,49,W,R,0
830,13,50,N,L,0
830,13,50,N,T,0
830,13,50,N,R,0
830,13,50,E,L,0
830,13,50,E,T,0
830,13,50,E,R,0
830,13,50,S,L,0
830,13,50,S,T,0
830,13,50,S,R,0
830,13,50,W,L,0
830,13,50,W,T,0
830,13,50,W,R,0
831,13,51,N,L,0
831,13,51,N,T,0
831,13,51,N,R,0
831,13,51,E,L,0
831,13,51,E,T,0
831,13,51,E,R,0
831,13,51,S,L,0
831,13,51,S,T,0
831,13,51,S,R,0
831,13,51,W,L,0
831,13,51,W,T,0
831,13,51,W,R,1
832,13,52,N,L,0
832,13,52,N,T,1
832,13,52,N,R,0
832,13,52,E,L,0
832,13,52,E,T,1
832,13,52,E,R,0
832,13,52,S,L,0
832,13,52,S,T,0
832,13,52,S,R,0
832,13,52,W,L,1
832,13,52,W,T,0
832,13,52,W,R,0
833,13,53,N,L,0
833,13,53,N,T,1
833,13,53,N,R,0
833,13,53,E,L,0
833,13,53,E,T,0
833,13,53,E,R,0
833,13,53,S,L,0
833,13,53,S,T,1
833,13,53,S,R,0
833,13,53,W,L,0
833,13,53,W,T,1
833,13,53,W,R,0
834,13,54,N,L,0
834,13,54,N,T,0
834,13,54,N,R,0
834,13,54,E,L,0
834,13,54,E,T,0
834,13,54,E,R,0
834,13,54,S,L,0
834,13,54,S,T,0
834,13,54,S,R,0
834,13,54,W,L,0
834,13,54,W,T,0
834,13,54,W,R,0
835,13,55,N,L,0
835,13,55,N,T,0
835,13,55,N,R,0
835,13,55,E,L,0
835,13,55,E,T,0
835,13,55,E,R,0
835,13,55,S,L,0
835,13,55,S,T,0
835,13,55,S,R,0
835,13,55,W,L,0
835,13,55,W,T,0
835,13,55,W,R,0
836,13,56,N,L,0
836,13,56,N,T,0
836,13,56,N,R,0
836,13,56,E,L,0
836,13,56,E,T,0
836,13,56,E,R,0
836,13,56,S,L,0
836,13,56,S,T,0
836,13,56,S,R,0
836,13,56,W,L,0
836,13,56,W,T,0
836,13,56,W,R,0
837,13,57,N,L,0
837,13,57,N,T,0
837,13,57,N,R,0
837,13,57,E,L,0
837,13,57,E,T,1
837,13,57,E,R,1
837,13,57,S,L,0
837,13,57,S,T,0
837,13,57,S,R,0
837,13,57,W,L,0
837,13,57,W,T,0
837,13,57,W,R,0
838,13,58,N,L,0
838,13,58,N,T,0
838,13,58,N,R,0
838,13,58,E,L,0
838,13,58,E,T,0
838,13,58,E,R,0
838,13,58,S,L,0
838,13,58,S,T,0
838,13,58,S,R,0
838,13,58,W,L,0
838,13,58,W,T,0
838,13,58,W,R,0
839,13,59,N,L,0
839,13,59,N,T,0
839,13,59,N,R,0
839,13,59,E,L,0
839,13,59,E,T,0
839,13,59,E,R,0
839,13,59,S,L,0
839,13,59,S,T,0
839,13,59,S,R,0
839,13,59,W,L,0
839,13,59,W,T,0
839,13,59,W,R,0
840,14,00,N,L,0
840,14,00,N,T,0
840,14,00,N,R,0
840,14,00,E,L,0
840,14,00,E,T,0
840,14,00,E,R,0
840,14,00,S,L,0
840,14,00,S,T,0
840,14,00,S,R,0
840,14,00,W,L,0
840,14,00,W,T,0
840,14,00,W,R,0
841,14,01,N,L,0
841,14,01,N,T,0
841,14,01,N,R,0
841,14,01,E,L,0
841,14,01,E,T,0
841,14,01,E,R,0
841,14,01,S,L,0
841,14,01,S,T,0
841,14,01,S,R,0
841,14,01,W,L,0
841,14,01,W,T,0
841,14,01,W,R,0
842,14,02,N,L,0
842,14,02,N,T,0
842,14,02,N,R,0
842,14,02,E,L,0
842,14,02,E,T,0
842,14,02,E,R,0
842,14,02,S,L,0
842,14,02,S,T,0
842,14,02,S,R,0
842,14,02,W,L,0
842,14,02,W,T,0
842,14,02,W,R,0
843,14,03,N,L,0
843,14,03,N,T,0
843,14,03,N,R,0
843,14,03,E,L,0
843,14,03,E,T,0
843,14,03,E,R,0
843,14,03,S,L,0
843,14,03,S,T,1
843,14,03,S,R,0
843,14,03,W,L,0
843,14,03,W,T,0
843,14,03,W,R,0
844,14,04,N,L,0
844,14,04,N,T,1
844,14,04,N,R,0
844,14,04,E,L,0
844,14,04,E,T,0
844,14,04,E,R,0
844,14,04,S,L,0
844,14,04,S,T,1
844,14,04,S,R,0
844,14,04,W,L,0
844,14,04,W,T,0
844,14,04,W,R,0
845,14,05,N,L,0
845,14,05,N,T,1
845,14,05,N,R,0
845,14,05,E,L,0
845,14,05,E,T,0
845,14,05,E,R,0
845,14,05,S,L,0
845,14,05,S,T,0
845,14,05,S,R,0
845,14,05,W,L,0
845,14,05,W,T,0
845,14,05,W,R,0
846,14,06,N,L,0
846,14,06,N,T,0
846,14,06,N,R,0
846,14,06,E,L,0
846,14,06,E,T,0
846,14,06,E,R,0
846,14,06,S,L,0
846,14,06,S,T,0
846,14,06,S,R,1
846,14,06,W,L,0
846,14,06,W,T,0
846,14,06,W,R,0
847,14,07,N,L,0
847,14,07,N,T,0
847,14,07,N,R,0
847,14,07,E,L,0
847,14,07,E,T,0
847,14,07,E,R,0
847,14,07,S,L,0
847,14,07,S,T,0
847,14,07,S,R,0
847,14,07,W,L,0
847,14,07,W,T,0
847,14,07,W,R,0
848,14,08,N,L,0
848,14,08,N,T,0
848,14,08,N,R,0
848,14,08,E,L,0
848,14,08,E,T,1
848,14,08,E,R,0
848,14,08,S,L,1
848,14,08,S,T,0
848,14,08,S,R,0
848,14,08,W,L,0
848,14,08,W,T,0
848,14,08,W,R,0
849,14,09,N,L,0
849,14,09,N,T,0
849,14,09,N,R,0
849,14,09,E,L,0
849,14,09,E,T,1
849,14,09,E,R,0
849,14,09,S,L,0
849,14,09,S,T,0
849,14,09,S,R,0
849,14,09,W,L,0
849,14,09,W,T,0
849,14,09,W,R,0
850,14,10,N,L,0
850,14,10,N,T,0
850,14,10,N,R,0
850,14,10,E,L,0
850,14,10,E,T,0
850,14,10,E,R,0
850,14,10,S,L,0
850,14,10,S,T,0
850,14,10,S,R,0
850,14,10,W,L,0
850,14,10,W,T,0
850,14,10,W,R,0
851,14,11,N,L,0
851,14,11,N,T,1
851,14,11,N,R,0
851,14,11,E,L,0
851,14,11,E,T,0
851,14,11,E,R,0
851,14,11,S,L,0
851,14,11,S,T,0
851,14,11,S,R,0
851,14,11,W,L,0
851,14,11,W,T,0
851,14,11,W,R,0
852,14,12,N,L,0
852,14,12,N,T,1
852,14,12,N,R,0
852,14,12,E,L,1
852,14,12,E,T,1
852,14,12,E,R,0
852,14,12,S,L,0
852,14,12,S,T,0
852,14,12,S,R,0
852,14,12,W,L,0
852,14,12,W,T,1
852,14,12,W,R,0
853,14,13,N,L,0
853,14,13,N,T,1
853,14,13,N,R,0
853,14,13,E,L,0
853,14,13,E,T,0
853,14,13,E,R,0
853,14,13,S,L,0
853,14,13,S,T,0
853,14,13,S,R,0
853,14,13,W,L,0
853,14,13,W,T,0
853,14,13,W,R,0
854,14,14,N,L,0
854,14,14,N,T,0
854,14,14,N,R,0
854,14,14,E,L,0
854,14,14,E,T,0
854,14,14,E,R,0
854,14,14,S,L,0
854,14,14,S,T,0
854,14,14,S,R,0
854,14,14,W,L,0
854,14,14,W,T,0
854,14,14,W,R,0
855,14,15,N,L,0
855,14,15,N,T,0
855,14,15,N,R,0
855,14,15,E,L,0
855,14,15,E,T,0
855,14,15,E,R,0
855,14,15,S,L,0
855,14,15,S,T,0
855,14,15,S,R,0
855,14,15,W,L,0
855,14,15,W,T,0
855,14,15,W,R,0
856,14,16,N,L,0
856,14,16,N,T,0
856,14,16,N,R,0
856,14,16,E,L,0
856,14,16,E,T,0
856,14,16,E,R,0
856,14,16,S,L,0
856,14,16,S,T,1
856,14,16,S,R,1
856,14,16,W,L,0
856,14,16,W,T,1
856,14,16,W,R,1
857,14,17,N,L,0
857,14,17,N,T,0
857,14,17,N,R,0
857,14,17,E,L,0
857,14,17,E,T,1
857,14,17,E,R,0
857,14,17,S,L,0
857,14,17,S,T,0
857,14,17,S,R,0
857,14,17,W,L,0
857,14,17,W,T,1
857,14,17,W,R,0
858,14,18,N,L,0
858,14,18,N,T,0
858,14,18,N,R,0
858,14,18,E,L,0
858,14,18,E,T,0
858,14,18,E,R,0
858,14,18,S,L,0
858,14,18,S,T,0
858,14,18,S,R,0
858,14,18,W,L,0
858,14,18,W,T,0
858,14,18,W,R,0
859,14,19,N,L,0
859,14,19,N,T,0
859,14,19,N,R,0
859,14,19,E,L,0
859,14,19,E,T,1
859,14,19,E,R,0
859,14,19,S,L,0
859,14,19,S,T,1
859,14,19,S,R,0
859,14,19,W,L,0
859,14,19,W,T,0
859,14,19,W,R,0
860,14,20,N,L,0
860,14,20,N,T,1
860,14,20,N,R,0
860,14,20,E,L,0
860,14,20,E,T,1
860,14,20,E,R,0
860,14,20,S,L,0
860,14,20,S,T,1
860,14,20,S,R,0
860,14,20,W,L,1
860,14,20,W,T,0
860,14,20,W,R,0
861,14,21,N,L,1
861,14,21,N,T,0
861,14,21,N,R,0
861,14,21,E,L,0
861,14,21,E,T,0
861,14,21,E,R,0
861,14,21,S,L,0
861,14,21,S,T,0
861,14,21,S,R,0
861,14,21,W,L,0
861,14,21,W,T,1
861,14,21,W,R,0
862,14,22,N,L,0
862,14,22,N,T,2
862,14,22,N,R,0
862,14,22,E,L,0
862,14,22,E,T,0
862,14,22,E,R,0
862,14,22,S,L,0
862,14,22,S,T,0
862,14,22,S,R,0
862,14,22,W,L,0
862,14,22,W,T,0
862,14,22,W,R,0
863,14,23,N,L,0
863,14,23,N,T,0
863,14,23,N,R,0
863,14,23,E,L,0
863,14,23,E,T,0
863,14,23,E,R,0
863,14,23,S,L,1
863,14,23,S,T,0
863,14,23,S,R,0
863,14,23,W,L,0
863,14,23,W,T,0
863,14,23,W,R,0
864,14,24,N,L,0
864,14,24,N,T,0
864,14,24,N,R,0
864,14,24,E,L,0
864,14,24,E,T,0
864,14,24,E,R,0
864,14,24,S,L,0
864,14,24,S,T,1
864,14,24,S,R,0
864,14,24,W,L,0
864,14,24,W,T,0
864,14,24,W,R,0
865,14,25,N,L,0
865,14,25,N,T,1
865,14,25,N,R,0
865,14,25,E,L,0
865,14,25,E,T,0
865,14,25,E,R,0
865,14,25,S,L,0
865,14,25,S,T,0
865,14,25,S,R,0
865,14,25,W,L,0
865,14,25,W,T,0
865,14,25,W,R,0
866,14,26,N,L,0
866,14,26,N,T,0
866,14,26,N,R,0
866,14,26,E,L,0
866,14,26,E,T,2
866,14,26,E,R,0
866,14,26,S,L,0
866,14,26,S,T,0
866,14,26,S,R,0
866,14,26,W,L,0
866,14,26,W,T,1
866,14,26,W,R,0
867,14,27,N,L,0
867,14,27,N,T,0
867,14,27,N,R,0
867,14,27,E,L,1
867,14,27,E,T,0
867,14,27,E,R,0
867,14,27,S,L,0
867,14,27,S,T,0
867,14,27,S,R,0
867,14,27,W,L,0
867,14,27,W,T,0
867,14,27,W,R,0
868,14,28,N,L,0
868,14,28,N,T,0
868,14,28,N,R,0
868,14,28,E,L,0
868,14,28,E,T,0
868,14,28,E,R,0
868,14,28,S,L,1
868,14,28,S,T,0
868,14,28,S,R,0
868,14,28,W,L,0
868,14,28,W,T,0
868,14,28,W,R,0
869,14,29,N,L,0
869,14,29,N,T,0
869,14,29,N,R,0
869,14,29,E,L,0
869,14,29,E,T,0
869,14,29,E,R,0
869,14,29,S,L,0
869,14,29,S,T,0
869,14,29,S,R,0
869,14,29,W,L,0
869,14,29,W,T,1
869,14,29,W,R,0
870,14,30,N,L,0
870,14,30,N,T,0
870,14,30,N,R,0
870,14,30,E,L,0
870,14,30,E,T,2
870,14,30,E,R,0
870,14,30,S,L,0
870,14,30,S,T,0
870,14,30,S,R,0
870,14,30,W,L,0
870,14,30,W,T,0
870,14,30,W,R,0
871,14,31,N,L,0
871,14,31,N,T,0
871,14,31,N,R,0
871,14,31,E,L,1
871,14,31,E,T,0
871,14,31,E,R,0
871,14,31,S,L,0
871,14,31,S,T,1
871,14,31,S,R,0
871,14,31,W,L,0
871,14,31,W,T,0
871,14,31,W,R,0
872,14,32,N,L,0
872,14,32,N,T,0
872,14,32,N,R,0
872,14,32,E,L,0
872,14,32,E,T,0
872,14,32,E,R,0
872,14,32,S,L,0
872,14,32,S,T,0
872,14,32,S,R,0
872,14,32,W,L,0
872,14,32,W,T,1
872,14,32,W,R,0
873,14,33,N,L,0
873,14,33,N,T,1
873,14,33,N,R,0
873,14,33,E,L,0
873,14,33,E,T,0
873,14,33,E,R,0
873,14,33,S,L,0
873,14,33,S,T,1
873,14,33,S,R,0
873,14,33,W,L,0
873,14,33,W,T,0
873,14,33,W,R,0
874,14,34,N,L,1
874,14,34,N,T,0
874,14,34,N,R,0
874,14,34,E,L,0
874,14,34,E,T,0
874,14,34,E,R,0
874,14,34,S,L,0
874,14,34,S,T,1
874,14,34,S,R,0
874,14,34,W,L,0
874,14,34,W,T,0
874,14,34,W,R,0
875,14,35,N,L,0
875,14,35,N,T,0
875,14,35,N,R,0
875,14,35,E,L,0
875,14,35,E,T,1
875,14,35,E,R,0
875,14,35,S,L,0
875,14,35,S,T,0
875,14,35,S,R,0
875,14,35,W,L,0
875,14,35,W,T,0
875,14,35,W,R,0
876,14,36,N,L,0
876,14,36,N,T,0
876,14,36,N,R,0
876,14,36,E,L,0
876,14,36,E,T,0
876,14,36,E,R,0
876,14,36,S,L,0
876,14,36,S,T,1
876,14,36,S,R,0
876,14,36,W,L,0
876,14,36,W,T,0
876,14,36,W,R,0
877,14,37,N,L,0
877,14,37,N,T,0
877,14,37,N,R,0
877,14,37,E,L,0
877,14,37,E,T,0
877,14,37,E,R,0
877,14,37,S,L,0
877,14,37,S,T,0
877,14,37,S,R,0
877,14,37,W,L,0
877,14,37,W,T,0
877,14,37,W,R,0
878,14,38,N,L,0
878,14,38,N,T,0
878,14,38,N,R,0
878,14,38,E,L,1
878,14,38,E,T,0
878,14,38,E,R,0
878,14,38,S,L,0
878,14,38,S,T,0
878,14,38,S,R,0
878,14,38,W,L,0
878,14,38,W,T,0
878,14,38,W,R,0
879,14,39,N,L,0
879,14,39,N,T,0
879,14,39,N,R,0
879,14,39,E,L,0
879,14,39,E,T,1
879,14,39,E,R,0
879,14,39,S,L,0
879,14,39,S,T,1
879,14,39,S,R,0
879,14,39,W,L,0
879,14,39,W,T,0
879,14,39,W,R,0
880,14,40,N,L,0
880,14,40,N,T,0
880,14,40,N,R,0
880,14,40,E,L,0
880,14,40,E,T,0
880,14,40,E,R,0
880,14,40,S,L,0
880,14,40,S,T,0
880,14,40,S,R,0
880,14,40,W,L,0
880,14,40,W,T,1
880,14,40,W,R,0
881,14,41,N,L,0
881,14,41,N,T,0
881,14,41,N,R,0
881,14,41,E,L,0
881,14,41,E,T,0
881,14,41,E,R,0
881,14,41,S,L,0
881,14,41,S,T,1
881,14,41,S,R,0
881,14,41,W,L,0
881,14,41,W,T,0
881,14,41,W,R,0
882,14,42,N,L,0
882,14,42,N,T,1
882,14,42,N,R,0
882,14,42,E,L,0
882,14,42,E,T,1
882,14,42,E,R,0
882,14,42,S,L,0
882,14,42,S,T,0
882,14,42,S,R,0
882,14,42,W,L,0
882,14,42,W,T,0
882,14,42,W,R,0
883,14,43,N,L,0
883,14,43,N,T,0
883,14,43,N,R,0
883,14,43,E,L,0
883,14,43,E,T,1
883,14,43,E,R,0
883,14,43,S,L,0
883,14,43,S,T,0
883,14,43,S,R,0
883,14,43,W,L,0
883,14,43,W,T,0
883,14,43,W,R,0
884,14,44,N,L,0
884,14,44,N,T,0
884,14,44,N,R,0
884,14,44,E,L,0
884,14,44,E,T,0
884,14,44,E,R,0
884,14,44,S,L,0
884,14,44,S,T,0
884,14,44,S,R,0
884,14,44,W,L,0
884,14,44,W,T,0
884,14,44,W,R,0
885,14,45,N,L,0
885,14,45,N,T,0
885,14,45,N,R,0
885,14,45,E,L,0
885,14,45,E,T,0
885,14,45,E,R,0
885,14,45,S,L,0
885,14,45,S,T,0
885,14,45,S,R,0
885,14,45,W,L,0
885,14,45,W,T,0
885,14,45,W,R,0
886,14,46,N,L,0
886,14,46,N,T,2
886,14,46,N,R,0
886,14,46,E,L,0
886,14,46,E,T,0
886,14,46,E,R,1
886,14,46,S,L,0
886,14,46,S,T,0
886,14,46,S,R,0
886,14,46,W,L,0
886,14,46,W,T,0
886,14,46,W,R,0
887,14,47,N,L,0
887,14,47,N,T,0
887,14,47,N,R,0
887,14,47,E,L,0
887,14,47,E,T,0
887,14,47,E,R,0
887,14,47,S,L,0
887,14,47,S,T,0
887,14,47,S,R,0
887,14,47,W,L,0
887,14,47,W,T,0
887,14,47,W,R,0
888,14,48,N,L,0
888,14,48,N,T,1
888,14,48,N,R,0
888,14,48,E,L,0
888,14,48,E,T,0
888,14,48,E,R,0
888,14,48,S,L,0
888,14,48,S,T,0
888,14,48,S,R,0
888,14,48,W,L,0
888,14,48,W,T,1
888,14,48,W,R,0
889,14,49,N,L,0
889,14,49,N,T,0
889,14,49,N,R,0
889,14,49,E,L,0
889,14,49,E,T,0
889,14,49,E,R,0
889,14,49,S,L,0
889,14,49,S,T,0
889,14,49,S,R,0
889,14,49,W,L,0
889,14,49,W,T,0
889,14,49,W,R,0
890,14,50,N,L,0
890,14,50,N,T,0
890,14,50,N,R,0
890,14,50,E,L,0
890,14,50,E,T,0
890,14,50,E,R,0
890,14,50,S,L,1
890,14,50,S,T,0
890,14,50,S,R,0
890,14,50,W,L,0
890,14,50,W,T,0
890,14,50,W,R,0
891,14,51,N,L,0
891,14,51,N,T,0
891,14,51,N,R,0
891,14,51,E,L,0
891,14,51,E,T,0
891,14,51,E,R,0
891,14,51,S,L,0
891,14,51,S,T,0
891,14,51,S,R,0
891,14,51,W,L,0
891,14,51,W,T,0
891,14,51,W,R,0
892,14,52,N,L,0
892,14,52,N,T,0
892,14,52,N,R,0
892,14,52,E,L,0
892,14,52,E,T,0
892,14,52,E,R,0
892,14,52,S,L,0
892,14,52,S,T,0
892,14,52,S,R,0
892,14,52,W,L,0
892,14,52,W,T,0
892,14,52,W,R,0
893,14,53,N,L,0
893,14,53,N,T,0
893,14,53,N,R,0
893,14,53,E,L,0
893,14,53,E,T,0
893,14,53,E,R,0
893,14,53,S,L,0
893,14,53,S,T,0
893,14,53,S,R,0
893,14,53,W,L,0
893,14,53,W,T,1
893,14,53,W,R,0
894,14,54,N,L,0
894,14,54,N,T,1
894,14,54,N,R,0
894,14,54,E,L,0
894,14,54,E,T,0
894,14,54,E,R,0
894,14,54,S,L,0
894,14,54,S,T,0
894,14,54,S,R,0
894,14,54,W,L,0
894,14,54,W,T,0
894,14,54,W,R,0
895,14,55,N,L,0
895,14,55,N,T,0
895,14,55,N,R,0
895,14,55,E,L,0
895,14,55,E,T,0
895,14,55,E,R,0
895,14,55,S,L,0
895,14,55,S,T,0
895,14,55,S,R,0
895,14,55,W,L,0
895,14,55,W,T,0
895,14,55,W,R,0
896,14,56,N,L,0
896,14,56,N,T,0
896,14,56,N,R,0
896,14,56,E,L,0
896,14,56,E,T,1
896,14,56,E,R,0
896,14,56,S,L,0
896,14,56,S,T,0
896,14,56,S,R,0
896,14,56,W,L,0
896,14,56,W,T,0
896,14,56,W,R,0
897,14,57,N,L,0
897,14,57,N,T,0
897,14,57,N,R,0
897,14,57,E,L,0
897,14,57,E,T,0
897,14,57,E,R,0
897,14,57,S,L,1
897,14,57,S,T,1
897,14,57,S,R,0
897,14,57,W,L,0
897,14,57,W,T,0
897,14,57,W,R,0
898,14,58,N,L,0
898,14,58,N,T,0
898,14,58,N,R,0
898,14,58,E,L,0
898,14,58,E,T,0
898,14,58,E,R,0
898,14,58,S,L,0
898,14,58,S,T,0
898,14,58,S,R,0
898,14,58,W,L,0
898,14,58,W,T,0
898,14,58,W,R,0
899,14,59,N,L,0
899,14,59,N,T,3
899,14,59,N,R,0
899,14,59,E,L,0
899,14,59,E,T,2
899,14,59,E,R,0
899,14,59,S,L,0
899,14,59,S,T,1
899,14,59,S,R,0
899,14,59,W,L,0
899,14,59,W,T,0
899,14,59,W,R,0
900,15,00,N,L,0
900,15,00,N,T,0
900,15,00,N,R,0
900,15,00,E,L,0
900,15,00,E,T,0
900,15,00,E,R,0
900,15,00,S,L,0
900,15,00,S,T,1
900,15,00,S,R,0
900,15,00,W,L,0
900,15,00,W,T,1
900,15,00,W,R,0
901,15,01,N,L,0
901,15,01,N,T,1
901,15,01,N,R,1
901,15,01,E,L,0
901,15,01,E,T,1
901,15,01,E,R,0
901,15,01,S,L,0
901,15,01,S,T,0
901,15,01,S,R,0
901,15,01,W,L,0
901,15,01,W,T,0
901,15,01,W,R,0
902,15,02,N,L,0
902,15,02,N,T,1
902,15,02,N,R,0
902,15,02,E,L,0
902,15,02,E,T,1
902,15,02,E,R,0
902,15,02,S,L,0
902,15,02,S,T,0
902,15,02,S,R,0
902,15,02,W,L,0
902,15,02,W,T,0
902,15,02,W,R,0
903,15,03,N,L,0
903,15,03,N,T,2
903,15,03,N,R,0
903,15,03,E,L,0
903,15,03,E,T,0
903,15,03,E,R,0
903,15,03,S,L,1
903,15,03,S,T,0
903,15,03,S,R,0
903,15,03,W,L,0
903,15,03,W,T,0
903,15,03,W,R,0
904,15,04,N,L,0
904,15,04,N,T,3
904,15,04,N,R,0
904,15,04,E,L,0
904,15,04,E,T,0
904,15,04,E,R,0
904,15,04,S,L,0
904,15,04,S,T,2
904,15,04,S,R,0
904,15,04,W,L,0
904,15,04,W,T,0
904,15,04,W,R,0
905,15,05,N,L,0
905,15,05,N,T,0
905,15,05,N,R,0
905,15,05,E,L,0
905,15,05,E,T,0
905,15,05,E,R,0
905,15,05,S,L,0
905,15,05,S,T,0
905,15,05,S,R,0
905,15,05,W,L,0
905,15,05,W,T,0
905,15,05,W,R,0
906,15,06,N,L,0
906,15,06,N,T,1
906,15,06,N,R,0
906,15,06,E,L,0
906,15,06,E,T,0
906,15,06,E,R,0
906,15,06,S,L,0
906,15,06,S,T,1
906,15,06,S,R,0
906,15,06,W,L,0
906,15,06,W,T,0
906,15,06,W,R,0
907,15,07,N,L,0
907,15,07,N,T,0
907,15,07,N,R,0
907,15,07,E,L,0
907,15,07,E,T,0
907,15,07,E,R,0
907,15,07,S,L,0
907,15,07,S,T,1
907,15,07,S,R,0
907,15,07,W,L,0
907,15,07,W,T,0
907,15,07,W,R,0
908,15,08,N,L,0
908,15,08,N,T,1
908,15,08,N,R,0
908,15,08,E,L,0
908,15,08,E,T,0
908,15,08,E,R,0
908,15,08,S,L,0
908,15,08,S,T,0
908,15,08,S,R,0
908,15,08,W,L,0
908,15,08,W,T,0
908,15,08,W,R,0
909,15,09,N,L,1
909,15,09,N,T,0
909,15,09,N,R,0
909,15,09,E,L,0
909,15,09,E,T,0
909,15,09,E,R,0
909,15,09,S,L,0
909,15,09,S,T,0
909,15,09,S,R,0
909,15,09,W,L,0
909,15,09,W,T,0
909,15,09,W,R,0
910,15,10,N,L,0
910,15,10,N,T,0
910,15,10,N,R,0
910,15,10,E,L,0
910,15,10,E,T,0
910,15,10,E,R,0
910,15,10,S,L,0
910,15,10,S,T,0
910,15,10,S,R,0
910,15,10,W,L,0
910,15,10,W,T,0
910,15,10,W,R,0
911,15,11,N,L,0
911,15,11,N,T,0
911,15,11,N,R,0
911,15,11,E,L,0
911,15,11,E,T,0
911,15,11,E,R,0
911,15,11,S,L,0
911,15,11,S,T,0
911,15,11,S,R,0
911,15,11,W,L,0
911,15,11,W,T,0
911,15,11,W,R,0
912,15,12,N,L,1
912,15,12,N,T,0
912,15,12,N,R,0
912,15,12,E,L,0
912,15,12,E,T,1
912,15,12,E,R,0
912,15,12,S,L,0
912,15,12,S,T,0
912,15,12,S,R,0
912,15,12,W,L,0
912,15,12,W,T,0
912,15,12,W,R,0
913,15,13,N,L,0
913,15,13,N,T,0
913,15,13,N,R,1
913,15,13,E,L,0
913,15,13,E,T,0
913,15,13,E,R,0
913,15,13,S,L,0
913,15,13,S,T,1
913,15,13,S,R,0
913,15,13,W,L,0
913,15,13,W,T,0
913,15,13,W,R,0
914,15,14,N,L,0
914,15,14,N,T,1
914,15,14,N,R,0
914,15,14,E,L,0
914,15,14,E,T,0
914,15,14,E,R,0
914,15,14,S,L,0
914,15,14,S,T,1
914,15,14,S,R,0
914,15,14,W,L,0
914,15,14,W,T,0
914,15,14,W,R,0
915,15,15,N,L,0
915,15,15,N,T,0
915,15,15,N,R,0
915,15,15,E,L,0
915,15,15,E,T,1
915,15,15,E,R,0
915,15,15,S,L,0
915,15,15,S,T,0
915,15,15,S,R,0
915,15,15,W,L,0
915,15,15,W,T,1
915,15,15,W,R,0
916,15,16,N,L,0
916,15,16,N,T,0
916,15,16,N,R,0
916,15,16,E,L,0
916,15,16,E,T,0
916,15,16,E,R,0
916,15,16,S,L,0
916,15,16,S,T,0
916,15,16,S,R,0
916,15,16,W,L,0
916,15,16,W,T,0
916,15,16,W,R,0
917,15,17,N,L,0
917,15,17,N,T,1
917,15,17,N,R,0
917,15,17,E,L,0
917,15,17,E,T,0
917,15,17,E,R,0
917,15,17,S,L,0
917,15,17,S,T,0
917,15,17,S,R,0
917,15,17,W,L,0
917,15,17,W,T,1
917,15,17,W,R,0
918,15,18,N,L,0
918,15,18,N,T,0
918,15,18,N,R,0
918,15,18,E,L,0
918,15,18,E,T,0
918,15,18,E,R,0
918,15,18,S,L,0
918,15,18,S,T,2
918,15,18,S,R,0
918,15,18,W,L,0
918,15,18,W,T,0
918,15,18,W,R,0
919,15,19,N,L,0
919,15,19,N,T,0
919,15,19,N,R,0
919,15,19,E,L,0
919,15,19,E,T,0
919,15,19,E,R,0
919,15,19,S,L,0
919,15,19,S,T,1
919,15,19,S,R,0
919,15,19,W,L,0
919,15,19,W,T,0
919,15,19,W,R,0
920,15,20,N,L,0
920,15,20,N,T,0
920,15,20,N,R,0
920,15,20,E,L,0
920,15,20,E,T,0
920,15,20,E,R,0
920,15,20,S,L,0
920,15,20,S,T,0
920,15,20,S,R,1
920,15,20,W,L,0
920,15,20,W,T,0
920,15,20,W,R,0
921,15,21,N,L,0
921,15,21,N,T,1
921,15,21,N,R,0
921,15,21,E,L,0
921,15,21,E,T,0
921,15,21,E,R,0
921,15,21,S,L,0
921,15,21,S,T,0
921,15,21,S,R,0
921,15,21,W,L,0
921,15,21,W,T,1
921,15,21,W,R,0
922,15,22,N,L,0
922,15,22,N,T,1
922,15,22,N,R,0
922,15,22,E,L,0
922,15,22,E,T,0
922,15,22,E,R,0
922,15,22,S,L,0
922,15,22,S,T,2
922,15,22,S,R,0
922,15,22,W,L,0
922,15,22,W,T,0
922,15,22,W,R,0
923,15,23,N,L,0
923,15,23,N,T,1
923,15,23,N,R,0
923,15,23,E,L,0
923,15,23,E,T,2
923,15,23,E,R,0
923,15,23,S,L,0
923,15,23,S,T,1
923,15,23,S,R,1
923,15,23,W,L,0
923,15,23,W,T,0
923,15,23,W,R,0
924,15,24,N,L,0
924,15,24,N,T,0
924,15,24,N,R,0
924,15,24,E,L,0
924,15,24,E,T,2
924,15,24,E,R,0
924,15,24,S,L,0
924,15,24,S,T,0
924,15,24,S,R,0
924,15,24,W,L,0
924,15,24,W,T,1
924,15,24,W,R,0
925,15,25,N,L,0
925,15,25,N,T,0
925,15,25,N,R,0
925,15,25,E,L,0
925,15,25,E,T,0
925,15,25,E,R,0
925,15,25,S,L,0
925,15,25,S,T,0
925,15,25,S,R,0
925,15,25,W,L,0
925,15,25,W,T,1
925,15,25,W,R,0
926,15,26,N,L,0
926,15,26,N,T,0
926,15,26,N,R,0
926,15,26,E,L,0
926,15,26,E,T,0
926,15,26,E,R,0
926,15,26,S,L,0
926,15,26,S,T,0
926,15,26,S,R,0
926,15,26,W,L,0
926,15,26,W,T,0
926,15,26,W,R,0
927,15,27,N,L,0
927,15,27,N,T,0
927,15,27,N,R,0
927,15,27,E,L,0
927,15,27,E,T,0
927,15,27,E,R,0
927,15,27,S,L,0
927,15,27,S,T,0
927,15,27,S,R,0
927,15,27,W,L,0
927,15,27,W,T,0
927,15,27,W,R,0
928,15,28,N,L,0
928,15,28,N,T,0
928,15,28,N,R,0
928,15,28,E,L,0
928,15,28,E,T,0
928,15,28,E,R,0
928,15,28,S,L,0
928,15,28,S,T,1
928,15,28,S,R,0
928,15,28,W,L,0
928,15,28,W,T,0
928,15,28,W,R,0
929,15,29,N,L,0
929,15,29,N,T,0
929,15,29,N,R,0
929,15,29,E,L,0
929,15,29,E,T,1
929,15,29,E,R,0
929,15,29,S,L,0
929,15,29,S,T,1
929,15,29,S,R,0
929,15,29,W,L,0
929,15,29,W,T,0
929,15,29,W,R,0
930,15,30,N,L,0
930,15,30,N,T,1
930,15,30,N,R,0
930,15,30,E,L,0
930,15,30,E,T,0
930,15,30,E,R,0
930,15,30,S,L,0
930,15,30,S,T,0
930,15,30,S,R,0
930,15,30,W,L,0
930,15,30,W,T,0
930,15,30,W,R,0
931,15,31,N,L,0
931,15,31,N,T,1
931,15,31,N,R,0
931,15,31,E,L,0
931,15,31,E,T,1
931,15,31,E,R,0
931,15,31,S,L,0
931,15,31,S,T,0
931,15,31,S,R,0
931,15,31,W,L,0
931,15,31,W,T,1
931,15,31,W,R,0
932,15,32,N,L,0
932,15,32,N,T,0
932,15,32,N,R,0
932,15,32,E,L,0
932,15,32,E,T,0
932,15,32,E,R,0
932,15,32,S,L,0
932,15,32,S,T,0
932,15,32,S,R,0
932,15,32,W,L,0
932,15,32,W,T,0
932,15,32,W,R,0
933,15,33,N,L,0
933,15,33,N,T,0
933,15,33,N,R,0
933,15,33,E,L,0
933,15,33,E,T,2
933,15,33,E,R,0
933,15,33,S,L,0
933,15,33,S,T,0
933,15,33,S,R,0
933,15,33,W,L,0
933,15,33,W,T,1
933,15,33,W,R,0
934,15,34,N,L,0
934,15,34,N,T,0
934,15,34,N,R,0
934,15,34,E,L,0
934,15,34,E,T,0
934,15,34,E,R,0
934,15,34,S,L,0
934,15,34,S,T,0
934,15,34,S,R,0
934,15,34,W,L,0
934,15,34,W,T,0
934,15,34,W,R,0
935,15,35,N,L,0
935,15,35,N,T,0
935,15,35,N,R,0
935,15,35,E,L,0
935,15,35,E,T,1
935,15,35,E,R,1
935,15,35,S,L,0
935,15,35,S,T,1
935,15,35,S,R,0
935,15,35,W,L,0
935,15,35,W,T,0
935,15,35,W,R,0
936,15,36,N,L,0
936,15,36,N,T,0
936,15,36,N,R,0
936,15,36,E,L,0
936,15,36,E,T,2
936,15,36,E,R,0
936,15,36,S,L,0
936,15,36,S,T,1
936,15,36,S,R,0
936,15,36,W,L,0
936,15,36,W,T,0
936,15,36,W,R,0
937,15,37,N,L,0
937,15,37,N,T,0
937,15,37,N,R,0
937,15,37,E,L,0
937,15,37,E,T,0
937,15,37,E,R,0
937,15,37,S,L,0
937,15,37,S,T,0
937,15,37,S,R,0
937,15,37,W,L,0
937,15,37,W,T,0
937,15,37,W,R,0
938,15,38,N,L,0
938,15,38,N,T,0
938,15,38,N,R,0
938,15,38,E,L,0
938,15,38,E,T,0
938,15,38,E,R,0
938,15,38,S,L,0
938,15,38,S,T,0
938,15,38,S,R,0
938,15,38,W,L,0
938,15,38,W,T,0
938,15,38,W,R,0
939,15,39,N,L,0
939,15,39,N,T,1
939,15,39,N,R,0
939,15,39,E,L,0
939,15,39,E,T,0
939,15,39,E,R,0
939,15,39,S,L,0
939,15,39,S,T,0
939,15,39,S,R,0
939,15,39,W,L,0
939,15,39,W,T,0
939,15,39,W,R,0
940,15,40,N,L,0
940,15,40,N,T,1
940,15,40,N,R,1
940,15,40,E,L,1
940,15,40,E,T,1
940,15,40,E,R,0
940,15,40,S,L,0
940,15,40,S,T,0
940,15,40,S,R,0
940,15,40,W,L,0
940,15,40,W,T,0
940,15,40,W,R,0
941,15,41,N,L,0
941,15,41,N,T,0
941,15,41,N,R,0
941,15,41,E,L,0
941,15,41,E,T,0
941,15,41,E,R,1
941,15,41,S,L,0
941,15,41,S,T,1
941,15,41,S,R,0
941,15,41,W,L,0
941,15,41,W,T,0
941,15,41,W,R,0
942,15,42,N,L,0
942,15,42,N,T,0
942,15,42,N,R,0
942,15,42,E,L,0
942,15,42,E,T,0
942,15,42,E,R,0
942,15,42,S,L,0
942,15,42,S,T,1
942,15,42,S,R,0
942,15,42,W,L,0
942,15,42,W,T,0
942,15,42,W,R,0
943,15,43,N,L,0
943,15,43,N,T,0
943,15,43,N,R,0
943,15,43,E,L,0
943,15,43,E,T,0
943,15,43,E,R,0
943,15,43,S,L,0
943,15,43,S,T,0
943,15,43,S,R,0
943,15,43,W,L,0
943,15,43,W,T,0
943,15,43,W,R,0
944,15,44,N,L,0
944,15,44,N,T,1
944,15,44,N,R,0
944,15,44,E,L,0
944,15,44,E,T,0
944,15,44,E,R,0
944,15,44,S,L,0
944,15,44,S,T,0
944,15,44,S,R,1
944,15,44,W,L,0
944,15,44,W,T,0
944,15,44,W,R,0
945,15,45,N,L,0
945,15,45,N,T,0
945,15,45,N,R,0
945,15,45,E,L,0
945,15,45,E,T,0
945,15,45,E,R,0
945,15,45,S,L,0
945,15,45,S,T,1
945,15,45,S,R,0
945,15,45,W,L,0
945,15,45,W,T,0
945,15,45,W,R,0
946,15,46,N,L,0
946,15,46,N,T,0
946,15,46,N,R,0
946,15,46,E,L,0
946,15,46,E,T,0
946,15,46,E,R,0
946,15,46,S,L,0
946,15,46,S,T,0
946,15,46,S,R,0
946,15,46,W,L,0
946,15,46,W,T,0
946,15,46,W,R,0
947,15,47,N,L,0
947,15,47,N,T,0
947,15,47,N,R,0
947,15,47,E,L,0
947,15,47,E,T,0
947,15,47,E,R,0
947,15,47,S,L,0
947,15,47,S,T,1
947,15,47,S,R,0
947,15,47,W,L,1
947,15,47,W,T,0
947,15,47,W,R,0
948,15,48,N,L,0
948,15,48,N,T,0
948,15,48,N,R,0
948,15,48,E,L,0
948,15,48,E,T,0
948,15,48,E,R,0
948,15,48,S,L,0
948,15,48,S,T,0
948,15,48,S,R,0
948,15,48,W,L,0
948,15,48,W,T,0
948,15,48,W,R,0
949,15,49,N,L,0
949,15,49,N,T,1
949,15,49,N,R,0
949,15,49,E,L,0
949,15,49,E,T,0
949,15,49,E,R,0
949,15,49,S,L,0
949,15,49,S,T,1
949,15,49,S,R,0
949,15,49,W,L,0
949,15,49,W,T,0
949,15,49,W,R,0
950,15,50,N,L,0
950,15,50,N,T,0
950,15,50,N,R,0
950,15,50,E,L,1
950,15,50,E,T,0
950,15,50,E,R,0
950,15,50,S,L,0
950,15,50,S,T,1
950,15,50,S,R,0
950,15,50,W,L,0
950,15,50,W,T,0
950,15,50,W,R,0
951,15,51,N,L,0
951,15,51,N,T,0
951,15,51,N,R,0
951,15,51,E,L,0
951,15,51,E,T,0
951,15,51,E,R,0
951,15,51,S,L,0
951,15,51,S,T,0
951,15,51,S,R,0
951,15,51,W,L,0
951,15,51,W,T,0
951,15,51,W,R,1
952,15,52,N,L,0
952,15,52,N,T,0
952,15,52,N,R,0
952,15,52,E,L,0
952,15,52,E,T,0
952,15,52,E,R,0
952,15,52,S,L,0
952,15,52,S,T,0
952,15,52,S,R,0
952,15,52,W,L,0
952,15,52,W,T,0
952,15,52,W,R,0
953,15,53,N,L,0
953,15,53,N,T,1
953,15,53,N,R,0
953,15,53,E,L,0
953,15,53,E,T,0
953,15,53,E,R,1
953,15,53,S,L,0
953,15,53,S,T,0
953,15,53,S,R,0
953,15,53,W,L,0
953,15,53,W,T,1
953,15,53,W,R,0
954,15,54,N,L,0
954,15,54,N,T,0
954,15,54,N,R,0
954,15,54,E,L,0
954,15,54,E,T,0
954,15,54,E,R,0
954,15,54,S,L,0
954,15,54,S,T,0
954,15,54,S,R,0
954,15,54,W,L,0
954,15,54,W,T,0
954,15,54,W,R,0
955,15,55,N,L,0
955,15,55,N,T,0
955,15,55,N,R,0
955,15,55,E,L,0
955,15,55,E,T,1
955,15,55,E,R,0
955,15,55,S,L,0
955,15,55,S,T,1
955,15,55,S,R,0
955,15,55,W,L,1
955,15,55,W,T,1
955,15,55,W,R,0
956,15,56,N,L,0
956,15,56,N,T,0
956,15,56,N,R,0
956,15,56,E,L,0
956,15,56,E,T,1
956,15,56,E,R,0
956,15,56,S,L,0
956,15,56,S,T,0
956,15,56,S,R,0
956,15,56,W,L,0
956,15,56,W,T,1
956,15,56,W,R,0
957,15,57,N,L,0
957,15,57,N,T,0
957,15,57,N,R,0
957,15,57,E,L,0
957,15,57,E,T,0
957,15,57,E,R,0
957,15,57,S,L,0
957,15,57,S,T,0
957,15,57,S,R,0
957,15,57,W,L,0
957,15,57,W,T,0
957,15,57,W,R,0
958,15,58,N,L,0
958,15,58,N,T,0
958,15,58,N,R,0
958,15,58,E,L,0
958,15,58,E,T,0
958,15,58,E,R,0
958,15,58,S,L,0
958,15,58,S,T,1
958,15,58,S,R,0
958,15,58,W,L,0
958,15,58,W,T,0
958,15,58,W,R,0
959,15,59,N,L,0
959,15,59,N,T,0
959,15,59,N,R,0
959,15,59,E,L,0
959,15,59,E,T,0
959,15,59,E,R,0
959,15,59,S,L,0
959,15,59,S,T,0
959,15,59,S,R,0
959,15,59,W,L,0
959,15,59,W,T,0
959,15,59,W,R,0
960,16,00,N,L,0
960,16,00,N,T,1
960,16,00,N,R,0
960,16,00,E,L,0
960,16,00,E,T,1
960,16,00,E,R,0
960,16,00,S,L,0
960,16,00,S,T,2
960,16,00,S,R,0
960,16,00,W,L,0
960,16,00,W,T,0
960,16,00,W,R,0
961,16,01,N,L,0
961,16,01,N,T,1
961,16,01,N,R,0
961,16,01,E,L,0
961,16,01,E,T,0
961,16,01,E,R,0
961,16,01,S,L,0
961,16,01,S,T,0
961,16,01,S,R,0
961,16,01,W,L,0
961,16,01,W,T,1
961,16,01,W,R,0
962,16,02,N,L,0
962,16,02,N,T,0
962,16,02,N,R,0
962,16,02,E,L,0
962,16,02,E,T,0
962,16,02,E,R,0
962,16,02,S,L,0
962,16,02,S,T,0
962,16,02,S,R,0
962,16,02,W,L,0
962,16,02,W,T,0
962,16,02,W,R,0
963,16,03,N,L,0
963,16,03,N,T,0
963,16,03,N,R,0
963,16,03,E,L,0
963,16,03,E,T,0
963,16,03,E,R,0
963,16,03,S,L,0
963,16,03,S,T,0
963,16,03,S,R,0
963,16,03,W,L,0
963,16,03,W,T,0
963,16,03,W,R,0
964,16,04,N,L,0
964,16,04,N,T,1
964,16,04,N,R,0
964,16,04,E,L,0
964,16,04,E,T,0
964,16,04,E,R,0
964,16,04,S,L,0
964,16,04,S,T,0
964,16,04,S,R,0
964,16,04,W,L,0
964,16,04,W,T,0
964,16,04,W,R,0
965,16,05,N,L,0
965,16,05,N,T,0
965,16,05,N,R,0
965,16,05,E,L,0
965,16,05,E,T,0
965,16,05,E,R,0
965,16,05,S,L,0
965,16,05,S,T,0
965,16,05,S,R,0
965,16,05,W,L,0
965,16,05,W,T,0
965,16,05,W,R,0
966,16,06,N,L,0
966,16,06,N,T,0
966,16,06,N,R,0
966,16,06,E,L,0
966,16,06,E,T,0
966,16,06,E,R,0
966,16,06,S,L,0
966,16,06,S,T,0
966,16,06,S,R,0
966,16,06,W,L,0
966,16,06,W,T,0
966,16,06,W,R,0
967,16,07,N,L,0
967,16,07,N,T,0
967,16,07,N,R,0
967,16,07,E,L,0
967,16,07,E,T,1
967,16,07,E,R,0
967,16,07,S,L,0
967,16,07,S,T,2
967,16,07,S,R,1
967,16,07,W,L,0
967,16,07,W,T,0
967,16,07,W,R,0
968,16,08,N,L,1
968,16,08,N,T,0
968,16,08,N,R,0
968,16,08,E,L,0
968,16,08,E,T,0
968,16,08,E,R,0
968,16,08,S,L,0
968,16,08,S,T,1
968,16,08,S,R,0
968,16,08,W,L,0
968,16,08,W,T,0
968,16,08,W,R,0
969,16,09,N,L,1
969,16,09,N,T,0
969,16,09,N,R,0
969,16,09,E,L,0
969,16,09,E,T,0
969,16,09,E,R,0
969,16,09,S,L,0
969,16,09,S,T,0
969,16,09,S,R,0
969,16,09,W,L,0
969,16,09,W,T,0
969,16,09,W,R,0
970,16,10,N,L,0
970,16,10,N,T,0
970,16,10,N,R,0
970,16,10,E,L,0
970,16,10,E,T,0
970,16,10,E,R,0
970,16,10,S,L,0
970,16,10,S,T,0
970,16,10,S,R,0
970,16,10,W,L,0
970,16,10,W,T,0
970,16,10,W,R,0
971,16,11,N,L,0
971,16,11,N,T,0
971,16,11,N,R,0
971,16,11,E,L,0
971,16,11,E,T,0
971,16,11,E,R,0
971,16,11,S,L,0
971,16,11,S,T,0
971,16,11,S,R,0
971,16,11,W,L,0
971,16,11,W,T,0
971,16,11,W,R,0
972,16,12,N,L,0
972,16,12,N,T,1
972,16,12,N,R,0
972,16,12,E,L,0
972,16,12,E,T,0
972,16,12,E,R,0
972,16,12,S,L,0
972,16,12,S,T,0
972,16,12,S,R,0
972,16,12,W,L,0
972,16,12,W,T,0
972,16,12,W,R,0
973,16,13,N,L,0
973,16,13,N,T,0
973,16,13,N,R,0
973,16,13,E,L,0
973,16,13,E,T,0
973,16,13,E,R,0
973,16,13,S,L,0
973,16,13,S,T,1
973,16,13,S,R,0
973,16,13,W,L,0
973,16,13,W,T,0
973,16,13,W,R,0
974,16,14,N,L,0
974,16,14,N,T,1
974,16,14,N,R,0
974,16,14,E,L,0
974,16,14,E,T,0
974,16,14,E,R,1
974,16,14,S,L,0
974,16,14,S,T,0
974,16,14,S,R,0
974,16,14,W,L,0
974,16,14,W,T,0
974,16,14,W,R,0
975,16,15,N,L,0
975,16,15,N,T,0
975,16,15,N,R,0
975,16,15,E,L,0
975,16,15,E,T,0
975,16,15,E,R,0
975,16,15,S,L,0
975,16,15,S,T,0
975,16,15,S,R,0
975,16,15,W,L,0
975,16,15,W,T,0
975,16,15,W,R,0
976,16,16,N,L,0
976,16,16,N,T,0
976,16,16,N,R,0
976,16,16,E,L,0
976,16,16,E,T,0
976,16,16,E,R,0
976,16,16,S,L,0
976,16,16,S,T,0
976,16,16,S,R,0
976,16,16,W,L,0
976,16,16,W,T,0
976,16,16,W,R,0
977,16,17,N,L,0
977,16,17,N,T,0
977,16,17,N,R,0
977,16,17,E,L,0
977,16,17,E,T,0
977,16,17,E,R,0
977,16,17,S,L,0
977,16,17,S,T,0
977,16,17,S,R,0
977,16,17,W,L,0
977,16,17,W,T,0
977,16,17,W,R,0
978,16,18,N,L,0
978,16,18,N,T,0
978,16,18,N,R,1
978,16,18,E,L,0
978,16,18,E,T,1
978,16,18,E,R,0
978,16,18,S,L,0
978,16,18,S,T,0
978,16,18,S,R,0
978,16,18,W,L,0
978,16,18,W,T,0
978,16,18,W,R,0
979,16,19,N,L,0
979,16,19,N,T,0
979,16,19,N,R,0
979,16,19,E,L,0
979,16,19,E,T,2
979,16,19,E,R,0
979,16,19,S,L,1
979,16,19,S,T,0
979,16,19,S,R,0
979,16,19,W,L,0
979,16,19,W,T,0
979,16,19,W,R,0
980,16,20,N,L,0
980,16,20,N,T,1
980,16,20,N,R,0
980,16,20,E,L,0
980,16,20,E,T,1
980,16,20,E,R,0
980,16,20,S,L,0
980,16,20,S,T,1
980,16,20,S,R,0
980,16,20,W,L,0
980,16,20,W,T,0
980,16,20,W,R,0
981,16,21,N,L,0
981,16,21,N,T,1
981,16,21,N,R,0
981,16,21,E,L,0
981,16,21,E,T,0
981,16,21,E,R,0
981,16,21,S,L,0
981,16,21,S,T,0
981,16,21,S,R,0
981,16,21,W,L,0
981,16,21,W,T,0
981,16,21,W,R,1
982,16,22,N,L,0
982,16,22,N,T,0
982,16,22,N,R,0
982,16,22,E,L,1
982,16,22,E,T,1
982,16,22,E,R,0
982,16,22,S,L,0
982,16,22,S,T,0
982,16,22,S,R,0
982,16,22,W,L,0
982,16,22,W,T,1
982,16,22,W,R,0
983,16,23,N,L,0
983,16,23,N,T,0
983,16,23,N,R,0
983,16,23,E,L,0
983,16,23,E,T,0
983,16,23,E,R,0
983,16,23,S,L,0
983,16,23,S,T,2
983,16,23,S,R,1
983,16,23,W,L,0
983,16,23,W,T,0
983,16,23,W,R,0
984,16,24,N,L,0
984,16,24,N,T,0
984,16,24,N,R,0
984,16,24,E,L,0
984,16,24,E,T,0
984,16,24,E,R,0
984,16,24,S,L,0
984,16,24,S,T,0
984,16,24,S,R,0
984,16,24,W,L,0
984,16,24,W,T,0
984,16,24,W,R,0
985,16,25,N,L,0
985,16,25,N,T,0
985,16,25,N,R,0
985,16,25,E,L,0
985,16,25,E,T,0
985,16,25,E,R,0
985,16,25,S,L,0
985,16,25,S,T,0
985,16,25,S,R,0
985,16,25,W,L,0
985,16,25,W,T,0
985,16,25,W,R,0
986,16,26,N,L,0
986,16,26,N,T,0
986,16,26,N,R,0
986,16,26,E,L,0
986,16,26,E,T,0
986,16,26,E,R,0
986,16,26,S,L,0
986,16,26,S,T,0
986,16,26,S,R,0
986,16,26,W,L,1
986,16,26,W,T,0
986,16,26,W,R,0
987,16,27,N,L,0
987,16,27,N,T,2
987,16,27,N,R,0
987,16,27,E,L,1
987,16,27,E,T,0
987,16,27,E,R,0
987,16,27,S,L,0
987,16,27,S,T,0
987,16,27,S,R,0
987,16,27,W,L,0
987,16,27,W,T,0
987,16,27,W,R,0
988,16,28,N,L,0
988,16,28,N,T,1
988,16,28,N,R,1
988,16,28,E,L,0
988,16,28,E,T,0
988,16,28,E,R,0
988,16,28,S,L,0
988,16,28,S,T,0
988,16,28,S,R,0
988,16,28,W,L,0
988,16,28,W,T,0
988,16,28,W,R,1
989,16,29,N,L,0
989,16,29,N,T,0
989,16,29,N,R,0
989,16,29,E,L,0
989,16,29,E,T,0
989,16,29,E,R,0
989,16,29,S,L,0
989,16,29,S,T,1
989,16,29,S,R,0
989,16,29,W,L,0
989,16,29,W,T,0
989,16,29,W,R,0
990,16,30,N,L,0
990,16,30,N,T,0
990,16,30,N,R,1
990,16,30,E,L,0
990,16,30,E,T,0
990,16,30,E,R,0
990,16,30,S,L,0
990,16,30,S,T,0
990,16,30,S,R,0
990,16,30,W,L,1
990,16,30,W,T,0
990,16,30,W,R,0
991,16,31,N,L,0
991,16,31,N,T,0
991,16,31,N,R,0
991,16,31,E,L,0
991,16,31,E,T,0
991,16,31,E,R,0
991,16,31,S,L,0
991,16,31,S,T,0
991,16,31,S,R,0
991,16,31,W,L,1
991,16,31,W,T,0
991,16,31,W,R,0
992,16,32,N,L,1
992,16,32,N,T,1
992,16,32,N,R,0
992,16,32,E,L,0
992,16,32,E,T,0
992,16,32,E,R,0
992,16,32,S,L,0
992,16,32,S,T,1
992,16,32,S,R,0
992,16,32,W,L,0
992,16,32,W,T,0
992,16,32,W,R,0
993,16,33,N,L,0
993,16,33,N,T,2
993,16,33,N,R,0
993,16,33,E,L,0
993,16,33,E,T,0
993,16,33,E,R,0
993,16,33,S,L,0
993,16,33,S,T,0
993,16,33,S,R,0
993,16,33,W,L,0
993,16,33,W,T,1
993,16,33,W,R,0
994,16,34,N,L,0
994,16,34,N,T,0
994,16,34,N,R,0
994,16,34,E,L,0
994,16,34,E,T,0
994,16,34,E,R,0
994,16,34,S,L,0
994,16,34,S,T,0
994,16,34,S,R,0
994,16,34,W,L,0
994,16,34,W,T,1
994,16,34,W,R,0
995,16,35,N,L,0
995,16,35,N,T,0
995,16,35,N,R,0
995,16,35,E,L,0
995,16,35,E,T,0
995,16,35,E,R,0
995,16,35,S,L,0
995,16,35,S,T,0
995,16,35,S,R,0
995,16,35,W,L,0
995,16,35,W,T,0
995,16,35,W,R,0
996,16,36,N,L,0
996,16,36,N,T,2
996,16,36,N,R,0
996,16,36,E,L,1
996,16,36,E,T,0
996,16,36,E,R,0
996,16,36,S,L,0
996,16,36,S,T,0
996,16,36,S,R,0
996,16,36,W,L,0
996,16,36,W,T,0
996,16,36,W,R,0
997,16,37,N,L,0
997,16,37,N,T,0
997,16,37,N,R,0
997,16,37,E,L,0
997,16,37,E,T,0
997,16,37,E,R,0
997,16,37,S,L,0
997,16,37,S,T,1
997,16,37,S,R,0
997,16,37,W,L,0
997,16,37,W,T,0
997,16,37,W,R,0
998,16,38,N,L,0
998,16,38,N,T,0
998,16,38,N,R,0
998,16,38,E,L,1
998,16,38,E,T,0
998,16,38,E,R,0
998,16,38,S,L,0
998,16,38,S,T,1
998,16,38,S,R,0
998,16,38,W,L,0
998,16,38,W,T,0
998,16,38,W,R,0
999,16,39,N,L,0
999,16,39,N,T,0
999,16,39,N,R,0
999,16,39,E,L,1
999,16,39,E,T,0
999,16,39,E,R,0
999,16,39,S,L,1
999,16,39,S,T,0
999,16,39,S,R,0
999,16,39,W,L,0
999,16,39,W,T,0
999,16,39,W,R,0
1000,16,40,N,L,0
1000,16,40,N,T,1
1000,16,40,N,R,0
1000,16,40,E,L,0
1000,16,40,E,T,0
1000,16,40,E,R,0
1000,16,40,S,L,0
1000,16,40,S,T,0
1000,16,40,S,R,0
1000,16,40,W,L,0
1000,16,40,W,T,1
1000,16,40,W,R,0
1001,16,41,N,L,0
1001,16,41,N,T,0
1001,16,41,N,R,0
1001,16,41,E,L,1
1001,16,41,E,T,0
1001,16,41,E,R,0
1001,16,41,S,L,0
1001,16,41,S,T,0
1001,16,41,S,R,0
1001,16,41,W,L,0
1001,16,41,W,T,1
1001,16,41,W,R,0
1002,16,42,N,L,1
1002,16,42,N,T,1
1002,16,42,N,R,0
1002,16,42,E,L,0
1002,16,42,E,T,0
1002,16,42,E,R,0
1002,16,42,S,L,0
1002,16,42,S,T,0
1002,16,42,S,R,0
1002,16,42,W,L,0
1002,16,42,W,T,0
1002,16,42,W,R,0
1003,16,43,N,L,0
1003,16,43,N,T,2
1003,16,43,N,R,0
1003,16,43,E,L,0
1003,16,43,E,T,0
1003,16,43,E,R,0
1003,16,43,S,L,0
1003,16,43,S,T,1
1003,16,43,S,R,0
1003,16,43,W,L,1
1003,16,43,W,T,0
1003,16,43,W,R,0
1004,16,44,N,L,0
1004,16,44,N,T,1
1004,16,44,N,R,0
1004,16,44,E,L,0
1004,16,44,E,T,0
1004,16,44,E,R,0
1004,16,44,S,L,0
1004,16,44,S,T,0
1004,16,44,S,R,0
1004,16,44,W,L,0
1004,16,44,W,T,0
1004,16,44,W,R,0
1005,16,45,N,L,0
1005,16,45,N,T,0
1005,16,45,N,R,0
1005,16,45,E,L,0
1005,16,45,E,T,0
1005,16,45,E,R,0
1005,16,45,S,L,0
1005,16,45,S,T,0
1005,16,45,S,R,0
1005,16,45,W,L,0
1005,16,45,W,T,0
1005,16,45,W,R,0
1006,16,46,N,L,0
1006,16,46,N,T,0
1006,16,46,N,R,0
1006,16,46,E,L,0
1006,16,46,E,T,1
1006,16,46,E,R,0
1006,16,46,S,L,0
1006,16,46,S,T,0
1006,16,46,S,R,0
1006,16,46,W,L,0
1006,16,46,W,T,0
1006,16,46,W,R,0
1007,16,47,N,L,0
1007,16,47,N,T,1
1007,16,47,N,R,0
1007,16,47,E,L,0
1007,16,47,E,T,1
1007,16,47,E,R,0
1007,16,47,S,L,0
1007,16,47,S,T,0
1007,16,47,S,R,0
1007,16,47,W,L,0
1007,16,47,W,T,1
1007,16,47,W,R,0
1008,16,48,N,L,0
1008,16,48,N,T,1
1008,16,48,N,R,0
1008,16,48,E,L,0
1008,16,48,E,T,0
1008,16,48,E,R,0
1008,16,48,S,L,0
1008,16,48,S,T,0
1008,16,48,S,R,0
1008,16,48,W,L,0
1008,16,48,W,T,0
1008,16,48,W,R,0
1009,16,49,N,L,0
1009,16,49,N,T,0
1009,16,49,N,R,0
1009,16,49,E,L,0
1009,16,49,E,T,1
1009,16,49,E,R,0
1009,16,49,S,L,0
1009,16,49,S,T,0
1009,16,49,S,R,0
1009,16,49,W,L,0
1009,16,49,W,T,0
1009,16,49,W,R,0
1010,16,50,N,L,0
1010,16,50,N,T,0
1010,16,50,N,R,0
1010,16,50,E,L,0
1010,16,50,E,T,0
1010,16,50,E,R,0
1010,16,50,S,L,0
1010,16,50,S,T,0
1010,16,50,S,R,0
1010,16,50,W,L,0
1010,16,50,W,T,0
1010,16,50,W,R,0
1011,16,51,N,L,0
1011,16,51,N,T,0
1011,16,51,N,R,0
1011,16,51,E,L,0
1011,16,51,E,T,1
1011,16,51,E,R,0
1011,16,51,S,L,0
1011,16,51,S,T,0
1011,16,51,S,R,1
1011,16,51,W,L,0
1011,16,51,W,T,0
1011,16,51,W,R,0
1012,16,52,N,L,0
1012,16,52,N,T,0
1012,16,52,N,R,0
1012,16,52,E,L,0
1012,16,52,E,T,1
1012,16,52,E,R,0
1012,16,52,S,L,0
1012,16,52,S,T,1
1012,16,52,S,R,0
1012,16,52,W,L,0
1012,16,52,W,T,0
1012,16,52,W,R,0
1013,16,53,N,L,1
1013,16,53,N,T,0
1013,16,53,N,R,1
1013,16,53,E,L,0
1013,16,53,E,T,0
1013,16,53,E,R,0
1013,16,53,S,L,0
1013,16,53,S,T,0
1013,16,53,S,R,0
1013,16,53,W,L,0
1013,16,53,W,T,1
1013,16,53,W,R,0
1014,16,54,N,L,0
1014,16,54,N,T,0
1014,16,54,N,R,0
1014,16,54,E,L,0
1014,16,54,E,T,0
1014,16,54,E,R,0
1014,16,54,S,L,0
1014,16,54,S,T,1
1014,16,54,S,R,0
1014,16,54,W,L,0
1014,16,54,W,T,0
1014,16,54,W,R,0
1015,16,55,N,L,0
1015,16,55,N,T,1
1015,16,55,N,R,0
1015,16,55,E,L,0
1015,16,55,E,T,0
1015,16,55,E,R,0
1015,16,55,S,L,0
1015,16,55,S,T,0
1015,16,55,S,R,0
1015,16,55,W,L,0
1015,16,55,W,T,0
1015,16,55,W,R,0
1016,16,56,N,L,0
1016,16,56,N,T,0
1016,16,56,N,R,0
1016,16,56,E,L,0
1016,16,56,E,T,0
1016,16,56,E,R,0
1016,16,56,S,L,0
1016,16,56,S,T,0
1016,16,56,S,R,0
1016,16,56,W,L,0
1016,16,56,W,T,0
1016,16,56,W,R,0
1017,16,57,N,L,0
1017,16,57,N,T,1
1017,16,57,N,R,0
1017,16,57,E,L,0
1017,16,57,E,T,0
1017,16,57,E,R,0
1017,16,57,S,L,0
1017,16,57,S,T,0
1017,16,57,S,R,0
1017,16,57,W,L,0
1017,16,57,W,T,0
1017,16,57,W,R,0
1018,16,58,N,L,0
1018,16,58,N,T,2
1018,16,58,N,R,0
1018,16,58,E,L,0
1018,16,58,E,T,1
1018,16,58,E,R,0
1018,16,58,S,L,0
1018,16,58,S,T,0
1018,16,58,S,R,0
1018,16,58,W,L,0
1018,16,58,W,T,0
1018,16,58,W,R,0
1019,16,59,N,L,0
1019,16,59,N,T,0
1019,16,59,N,R,0
1019,16,59,E,L,0
1019,16,59,E,T,0
1019,16,59,E,R,0
1019,16,59,S,L,0
1019,16,59,S,T,0
1019,16,59,S,R,0
1019,16,59,W,L,0
1019,16,59,W,T,0
1019,16,59,W,R,0
1020,17,00,N,L,0
1020,17,00,N,T,0
1020,17,00,N,R,0
1020,17,00,E,L,0
1020,17,00,E,T,2
1020,17,00,E,R,1
1020,17,00,S,L,0
1020,17,00,S,T,1
1020,17,00,S,R,0
1020,17,00,W,L,0
1020,17,00,W,T,1
1020,17,00,W,R,0
1021,17,01,N,L,0
1021,17,01,N,T,0
1021,17,01,N,R,0
1021,17,01,E,L,0
1021,17,01,E,T,1
1021,17,01,E,R,0
1021,17,01,S,L,0
1021,17,01,S,T,0
1021,17,01,S,R,0
1021,17,01,W,L,0
1021,17,01,W,T,0
1021,17,01,W,R,0
1022,17,02,N,L,0
1022,17,02,N,T,0
1022,17,02,N,R,0
1022,17,02,E,L,0
1022,17,02,E,T,1
1022,17,02,E,R,0
1022,17,02,S,L,0
1022,17,02,S,T,0
1022,17,02,S,R,0
1022,17,02,W,L,0
1022,17,02,W,T,0
1022,17,02,W,R,0
1023,17,03,N,L,0
1023,17,03,N,T,0
1023,17,03,N,R,0
1023,17,03,E,L,0
1023,17,03,E,T,0
1023,17,03,E,R,0
1023,17,03,S,L,0
1023,17,03,S,T,0
1023,17,03,S,R,0
1023,17,03,W,L,0
1023,17,03,W,T,0
1023,17,03,W,R,0
1024,17,04,N,L,0
1024,17,04,N,T,1
1024,17,04,N,R,0
1024,17,04,E,L,0
1024,17,04,E,T,0
1024,17,04,E,R,0
1024,17,04,S,L,0
1024,17,04,S,T,1
1024,17,04,S,R,0
1024,17,04,W,L,0
1024,17,04,W,T,1
1024,17,04,W,R,0
1025,17,05,N,L,0
1025,17,05,N,T,0
1025,17,05,N,R,0
1025,17,05,E,L,0
1025,17,05,E,T,0
1025,17,05,E,R,0
1025,17,05,S,L,0
1025,17,05,S,T,0
1025,17,05,S,R,0
1025,17,05,W,L,0
1025,17,05,W,T,0
1025,17,05,W,R,0
1026,17,06,N,L,0
1026,17,06,N,T,0
1026,17,06,N,R,0
1026,17,06,E,L,0
1026,17,06,E,T,0
1026,17,06,E,R,0
1026,17,06,S,L,0
1026,17,06,S,T,0
1026,17,06,S,R,0
1026,17,06,W,L,0
1026,17,06,W,T,0
1026,17,06,W,R,0
1027,17,07,N,L,0
1027,17,07,N,T,0
1027,17,07,N,R,0
1027,17,07,E,L,0
1027,17,07,E,T,0
1027,17,07,E,R,0
1027,17,07,S,L,0
1027,17,07,S,T,0
1027,17,07,S,R,0
1027,17,07,W,L,0
1027,17,07,W,T,0
1027,17,07,W,R,0
1028,17,08,N,L,0
1028,17,08,N,T,0
1028,17,08,N,R,1
1028,17,08,E,L,0
1028,17,08,E,T,0
1028,17,08,E,R,0
1028,17,08,S,L,0
1028,17,08,S,T,0
1028,17,08,S,R,0
1028,17,08,W,L,0
1028,17,08,W,T,1
1028,17,08,W,R,0
1029,17,09,N,L,0
1029,17,09,N,T,0
1029,17,09,N,R,0
1029,17,09,E,L,0
1029,17,09,E,T,0
1029,17,09,E,R,0
1029,17,09,S,L,0
1029,17,09,S,T,0
1029,17,09,S,R,0
1029,17,09,W,L,0
1029,17,09,W,T,1
1029,17,09,W,R,0
1030,17,10,N,L,0
1030,17,10,N,T,0
1030,17,10,N,R,0
1030,17,10,E,L,0
1030,17,10,E,T,0
1030,17,10,E,R,0
1030,17,10,S,L,0
1030,17,10,S,T,0
1030,17,10,S,R,0
1030,17,10,W,L,0
1030,17,10,W,T,0
1030,17,10,W,R,0
1031,17,11,N,L,0
1031,17,11,N,T,0
1031,17,11,N,R,0
1031,17,11,E,L,0
1031,17,11,E,T,0
1031,17,11,E,R,0
1031,17,11,S,L,0
1031,17,11,S,T,1
1031,17,11,S,R,0
1031,17,11,W,L,0
1031,17,11,W,T,1
1031,17,11,W,R,0
1032,17,12,N,L,0
1032,17,12,N,T,0
1032,17,12,N,R,0
1032,17,12,E,L,0
1032,17,12,E,T,1
1032,17,12,E,R,0
1032,17,12,S,L,0
1032,17,12,S,T,0
1032,17,12,S,R,0
1032,17,12,W,L,0
1032,17,12,W,T,0
1032,17,12,W,R,0
1033,17,13,N,L,0
1033,17,13,N,T,0
1033,17,13,N,R,0
1033,17,13,E,L,0
1033,17,13,E,T,0
1033,17,13,E,R,0
1033,17,13,S,L,0
1033,17,13,S,T,0
1033,17,13,S,R,0
1033,17,13,W,L,0
1033,17,13,W,T,0
1033,17,13,W,R,0
1034,17,14,N,L,0
1034,17,14,N,T,2
1034,17,14,N,R,0
1034,17,14,E,L,0
1034,17,14,E,T,0
1034,17,14,E,R,0
1034,17,14,S,L,0
1034,17,14,S,T,0
1034,17,14,S,R,0
1034,17,14,W,L,0
1034,17,14,W,T,2
1034,17,14,W,R,0
1035,17,15,N,L,0
1035,17,15,N,T,0
1035,17,15,N,R,0
1035,17,15,E,L,0
1035,17,15,E,T,0
1035,17,15,E,R,0
1035,17,15,S,L,0
1035,17,15,S,T,0
1035,17,15,S,R,0
1035,17,15,W,L,0
1035,17,15,W,T,1
1035,17,15,W,R,0
1036,17,16,N,L,0
1036,17,16,N,T,1
1036,17,16,N,R,0
1036,17,16,E,L,1
1036,17,16,E,T,0
1036,17,16,E,R,1
1036,17,16,S,L,0
1036,17,16,S,T,0
1036,17,16,S,R,0
1036,17,16,W,L,0
1036,17,16,W,T,0
1036,17,16,W,R,0
1037,17,17,N,L,0
1037,17,17,N,T,0
1037,17,17,N,R,0
1037,17,17,E,L,0
1037,17,17,E,T,0
1037,17,17,E,R,0
1037,17,17,S,L,0
1037,17,17,S,T,0
1037,17,17,S,R,0
1037,17,17,W,L,0
1037,17,17,W,T,0
1037,17,17,W,R,0
1038,17,18,N,L,0
1038,17,18,N,T,0
1038,17,18,N,R,0
1038,17,18,E,L,0
1038,17,18,E,T,0
1038,17,18,E,R,0
1038,17,18,S,L,0
1038,17,18,S,T,1
1038,17,18,S,R,0
1038,17,18,W,L,0
1038,17,18,W,T,0
1038,17,18,W,R,0
1039,17,19,N,L,0
1039,17,19,N,T,0
1039,17,19,N,R,0
1039,17,19,E,L,1
1039,17,19,E,T,0
1039,17,19,E,R,0
1039,17,19,S,L,0
1039,17,19,S,T,0
1039,17,19,S,R,0
1039,17,19,W,L,0
1039,17,19,W,T,0
1039,17,19,W,R,0
1040,17,20,N,L,0
1040,17,20,N,T,1
1040,17,20,N,R,0
1040,17,20,E,L,0
1040,17,20,E,T,1
1040,17,20,E,R,0
1040,17,20,S,L,0
1040,17,20,S,T,1
1040,17,20,S,R,0
1040,17,20,W,L,0
1040,17,20,W,T,0
1040,17,20,W,R,0
1041,17,21,N,L,0
1041,17,21,N,T,0
1041,17,21,N,R,0
1041,17,21,E,L,0
1041,17,21,E,T,0
1041,17,21,E,R,0
1041,17,21,S,L,0
1041,17,21,S,T,1
1041,17,21,S,R,0
1041,17,21,W,L,0
1041,17,21,W,T,0
1041,17,21,W,R,0
1042,17,22,N,L,1
1042,17,22,N,T,0
1042,17,22,N,R,0
1042,17,22,E,L,0
1042,17,22,E,T,0
1042,17,22,E,R,0
1042,17,22,S,L,0
1042,17,22,S,T,0
1042,17,22,S,R,0
1042,17,22,W,L,0
1042,17,22,W,T,0
1042,17,22,W,R,0
1043,17,23,N,L,0
1043,17,23,N,T,0
1043,17,23,N,R,0
1043,17,23,E,L,0
1043,17,23,E,T,0
1043,17,23,E,R,0
1043,17,23,S,L,0
1043,17,23,S,T,0
1043,17,23,S,R,0
1043,17,23,W,L,0
1043,17,23,W,T,0
1043,17,23,W,R,0
1044,17,24,N,L,0
1044,17,24,N,T,0
1044,17,24,N,R,0
1044,17,24,E,L,0
1044,17,24,E,T,0
1044,17,24,E,R,0
1044,17,24,S,L,0
1044,17,24,S,T,0
1044,17,24,S,R,0
1044,17,24,W,L,0
1044,17,24,W,T,0
1044,17,24,W,R,0
1045,17,25,N,L,0
1045,17,25,N,T,0
1045,17,25,N,R,0
1045,17,25,E,L,0
1045,17,25,E,T,1
1045,17,25,E,R,0
1045,17,25,S,L,0
1045,17,25,S,T,1
1045,17,25,S,R,0
1045,17,25,W,L,0
1045,17,25,W,T,0
1045,17,25,W,R,0
1046,17,26,N,L,0
1046,17,26,N,T,1
1046,17,26,N,R,0
1046,17,26,E,L,0
1046,17,26,E,T,0
1046,17,26,E,R,0
1046,17,26,S,L,0
1046,17,26,S,T,0
1046,17,26,S,R,0
1046,17,26,W,L,0
1046,17,26,W,T,0
1046,17,26,W,R,0
1047,17,27,N,L,0
1047,17,27,N,T,0
1047,17,27,N,R,0
1047,17,27,E,L,0
1047,17,27,E,T,0
1047,17,27,E,R,0
1047,17,27,S,L,0
1047,17,27,S,T,0
1047,17,27,S,R,0
1047,17,27,W,L,0
1047,17,27,W,T,0
1047,17,27,W,R,1
1048,17,28,N,L,0
1048,17,28,N,T,0
1048,17,28,N,R,0
1048,17,28,E,L,0
1048,17,28,E,T,1
1048,17,28,E,R,0
1048,17,28,S,L,0
1048,17,28,S,T,0
1048,17,28,S,R,0
1048,17,28,W,L,0
1048,17,28,W,T,0
1048,17,28,W,R,0
1049,17,29,N,L,0
1049,17,29,N,T,0
1049,17,29,N,R,0
1049,17,29,E,L,0
1049,17,29,E,T,0
1049,17,29,E,R,0
1049,17,29,S,L,0
1049,17,29,S,T,1
1049,17,29,S,R,0
1049,17,29,W,L,0
1049,17,29,W,T,0
1049,17,29,W,R,0
1050,17,30,N,L,0
1050,17,30,N,T,2
1050,17,30,N,R,0
1050,17,30,E,L,0
1050,17,30,E,T,1
1050,17,30,E,R,0
1050,17,30,S,L,0
1050,17,30,S,T,0
1050,17,30,S,R,0
1050,17,30,W,L,0
1050,17,30,W,T,0
1050,17,30,W,R,0
1051,17,31,N,L,0
1051,17,31,N,T,0
1051,17,31,N,R,0
1051,17,31,E,L,0
1051,17,31,E,T,0
1051,17,31,E,R,0
1051,17,31,S,L,1
1051,17,31,S,T,0
1051,17,31,S,R,0
1051,17,31,W,L,0
1051,17,31,W,T,0
1051,17,31,W,R,0
1052,17,32,N,L,0
1052,17,32,N,T,0
1052,17,32,N,R,0
1052,17,32,E,L,0
1052,17,32,E,T,2
1052,17,32,E,R,0
1052,17,32,S,L,0
1052,17,32,S,T,0
1052,17,32,S,R,0
1052,17,32,W,L,0
1052,17,32,W,T,1
1052,17,32,W,R,0
1053,17,33,N,L,0
1053,17,33,N,T,0
1053,17,33,N,R,0
1053,17,33,E,L,0
1053,17,33,E,T,1
1053,17,33,E,R,0
1053,17,33,S,L,0
1053,17,33,S,T,3
1053,17,33,S,R,0
1053,17,33,W,L,0
1053,17,33,W,T,0
1053,17,33,W,R,0
1054,17,34,N,L,0
1054,17,34,N,T,1
1054,17,34,N,R,0
1054,17,34,E,L,0
1054,17,34,E,T,0
1054,17,34,E,R,0
1054,17,34,S,L,0
1054,17,34,S,T,1
1054,17,34,S,R,0
1054,17,34,W,L,0
1054,17,34,W,T,0
1054,17,34,W,R,0
1055,17,35,N,L,0
1055,17,35,N,T,0
1055,17,35,N,R,0
1055,17,35,E,L,0
1055,17,35,E,T,1
1055,17,35,E,R,0
1055,17,35,S,L,0
1055,17,35,S,T,0
1055,17,35,S,R,0
1055,17,35,W,L,0
1055,17,35,W,T,0
1055,17,35,W,R,0
1056,17,36,N,L,0
1056,17,36,N,T,0
1056,17,36,N,R,0
1056,17,36,E,L,0
1056,17,36,E,T,1
1056,17,36,E,R,0
1056,17,36,S,L,1
1056,17,36,S,T,0
1056,17,36,S,R,0
1056,17,36,W,L,0
1056,17,36,W,T,0
1056,17,36,W,R,0
1057,17,37,N,L,0
1057,17,37,N,T,0
1057,17,37,N,R,0
1057,17,37,E,L,0
1057,17,37,E,T,0
1057,17,37,E,R,0
1057,17,37,S,L,0
1057,17,37,S,T,0
1057,17,37,S,R,0
1057,17,37,W,L,0
1057,17,37,W,T,0
1057,17,37,W,R,0
1058,17,38,N,L,0
1058,17,38,N,T,1
1058,17,38,N,R,0
1058,17,38,E,L,0
1058,17,38,E,T,0
1058,17,38,E,R,0
1058,17,38,S,L,0
1058,17,38,S,T,0
1058,17,38,S,R,0
1058,17,38,W,L,0
1058,17,38,W,T,0
1058,17,38,W,R,0
1059,17,39,N,L,0
1059,17,39,N,T,0
1059,17,39,N,R,0
1059,17,39,E,L,0
1059,17,39,E,T,0
1059,17,39,E,R,0
1059,17,39,S,L,0
1059,17,39,S,T,0
1059,17,39,S,R,0
1059,17,39,W,L,1
1059,17,39,W,T,1
1059,17,39,W,R,0
1060,17,40,N,L,0
1060,17,40,N,T,0
1060,17,40,N,R,1
1060,17,40,E,L,0
1060,17,40,E,T,0
1060,17,40,E,R,0
1060,17,40,S,L,0
1060,17,40,S,T,0
1060,17,40,S,R,0
1060,17,40,W,L,0
1060,17,40,W,T,0
1060,17,40,W,R,0
1061,17,41,N,L,0
1061,17,41,N,T,0
1061,17,41,N,R,0
1061,17,41,E,L,0
1061,17,41,E,T,0
1061,17,41,E,R,0
1061,17,41,S,L,0
1061,17,41,S,T,1
1061,17,41,S,R,0
1061,17,41,W,L,0
1061,17,41,W,T,0
1061,17,41,W,R,0
1062,17,42,N,L,0
1062,17,42,N,T,0
1062,17,42,N,R,0
1062,17,42,E,L,0
1062,17,42,E,T,0
1062,17,42,E,R,0
1062,17,42,S,L,0
1062,17,42,S,T,0
1062,17,42,S,R,0
1062,17,42,W,L,0
1062,17,42,W,T,0
1062,17,42,W,R,0
1063,17,43,N,L,1
1063,17,43,N,T,0
1063,17,43,N,R,0
1063,17,43,E,L,0
1063,17,43,E,T,0
1063,17,43,E,R,0
1063,17,43,S,L,0
1063,17,43,S,T,1
1063,17,43,S,R,0
1063,17,43,W,L,1
1063,17,43,W,T,4
1063,17,43,W,R,0
1064,17,44,N,L,0
1064,17,44,N,T,0
1064,17,44,N,R,0
1064,17,44,E,L,0
1064,17,44,E,T,0
1064,17,44,E,R,0
1064,17,44,S,L,0
1064,17,44,S,T,0
1064,17,44,S,R,0
1064,17,44,W,L,0
1064,17,44,W,T,0
1064,17,44,W,R,0
1065,17,45,N,L,0
1065,17,45,N,T,2
1065,17,45,N,R,0
1065,17,45,E,L,0
1065,17,45,E,T,0
1065,17,45,E,R,0
1065,17,45,S,L,0
1065,17,45,S,T,1
1065,17,45,S,R,1
1065,17,45,W,L,0
1065,17,45,W,T,0
1065,17,45,W,R,0
1066,17,46,N,L,0
1066,17,46,N,T,0
1066,17,46,N,R,0
1066,17,46,E,L,0
1066,17,46,E,T,1
1066,17,46,E,R,0
1066,17,46,S,L,0
1066,17,46,S,T,0
1066,17,46,S,R,0
1066,17,46,W,L,0
1066,17,46,W,T,0
1066,17,46,W,R,0
1067,17,47,N,L,0
1067,17,47,N,T,0
1067,17,47,N,R,0
1067,17,47,E,L,0
1067,17,47,E,T,0
1067,17,47,E,R,0
1067,17,47,S,L,0
1067,17,47,S,T,0
1067,17,47,S,R,0
1067,17,47,W,L,0
1067,17,47,W,T,0
1067,17,47,W,R,0
1068,17,48,N,L,0
1068,17,48,N,T,1
1068,17,48,N,R,0
1068,17,48,E,L,0
1068,17,48,E,T,0
1068,17,48,E,R,0
1068,17,48,S,L,0
1068,17,48,S,T,0
1068,17,48,S,R,0
1068,17,48,W,L,1
1068,17,48,W,T,0
1068,17,48,W,R,0
1069,17,49,N,L,0
1069,17,49,N,T,0
1069,17,49,N,R,0
1069,17,49,E,L,0
1069,17,49,E,T,0
1069,17,49,E,R,0
1069,17,49,S,L,0
1069,17,49,S,T,0
1069,17,49,S,R,0
1069,17,49,W,L,0
1069,17,49,W,T,0
1069,17,49,W,R,0
1070,17,50,N,L,0
1070,17,50,N,T,0
1070,17,50,N,R,0
1070,17,50,E,L,0
1070,17,50,E,T,1
1070,17,50,E,R,0
1070,17,50,S,L,0
1070,17,50,S,T,0
1070,17,50,S,R,0
1070,17,50,W,L,0
1070,17,50,W,T,0
1070,17,50,W,R,0
1071,17,51,N,L,0
1071,17,51,N,T,0
1071,17,51,N,R,0
1071,17,51,E,L,0
1071,17,51,E,T,0
1071,17,51,E,R,0
1071,17,51,S,L,0
1071,17,51,S,T,0
1071,17,51,S,R,0
1071,17,51,W,L,0
1071,17,51,W,T,0
1071,17,51,W,R,0
1072,17,52,N,L,0
1072,17,52,N,T,0
1072,17,52,N,R,0
1072,17,52,E,L,0
1072,17,52,E,T,1
1072,17,52,E,R,0
1072,17,52,S,L,0
1072,17,52,S,T,2
1072,17,52,S,R,0
1072,17,52,W,L,0
1072,17,52,W,T,0
1072,17,52,W,R,0
1073,17,53,N,L,0
1073,17,53,N,T,0
1073,17,53,N,R,0
1073,17,53,E,L,0
1073,17,53,E,T,0
1073,17,53,E,R,0
1073,17,53,S,L,0
1073,17,53,S,T,0
1073,17,53,S,R,1
1073,17,53,W,L,0
1073,17,53,W,T,0
1073,17,53,W,R,0
1074,17,54,N,L,0
1074,17,54,N,T,0
1074,17,54,N,R,0
1074,17,54,E,L,0
1074,17,54,E,T,0
1074,17,54,E,R,0
1074,17,54,S,L,0
1074,17,54,S,T,0
1074,17,54,S,R,0
1074,17,54,W,L,0
1074,17,54,W,T,0
1074,17,54,W,R,0
1075,17,55,N,L,0
1075,17,55,N,T,2
1075,17,55,N,R,0
1075,17,55,E,L,0
1075,17,55,E,T,1
1075,17,55,E,R,0
1075,17,55,S,L,1
1075,17,55,S,T,0
1075,17,55,S,R,0
1075,17,55,W,L,0
1075,17,55,W,T,2
1075,17,55,W,R,0
1076,17,56,N,L,0
1076,17,56,N,T,0
1076,17,56,N,R,0
1076,17,56,E,L,0
1076,17,56,E,T,1
1076,17,56,E,R,0
1076,17,56,S,L,0
1076,17,56,S,T,0
1076,17,56,S,R,0
1076,17,56,W,L,0
1076,17,56,W,T,0
1076,17,56,W,R,0
1077,17,57,N,L,0
1077,17,57,N,T,0
1077,17,57,N,R,0
1077,17,57,E,L,0
1077,17,57,E,T,1
1077,17,57,E,R,0
1077,17,57,S,L,0
1077,17,57,S,T,1
1077,17,57,S,R,0
1077,17,57,W,L,0
1077,17,57,W,T,1
1077,17,57,W,R,0
1078,17,58,N,L,0
1078,17,58,N,T,1
1078,17,58,N,R,0
1078,17,58,E,L,0
1078,17,58,E,T,0
1078,17,58,E,R,0
1078,17,58,S,L,0
1078,17,58,S,T,1
1078,17,58,S,R,0
1078,17,58,W,L,0
1078,17,58,W,T,0
1078,17,58,W,R,0
1079,17,59,N,L,0
1079,17,59,N,T,0
1079,17,59,N,R,0
1079,17,59,E,L,0
1079,17,59,E,T,1
1079,17,59,E,R,0
1079,17,59,S,L,0
1079,17,59,S,T,0
1079,17,59,S,R,0
1079,17,59,W,L,0
1079,17,59,W,T,0
1079,17,59,W,R,0
1080,18,00,N,L,0
1080,18,00,N,T,1
1080,18,00,N,R,0
1080,18,00,E,L,0
1080,18,00,E,T,0
1080,18,00,E,R,0
1080,18,00,S,L,0
1080,18,00,S,T,0
1080,18,00,S,R,0
1080,18,00,W,L,0
1080,18,00,W,T,0
1080,18,00,W,R,0
1081,18,01,N,L,0
1081,18,01,N,T,0
1081,18,01,N,R,0
1081,18,01,E,L,0
1081,18,01,E,T,0
1081,18,01,E,R,0
1081,18,01,S,L,0
1081,18,01,S,T,0
1081,18,01,S,R,0
1081,18,01,W,L,0
1081,18,01,W,T,0
1081,18,01,W,R,0
1082,18,02,N,L,0
1082,18,02,N,T,0
1082,18,02,N,R,0
1082,18,02,E,L,0
1082,18,02,E,T,0
1082,18,02,E,R,0
1082,18,02,S,L,0
1082,18,02,S,T,0
1082,18,02,S,R,0
1082,18,02,W,L,0
1082,18,02,W,T,0
1082,18,02,W,R,0
1083,18,03,N,L,0
1083,18,03,N,T,0
1083,18,03,N,R,0
1083,18,03,E,L,0
1083,18,03,E,T,1
1083,18,03,E,R,0
1083,18,03,S,L,0
1083,18,03,S,T,1
1083,18,03,S,R,0
1083,18,03,W,L,0
1083,18,03,W,T,0
1083,18,03,W,R,0
1084,18,04,N,L,0
1084,18,04,N,T,1
1084,18,04,N,R,0
1084,18,04,E,L,0
1084,18,04,E,T,2
1084,18,04,E,R,0
1084,18,04,S,L,0
1084,18,04,S,T,0
1084,18,04,S,R,0
1084,18,04,W,L,0
1084,18,04,W,T,0
1084,18,04,W,R,0
1085,18,05,N,L,0
1085,18,05,N,T,1
1085,18,05,N,R,0
1085,18,05,E,L,0
1085,18,05,E,T,0
1085,18,05,E,R,0
1085,18,05,S,L,0
1085,18,05,S,T,1
1085,18,05,S,R,0
1085,18,05,W,L,0
1085,18,05,W,T,1
1085,18,05,W,R,0
1086,18,06,N,L,0
1086,18,06,N,T,1
1086,18,06,N,R,0
1086,18,06,E,L,0
1086,18,06,E,T,0
1086,18,06,E,R,0
1086,18,06,S,L,1
1086,18,06,S,T,1
1086,18,06,S,R,0
1086,18,06,W,L,0
1086,18,06,W,T,0
1086,18,06,W,R,0
1087,18,07,N,L,0
1087,18,07,N,T,2
1087,18,07,N,R,0
1087,18,07,E,L,0
1087,18,07,E,T,0
1087,18,07,E,R,1
1087,18,07,S,L,0
1087,18,07,S,T,0
1087,18,07,S,R,0
1087,18,07,W,L,0
1087,18,07,W,T,0
1087,18,07,W,R,0
1088,18,08,N,L,0
1088,18,08,N,T,0
1088,18,08,N,R,0
1088,18,08,E,L,1
1088,18,08,E,T,0
1088,18,08,E,R,0
1088,18,08,S,L,0
1088,18,08,S,T,0
1088,18,08,S,R,1
1088,18,08,W,L,0
1088,18,08,W,T,0
1088,18,08,W,R,0
1089,18,09,N,L,0
1089,18,09,N,T,1
1089,18,09,N,R,0
1089,18,09,E,L,0
1089,18,09,E,T,1
1089,18,09,E,R,0
1089,18,09,S,L,0
1089,18,09,S,T,0
1089,18,09,S,R,0
1089,18,09,W,L,0
1089,18,09,W,T,0
1089,18,09,W,R,0
1090,18,10,N,L,0
1090,18,10,N,T,0
1090,18,10,N,R,0
1090,18,10,E,L,0
1090,18,10,E,T,0
1090,18,10,E,R,0
1090,18,10,S,L,1
1090,18,10,S,T,0
1090,18,10,S,R,0
1090,18,10,W,L,0
1090,18,10,W,T,0
1090,18,10,W,R,0
1091,18,11,N,L,0
1091,18,11,N,T,0
1091,18,11,N,R,0
1091,18,11,E,L,0
1091,18,11,E,T,0
1091,18,11,E,R,0
1091,18,11,S,L,0
1091,18,11,S,T,0
1091,18,11,S,R,0
1091,18,11,W,L,0
1091,18,11,W,T,0
1091,18,11,W,R,0
1092,18,12,N,L,0
1092,18,12,N,T,1
1092,18,12,N,R,0
1092,18,12,E,L,0
1092,18,12,E,T,0
1092,18,12,E,R,0
1092,18,12,S,L,0
1092,18,12,S,T,0
1092,18,12,S,R,0
1092,18,12,W,L,0
1092,18,12,W,T,0
1092,18,12,W,R,0
1093,18,13,N,L,0
1093,18,13,N,T,0
1093,18,13,N,R,0
1093,18,13,E,L,0
1093,18,13,E,T,0
1093,18,13,E,R,0
1093,18,13,S,L,1
1093,18,13,S,T,0
1093,18,13,S,R,0
1093,18,13,W,L,0
1093,18,13,W,T,0
1093,18,13,W,R,0
1094,18,14,N,L,0
1094,18,14,N,T,0
1094,18,14,N,R,0
1094,18,14,E,L,0
1094,18,14,E,T,0
1094,18,14,E,R,0
1094,18,14,S,L,0
1094,18,14,S,T,0
1094,18,14,S,R,0
1094,18,14,W,L,0
1094,18,14,W,T,0
1094,18,14,W,R,0
1095,18,15,N,L,0
1095,18,15,N,T,1
1095,18,15,N,R,0
1095,18,15,E,L,0
1095,18,15,E,T,1
1095,18,15,E,R,0
1095,18,15,S,L,0
1095,18,15,S,T,1
1095,18,15,S,R,0
1095,18,15,W,L,0
1095,18,15,W,T,0
1095,18,15,W,R,0
1096,18,16,N,L,0
1096,18,16,N,T,0
1096,18,16,N,R,0
1096,18,16,E,L,0
1096,18,16,E,T,0
1096,18,16,E,R,0
1096,18,16,S,L,1
1096,18,16,S,T,1
1096,18,16,S,R,0
1096,18,16,W,L,0
1096,18,16,W,T,0
1096,18,16,W,R,0
1097,18,17,N,L,0
1097,18,17,N,T,0
1097,18,17,N,R,0
1097,18,17,E,L,0
1097,18,17,E,T,0
1097,18,17,E,R,0
1097,18,17,S,L,0
1097,18,17,S,T,2
1097,18,17,S,R,0
1097,18,17,W,L,0
1097,18,17,W,T,1
1097,18,17,W,R,0
1098,18,18,N,L,0
1098,18,18,N,T,0
1098,18,18,N,R,0
1098,18,18,E,L,0
1098,18,18,E,T,1
1098,18,18,E,R,0
1098,18,18,S,L,0
1098,18,18,S,T,0
1098,18,18,S,R,0
1098,18,18,W,L,0
1098,18,18,W,T,2
1098,18,18,W,R,0
1099,18,19,N,L,0
1099,18,19,N,T,0
1099,18,19,N,R,0
1099,18,19,E,L,0
1099,18,19,E,T,0
1099,18,19,E,R,0
1099,18,19,S,L,0
1099,18,19,S,T,0
1099,18,19,S,R,0
1099,18,19,W,L,0
1099,18,19,W,T,0
1099,18,19,W,R,0
1100,18,20,N,L,0
1100,18,20,N,T,1
1100,18,20,N,R,0
1100,18,20,E,L,0
1100,18,20,E,T,0
1100,18,20,E,R,0
1100,18,20,S,L,0
1100,18,20,S,T,0
1100,18,20,S,R,0
1100,18,20,W,L,0
1100,18,20,W,T,0
1100,18,20,W,R,0
1101,18,21,N,L,1
1101,18,21,N,T,0
1101,18,21,N,R,0
1101,18,21,E,L,0
1101,18,21,E,T,0
1101,18,21,E,R,0
1101,18,21,S,L,0
1101,18,21,S,T,0
1101,18,21,S,R,0
1101,18,21,W,L,0
1101,18,21,W,T,1
1101,18,21,W,R,0
1102,18,22,N,L,0
1102,18,22,N,T,1
1102,18,22,N,R,0
1102,18,22,E,L,0
1102,18,22,E,T,0
1102,18,22,E,R,1
1102,18,22,S,L,0
1102,18,22,S,T,0
1102,18,22,S,R,0
1102,18,22,W,L,0
1102,18,22,W,T,0
1102,18,22,W,R,0
1103,18,23,N,L,0
1103,18,23,N,T,1
1103,18,23,N,R,0
1103,18,23,E,L,0
1103,18,23,E,T,0
1103,18,23,E,R,0
1103,18,23,S,L,0
1103,18,23,S,T,0
1103,18,23,S,R,0
1103,18,23,W,L,0
1103,18,23,W,T,0
1103,18,23,W,R,0
1104,18,24,N,L,0
1104,18,24,N,T,1
1104,18,24,N,R,0
1104,18,24,E,L,0
1104,18,24,E,T,0
1104,18,24,E,R,0
1104,18,24,S,L,0
1104,18,24,S,T,2
1104,18,24,S,R,0
1104,18,24,W,L,0
1104,18,24,W,T,1
1104,18,24,W,R,0
1105,18,25,N,L,0
1105,18,25,N,T,0
1105,18,25,N,R,0
1105,18,25,E,L,0
1105,18,25,E,T,0
1105,18,25,E,R,0
1105,18,25,S,L,1
1105,18,25,S,T,2
1105,18,25,S,R,0
1105,18,25,W,L,0
1105,18,25,W,T,0
1105,18,25,W,R,0
1106,18,26,N,L,0
1106,18,26,N,T,0
1106,18,26,N,R,0
1106,18,26,E,L,0
1106,18,26,E,T,2
1106,18,26,E,R,0
1106,18,26,S,L,0
1106,18,26,S,T,0
1106,18,26,S,R,0
1106,18,26,W,L,0
1106,18,26,W,T,0
1106,18,26,W,R,0
1107,18,27,N,L,0
1107,18,27,N,T,0
1107,18,27,N,R,0
1107,18,27,E,L,0
1107,18,27,E,T,0
1107,18,27,E,R,0
1107,18,27,S,L,1
1107,18,27,S,T,0
1107,18,27,S,R,0
1107,18,27,W,L,0
1107,18,27,W,T,0
1107,18,27,W,R,0
1108,18,28,N,L,0
1108,18,28,N,T,0
1108,18,28,N,R,0
1108,18,28,E,L,1
1108,18,28,E,T,0
1108,18,28,E,R,0
1108,18,28,S,L,0
1108,18,28,S,T,1
1108,18,28,S,R,0
1108,18,28,W,L,0
1108,18,28,W,T,0
1108,18,28,W,R,0
1109,18,29,N,L,0
1109,18,29,N,T,0
1109,18,29,N,R,0
1109,18,29,E,L,0
1109,18,29,E,T,0
1109,18,29,E,R,0
1109,18,29,S,L,0
1109,18,29,S,T,0
1109,18,29,S,R,0
1109,18,29,W,L,0
1109,18,29,W,T,0
1109,18,29,W,R,0
1110,18,30,N,L,0
1110,18,30,N,T,0
1110,18,30,N,R,0
1110,18,30,E,L,0
1110,18,30,E,T,0
1110,18,30,E,R,0
1110,18,30,S,L,0
1110,18,30,S,T,2
1110,18,30,S,R,0
1110,18,30,W,L,0
1110,18,30,W,T,1
1110,18,30,W,R,0
1111,18,31,N,L,0
1111,18,31,N,T,0
1111,18,31,N,R,0
1111,18,31,E,L,0
1111,18,31,E,T,0
1111,18,31,E,R,0
1111,18,31,S,L,0
1111,18,31,S,T,1
1111,18,31,S,R,0
1111,18,31,W,L,0
1111,18,31,W,T,0
1111,18,31,W,R,0
1112,18,32,N,L,0
1112,18,32,N,T,0
1112,18,32,N,R,0
1112,18,32,E,L,0
1112,18,32,E,T,0
1112,18,32,E,R,0
1112,18,32,S,L,0
1112,18,32,S,T,0
1112,18,32,S,R,0
1112,18,32,W,L,0
1112,18,32,W,T,0
1112,18,32,W,R,0
1113,18,33,N,L,0
1113,18,33,N,T,0
1113,18,33,N,R,0
1113,18,33,E,L,0
1113,18,33,E,T,0
1113,18,33,E,R,0
1113,18,33,S,L,0
1113,18,33,S,T,1
1113,18,33,S,R,0
1113,18,33,W,L,0
1113,18,33,W,T,0
1113,18,33,W,R,0
1114,18,34,N,L,0
1114,18,34,N,T,0
1114,18,34,N,R,0
1114,18,34,E,L,0
1114,18,34,E,T,0
1114,18,34,E,R,0
1114,18,34,S,L,0
1114,18,34,S,T,1
1114,18,34,S,R,0
1114,18,34,W,L,1
1114,18,34,W,T,0
1114,18,34,W,R,0
1115,18,35,N,L,0
1115,18,35,N,T,0
1115,18,35,N,R,0
1115,18,35,E,L,0
1115,18,35,E,T,1
1115,18,35,E,R,0
1115,18,35,S,L,0
1115,18,35,S,T,0
1115,18,35,S,R,0
1115,18,35,W,L,0
1115,18,35,W,T,0
1115,18,35,W,R,0
1116,18,36,N,L,0
1116,18,36,N,T,0
1116,18,36,N,R,0
1116,18,36,E,L,0
1116,18,36,E,T,0
1116,18,36,E,R,0
1116,18,36,S,L,0
1116,18,36,S,T,0
1116,18,36,S,R,0
1116,18,36,W,L,0
1116,18,36,W,T,0
1116,18,36,W,R,0
1117,18,37,N,L,0
1117,18,37,N,T,0
1117,18,37,N,R,0
1117,18,37,E,L,0
1117,18,37,E,T,0
1117,18,37,E,R,0
1117,18,37,S,L,0
1117,18,37,S,T,1
1117,18,37,S,R,0
1117,18,37,W,L,0
1117,18,37,W,T,0
1117,18,37,W,R,0
1118,18,38,N,L,0
1118,18,38,N,T,0
1118,18,38,N,R,0
1118,18,38,E,L,0
1118,18,38,E,T,1
1118,18,38,E,R,0
1118,18,38,S,L,0
1118,18,38,S,T,0
1118,18,38,S,R,0
1118,18,38,W,L,0
1118,18,38,W,T,1
1118,18,38,W,R,0
1119,18,39,N,L,0
1119,18,39,N,T,0
1119,18,39,N,R,0
1119,18,39,E,L,0
1119,18,39,E,T,0
1119,18,39,E,R,0
1119,18,39,S,L,0
1119,18,39,S,T,0
1119,18,39,S,R,0
1119,18,39,W,L,0
1119,18,39,W,T,1
1119,18,39,W,R,0
1120,18,40,N,L,0
1120,18,40,N,T,1
1120,18,40,N,R,0
1120,18,40,E,L,0
1120,18,40,E,T,1
1120,18,40,E,R,0
1120,18,40,S,L,0
1120,18,40,S,T,0
1120,18,40,S,R,0
1120,18,40,W,L,0
1120,18,40,W,T,0
1120,18,40,W,R,0
1121,18,41,N,L,0
1121,18,41,N,T,0
1121,18,41,N,R,0
1121,18,41,E,L,0
1121,18,41,E,T,1
1121,18,41,E,R,0
1121,18,41,S,L,0
1121,18,41,S,T,2
1121,18,41,S,R,0
1121,18,41,W,L,0
1121,18,41,W,T,0
1121,18,41,W,R,0
1122,18,42,N,L,0
1122,18,42,N,T,0
1122,18,42,N,R,0
1122,18,42,E,L,0
1122,18,42,E,T,0
1122,18,42,E,R,0
1122,18,42,S,L,0
1122,18,42,S,T,0
1122,18,42,S,R,0
1122,18,42,W,L,0
1122,18,42,W,T,0
1122,18,42,W,R,0
1123,18,43,N,L,0
1123,18,43,N,T,0
1123,18,43,N,R,0
1123,18,43,E,L,0
1123,18,43,E,T,0
1123,18,43,E,R,0
1123,18,43,S,L,0
1123,18,43,S,T,1
1123,18,43,S,R,0
1123,18,43,W,L,0
1123,18,43,W,T,1
1123,18,43,W,R,0
1124,18,44,N,L,0
1124,18,44,N,T,0
1124,18,44,N,R,0
1124,18,44,E,L,0
1124,18,44,E,T,0
1124,18,44,E,R,0
1124,18,44,S,L,1
1124,18,44,S,T,0
1124,18,44,S,R,0
1124,18,44,W,L,0
1124,18,44,W,T,1
1124,18,44,W,R,0
1125,18,45,N,L,0
1125,18,45,N,T,0
1125,18,45,N,R,1
1125,18,45,E,L,0
1125,18,45,E,T,0
1125,18,45,E,R,0
1125,18,45,S,L,0
1125,18,45,S,T,0
1125,18,45,S,R,0
1125,18,45,W,L,0
1125,18,45,W,T,0
1125,18,45,W,R,0
1126,18,46,N,L,0
1126,18,46,N,T,1
1126,18,46,N,R,0
1126,18,46,E,L,0
1126,18,46,E,T,0
1126,18,46,E,R,0
1126,18,46,S,L,1
1126,18,46,S,T,0
1126,18,46,S,R,0
1126,18,46,W,L,0
1126,18,46,W,T,1
1126,18,46,W,R,0
1127,18,47,N,L,0
1127,18,47,N,T,0
1127,18,47,N,R,0
1127,18,47,E,L,0
1127,18,47,E,T,0
1127,18,47,E,R,0
1127,18,47,S,L,0
1127,18,47,S,T,0
1127,18,47,S,R,0
1127,18,47,W,L,0
1127,18,47,W,T,0
1127,18,47,W,R,0
1128,18,48,N,L,0
1128,18,48,N,T,0
1128,18,48,N,R,0
1128,18,48,E,L,0
1128,18,48,E,T,0
1128,18,48,E,R,0
1128,18,48,S,L,0
1128,18,48,S,T,0
1128,18,48,S,R,0
1128,18,48,W,L,0
1128,18,48,W,T,0
1128,18,48,W,R,0
1129,18,49,N,L,0
1129,18,49,N,T,0
1129,18,49,N,R,0
1129,18,49,E,L,0
1129,18,49,E,T,1
1129,18,49,E,R,0
1129,18,49,S,L,0
1129,18,49,S,T,0
1129,18,49,S,R,0
1129,18,49,W,L,0
1129,18,49,W,T,1
1129,18,49,W,R,0
1130,18,50,N,L,0
1130,18,50,N,T,0
1130,18,50,N,R,0
1130,18,50,E,L,0
1130,18,50,E,T,0
1130,18,50,E,R,1
1130,18,50,S,L,0
1130,18,50,S,T,0
1130,18,50,S,R,0
1130,18,50,W,L,0
1130,18,50,W,T,1
1130,18,50,W,R,0
1131,18,51,N,L,0
1131,18,51,N,T,0
1131,18,51,N,R,0
1131,18,51,E,L,0
1131,18,51,E,T,0
1131,18,51,E,R,0
1131,18,51,S,L,0
1131,18,51,S,T,0
1131,18,51,S,R,0
1131,18,51,W,L,0
1131,18,51,W,T,0
1131,18,51,W,R,0
1132,18,52,N,L,1
1132,18,52,N,T,0
1132,18,52,N,R,0
1132,18,52,E,L,0
1132,18,52,E,T,0
1132,18,52,E,R,0
1132,18,52,S,L,0
1132,18,52,S,T,0
1132,18,52,S,R,0
1132,18,52,W,L,0
1132,18,52,W,T,0
1132,18,52,W,R,0
1133,18,53,N,L,0
1133,18,53,N,T,1
1133,18,53,N,R,0
1133,18,53,E,L,0
1133,18,53,E,T,1
1133,18,53,E,R,0
1133,18,53,S,L,0
1133,18,53,S,T,0
1133,18,53,S,R,1
1133,18,53,W,L,0
1133,18,53,W,T,2
1133,18,53,W,R,0
1134,18,54,N,L,0
1134,18,54,N,T,0
1134,18,54,N,R,0
1134,18,54,E,L,0
1134,18,54,E,T,0
1134,18,54,E,R,0
1134,18,54,S,L,0
1134,18,54,S,T,0
1134,18,54,S,R,0
1134,18,54,W,L,0
1134,18,54,W,T,0
1134,18,54,W,R,0
1135,18,55,N,L,0
1135,18,55,N,T,0
1135,18,55,N,R,0
1135,18,55,E,L,0
1135,18,55,E,T,0
1135,18,55,E,R,0
1135,18,55,S,L,0
1135,18,55,S,T,2
1135,18,55,S,R,0
1135,18,55,W,L,0
1135,18,55,W,T,0
1135,18,55,W,R,0
1136,18,56,N,L,0
1136,18,56,N,T,0
1136,18,56,N,R,0
1136,18,56,E,L,0
1136,18,56,E,T,0
1136,18,56,E,R,0
1136,18,56,S,L,1
1136,18,56,S,T,1
1136,18,56,S,R,0
1136,18,56,W,L,0
1136,18,56,W,T,0
1136,18,56,W,R,0
1137,18,57,N,L,0
1137,18,57,N,T,0
1137,18,57,N,R,0
1137,18,57,E,L,0
1137,18,57,E,T,0
1137,18,57,E,R,0
1137,18,57,S,L,0
1137,18,57,S,T,1
1137,18,57,S,R,0
1137,18,57,W,L,0
1137,18,57,W,T,0
1137,18,57,W,R,0
1138,18,58,N,L,0
1138,18,58,N,T,0
1138,18,58,N,R,1
1138,18,58,E,L,1
1138,18,58,E,T,0
1138,18,58,E,R,0
1138,18,58,S,L,0
1138,18,58,S,T,0
1138,18,58,S,R,0
1138,18,58,W,L,0
1138,18,58,W,T,0
1138,18,58,W,R,0
1139,18,59,N,L,0
1139,18,59,N,T,0
1139,18,59,N,R,0
1139,18,59,E,L,0
1139,18,59,E,T,0
1139,18,59,E,R,0
1139,18,59,S,L,0
1139,18,59,S,T,1
1139,18,59,S,R,0
1139,18,59,W,L,0
1139,18,59,W,T,0
1139,18,59,W,R,0
1140,19,00,N,L,0
1140,19,00,N,T,1
1140,19,00,N,R,0
1140,19,00,E,L,0
1140,19,00,E,T,0
1140,19,00,E,R,0
1140,19,00,S,L,0
1140,19,00,S,T,4
1140,19,00,S,R,0
1140,19,00,W,L,0
1140,19,00,W,T,0
1140,19,00,W,R,0
1141,19,01,N,L,0
1141,19,01,N,T,0
1141,19,01,N,R,0
1141,19,01,E,L,0
1141,19,01,E,T,0
1141,19,01,E,R,0
1141,19,01,S,L,0
1141,19,01,S,T,0
1141,19,01,S,R,0
1141,19,01,W,L,0
1141,19,01,W,T,0
1141,19,01,W,R,0
1142,19,02,N,L,0
1142,19,02,N,T,0
1142,19,02,N,R,0
1142,19,02,E,L,0
1142,19,02,E,T,0
1142,19,02,E,R,0
1142,19,02,S,L,0
1142,19,02,S,T,2
1142,19,02,S,R,0
1142,19,02,W,L,0
1142,19,02,W,T,0
1142,19,02,W,R,0
1143,19,03,N,L,0
1143,19,03,N,T,1
1143,19,03,N,R,0
1143,19,03,E,L,0
1143,19,03,E,T,0
1143,19,03,E,R,0
1143,19,03,S,L,0
1143,19,03,S,T,0
1143,19,03,S,R,0
1143,19,03,W,L,0
1143,19,03,W,T,1
1143,19,03,W,R,0
1144,19,04,N,L,0
1144,19,04,N,T,0
1144,19,04,N,R,0
1144,19,04,E,L,0
1144,19,04,E,T,0
1144,19,04,E,R,1
1144,19,04,S,L,0
1144,19,04,S,T,0
1144,19,04,S,R,0
1144,19,04,W,L,0
1144,19,04,W,T,0
1144,19,04,W,R,0
1145,19,05,N,L,0
1145,19,05,N,T,1
1145,19,05,N,R,0
1145,19,05,E,L,0
1145,19,05,E,T,0
1145,19,05,E,R,0
1145,19,05,S,L,0
1145,19,05,S,T,0
1145,19,05,S,R,0
1145,19,05,W,L,0
1145,19,05,W,T,0
1145,19,05,W,R,0
1146,19,06,N,L,0
1146,19,06,N,T,0
1146,19,06,N,R,0
1146,19,06,E,L,0
1146,19,06,E,T,0
1146,19,06,E,R,0
1146,19,06,S,L,0
1146,19,06,S,T,1
1146,19,06,S,R,0
1146,19,06,W,L,0
1146,19,06,W,T,0
1146,19,06,W,R,0
1147,19,07,N,L,0
1147,19,07,N,T,0
1147,19,07,N,R,0
1147,19,07,E,L,0
1147,19,07,E,T,0
1147,19,07,E,R,0
1147,19,07,S,L,0
1147,19,07,S,T,0
1147,19,07,S,R,1
1147,19,07,W,L,0
1147,19,07,W,T,1
1147,19,07,W,R,1
1148,19,08,N,L,0
1148,19,08,N,T,0
1148,19,08,N,R,0
1148,19,08,E,L,0
1148,19,08,E,T,0
1148,19,08,E,R,0
1148,19,08,S,L,0
1148,19,08,S,T,1
1148,19,08,S,R,0
1148,19,08,W,L,0
1148,19,08,W,T,0
1148,19,08,W,R,0
1149,19,09,N,L,0
1149,19,09,N,T,1
1149,19,09,N,R,0
1149,19,09,E,L,0
1149,19,09,E,T,0
1149,19,09,E,R,0
1149,19,09,S,L,0
1149,19,09,S,T,1
1149,19,09,S,R,0
1149,19,09,W,L,0
1149,19,09,W,T,1
1149,19,09,W,R,0
1150,19,10,N,L,0
1150,19,10,N,T,1
1150,19,10,N,R,0
1150,19,10,E,L,1
1150,19,10,E,T,0
1150,19,10,E,R,0
1150,19,10,S,L,0
1150,19,10,S,T,0
1150,19,10,S,R,0
1150,19,10,W,L,0
1150,19,10,W,T,0
1150,19,10,W,R,0
1151,19,11,N,L,1
1151,19,11,N,T,0
1151,19,11,N,R,0
1151,19,11,E,L,0
1151,19,11,E,T,0
1151,19,11,E,R,0
1151,19,11,S,L,0
1151,19,11,S,T,1
1151,19,11,S,R,0
1151,19,11,W,L,0
1151,19,11,W,T,0
1151,19,11,W,R,0
1152,19,12,N,L,0
1152,19,12,N,T,0
1152,19,12,N,R,0
1152,19,12,E,L,0
1152,19,12,E,T,0
1152,19,12,E,R,0
1152,19,12,S,L,0
1152,19,12,S,T,0
1152,19,12,S,R,0
1152,19,12,W,L,0
1152,19,12,W,T,0
1152,19,12,W,R,0
1153,19,13,N,L,0
1153,19,13,N,T,0
1153,19,13,N,R,0
1153,19,13,E,L,0
1153,19,13,E,T,0
1153,19,13,E,R,0
1153,19,13,S,L,0
1153,19,13,S,T,0
1153,19,13,S,R,0
1153,19,13,W,L,0
1153,19,13,W,T,2
1153,19,13,W,R,0
1154,19,14,N,L,0
1154,19,14,N,T,0
1154,19,14,N,R,0
1154,19,14,E,L,0
1154,19,14,E,T,0
1154,19,14,E,R,0
1154,19,14,S,L,0
1154,19,14,S,T,0
1154,19,14,S,R,0
1154,19,14,W,L,0
1154,19,14,W,T,0
1154,19,14,W,R,0
1155,19,15,N,L,1
1155,19,15,N,T,0
1155,19,15,N,R,0
1155,19,15,E,L,0
1155,19,15,E,T,0
1155,19,15,E,R,0
1155,19,15,S,L,0
1155,19,15,S,T,0
1155,19,15,S,R,0
1155,19,15,W,L,0
1155,19,15,W,T,0
1155,19,15,W,R,0
1156,19,16,N,L,0
1156,19,16,N,T,1
1156,19,16,N,R,0
1156,19,16,E,L,0
1156,19,16,E,T,1
1156,19,16,E,R,0
1156,19,16,S,L,0
1156,19,16,S,T,0
1156,19,16,S,R,0
1156,19,16,W,L,0
1156,19,16,W,T,0
1156,19,16,W,R,0
1157,19,17,N,L,0
1157,19,17,N,T,1
1157,19,17,N,R,0
1157,19,17,E,L,1
1157,19,17,E,T,0
1157,19,17,E,R,0
1157,19,17,S,L,0
1157,19,17,S,T,1
1157,19,17,S,R,0
1157,19,17,W,L,0
1157,19,17,W,T,1
1157,19,17,W,R,0
1158,19,18,N,L,0
1158,19,18,N,T,0
1158,19,18,N,R,0
1158,19,18,E,L,0
1158,19,18,E,T,0
1158,19,18,E,R,0
1158,19,18,S,L,0
1158,19,18,S,T,0
1158,19,18,S,R,1
1158,19,18,W,L,0
1158,19,18,W,T,0
1158,19,18,W,R,0
1159,19,19,N,L,0
1159,19,19,N,T,0
1159,19,19,N,R,0
1159,19,19,E,L,0
1159,19,19,E,T,0
1159,19,19,E,R,0
1159,19,19,S,L,0
1159,19,19,S,T,0
1159,19,19,S,R,0
1159,19,19,W,L,0
1159,19,19,W,T,0
1159,19,19,W,R,0
1160,19,20,N,L,0
1160,19,20,N,T,0
1160,19,20,N,R,1
1160,19,20,E,L,0
1160,19,20,E,T,1
1160,19,20,E,R,0
1160,19,20,S,L,0
1160,19,20,S,T,1
1160,19,20,S,R,0
1160,19,20,W,L,0
1160,19,20,W,T,0
1160,19,20,W,R,0
1161,19,21,N,L,0
1161,19,21,N,T,0
1161,19,21,N,R,0
1161,19,21,E,L,1
1161,19,21,E,T,1
1161,19,21,E,R,0
1161,19,21,S,L,0
1161,19,21,S,T,0
1161,19,21,S,R,0
1161,19,21,W,L,0
1161,19,21,W,T,0
1161,19,21,W,R,0
1162,19,22,N,L,0
1162,19,22,N,T,0
1162,19,22,N,R,0
1162,19,22,E,L,0
1162,19,22,E,T,1
1162,19,22,E,R,0
1162,19,22,S,L,0
1162,19,22,S,T,1
1162,19,22,S,R,0
1162,19,22,W,L,0
1162,19,22,W,T,0
1162,19,22,W,R,0
1163,19,23,N,L,0
1163,19,23,N,T,0
1163,19,23,N,R,0
1163,19,23,E,L,0
1163,19,23,E,T,0
1163,19,23,E,R,0
1163,19,23,S,L,0
1163,19,23,S,T,1
1163,19,23,S,R,0
1163,19,23,W,L,0
1163,19,23,W,T,0
1163,19,23,W,R,0
1164,19,24,N,L,0
1164,19,24,N,T,0
1164,19,24,N,R,0
1164,19,24,E,L,0
1164,19,24,E,T,0
1164,19,24,E,R,0
1164,19,24,S,L,0
1164,19,24,S,T,0
1164,19,24,S,R,0
1164,19,24,W,L,0
1164,19,24,W,T,0
1164,19,24,W,R,1
1165,19,25,N,L,0
1165,19,25,N,T,1
1165,19,25,N,R,0
1165,19,25,E,L,0
1165,19,25,E,T,0
1165,19,25,E,R,0
1165,19,25,S,L,0
1165,19,25,S,T,0
1165,19,25,S,R,0
1165,19,25,W,L,0
1165,19,25,W,T,0
1165,19,25,W,R,0
1166,19,26,N,L,0
1166,19,26,N,T,1
1166,19,26,N,R,0
1166,19,26,E,L,0
1166,19,26,E,T,0
1166,19,26,E,R,0
1166,19,26,S,L,0
1166,19,26,S,T,0
1166,19,26,S,R,0
1166,19,26,W,L,0
1166,19,26,W,T,0
1166,19,26,W,R,0
1167,19,27,N,L,0
1167,19,27,N,T,0
1167,19,27,N,R,0
1167,19,27,E,L,0
1167,19,27,E,T,0
1167,19,27,E,R,0
1167,19,27,S,L,0
1167,19,27,S,T,0
1167,19,27,S,R,0
1167,19,27,W,L,0
1167,19,27,W,T,0
1167,19,27,W,R,0
1168,19,28,N,L,0
1168,19,28,N,T,1
1168,19,28,N,R,1
1168,19,28,E,L,1
1168,19,28,E,T,2
1168,19,28,E,R,0
1168,19,28,S,L,0
1168,19,28,S,T,1
1168,19,28,S,R,0
1168,19,28,W,L,0
1168,19,28,W,T,0
1168,19,28,W,R,0
1169,19,29,N,L,0
1169,19,29,N,T,0
1169,19,29,N,R,0
1169,19,29,E,L,0
1169,19,29,E,T,0
1169,19,29,E,R,0
1169,19,29,S,L,0
1169,19,29,S,T,1
1169,19,29,S,R,0
1169,19,29,W,L,0
1169,19,29,W,T,0
1169,19,29,W,R,0
1170,19,30,N,L,0
1170,19,30,N,T,0
1170,19,30,N,R,0
1170,19,30,E,L,0
1170,19,30,E,T,0
1170,19,30,E,R,1
1170,19,30,S,L,0
1170,19,30,S,T,1
1170,19,30,S,R,0
1170,19,30,W,L,0
1170,19,30,W,T,0
1170,19,30,W,R,0
1171,19,31,N,L,0
1171,19,31,N,T,2
1171,19,31,N,R,0
1171,19,31,E,L,0
1171,19,31,E,T,0
1171,19,31,E,R,0
1171,19,31,S,L,0
1171,19,31,S,T,0
1171,19,31,S,R,0
1171,19,31,W,L,0
1171,19,31,W,T,0
1171,19,31,W,R,0
1172,19,32,N,L,0
1172,19,32,N,T,0
1172,19,32,N,R,1
1172,19,32,E,L,0
1172,19,32,E,T,0
1172,19,32,E,R,0
1172,19,32,S,L,0
1172,19,32,S,T,1
1172,19,32,S,R,0
1172,19,32,W,L,0
1172,19,32,W,T,1
1172,19,32,W,R,0
1173,19,33,N,L,0
1173,19,33,N,T,0
1173,19,33,N,R,0
1173,19,33,E,L,0
1173,19,33,E,T,0
1173,19,33,E,R,0
1173,19,33,S,L,0
1173,19,33,S,T,0
1173,19,33,S,R,0
1173,19,33,W,L,0
1173,19,33,W,T,0
1173,19,33,W,R,0
1174,19,34,N,L,0
1174,19,34,N,T,0
1174,19,34,N,R,0
1174,19,34,E,L,0
1174,19,34,E,T,1
1174,19,34,E,R,0
1174,19,34,S,L,0
1174,19,34,S,T,1
1174,19,34,S,R,0
1174,19,34,W,L,0
1174,19,34,W,T,0
1174,19,34,W,R,0
1175,19,35,N,L,0
1175,19,35,N,T,0
1175,19,35,N,R,0
1175,19,35,E,L,0
1175,19,35,E,T,0
1175,19,35,E,R,0
1175,19,35,S,L,0
1175,19,35,S,T,1
1175,19,35,S,R,0
1175,19,35,W,L,0
1175,19,35,W,T,0
1175,19,35,W,R,0
1176,19,36,N,L,0
1176,19,36,N,T,0
1176,19,36,N,R,0
1176,19,36,E,L,0
1176,19,36,E,T,0
1176,19,36,E,R,0
1176,19,36,S,L,1
1176,19,36,S,T,0
1176,19,36,S,R,0
1176,19,36,W,L,0
1176,19,36,W,T,0
1176,19,36,W,R,0
1177,19,37,N,L,0
1177,19,37,N,T,1
1177,19,37,N,R,0
1177,19,37,E,L,0
1177,19,37,E,T,0
1177,19,37,E,R,0
1177,19,37,S,L,0
1177,19,37,S,T,0
1177,19,37,S,R,0
1177,19,37,W,L,0
1177,19,37,W,T,0
1177,19,37,W,R,0
1178,19,38,N,L,0
1178,19,38,N,T,0
1178,19,38,N,R,0
1178,19,38,E,L,0
1178,19,38,E,T,0
1178,19,38,E,R,0
1178,19,38,S,L,0
1178,19,38,S,T,0
1178,19,38,S,R,0
1178,19,38,W,L,0
1178,19,38,W,T,0
1178,19,38,W,R,0
1179,19,39,N,L,0
1179,19,39,N,T,1
1179,19,39,N,R,0
1179,19,39,E,L,0
1179,19,39,E,T,0
1179,19,39,E,R,0
1179,19,39,S,L,0
1179,19,39,S,T,1
1179,19,39,S,R,0
1179,19,39,W,L,0
1179,19,39,W,T,0
1179,19,39,W,R,0
1180,19,40,N,L,0
1180,19,40,N,T,0
1180,19,40,N,R,0
1180,19,40,E,L,0
1180,19,40,E,T,0
1180,19,40,E,R,0
1180,19,40,S,L,0
1180,19,40,S,T,0
1180,19,40,S,R,0
1180,19,40,W,L,0
1180,19,40,W,T,0
1180,19,40,W,R,0
1181,19,41,N,L,1
1181,19,41,N,T,0
1181,19,41,N,R,0
1181,19,41,E,L,0
1181,19,41,E,T,0
1181,19,41,E,R,0
1181,19,41,S,L,0
1181,19,41,S,T,0
1181,19,41,S,R,0
1181,19,41,W,L,0
1181,19,41,W,T,0
1181,19,41,W,R,0
1182,19,42,N,L,0
1182,19,42,N,T,1
1182,19,42,N,R,0
1182,19,42,E,L,0
1182,19,42,E,T,0
1182,19,42,E,R,0
1182,19,42,S,L,0
1182,19,42,S,T,0
1182,19,42,S,R,0
1182,19,42,W,L,0
1182,19,42,W,T,1
1182,19,42,W,R,0
1183,19,43,N,L,0
1183,19,43,N,T,0
1183,19,43,N,R,0
1183,19,43,E,L,0
1183,19,43,E,T,0
1183,19,43,E,R,0
1183,19,43,S,L,0
1183,19,43,S,T,0
1183,19,43,S,R,0
1183,19,43,W,L,0
1183,19,43,W,T,1
1183,19,43,W,R,0
1184,19,44,N,L,0
1184,19,44,N,T,0
1184,19,44,N,R,0
1184,19,44,E,L,0
1184,19,44,E,T,0
1184,19,44,E,R,1
1184,19,44,S,L,0
1184,19,44,S,T,0
1184,19,44,S,R,0
1184,19,44,W,L,0
1184,19,44,W,T,0
1184,19,44,W,R,0
1185,19,45,N,L,0
1185,19,45,N,T,0
1185,19,45,N,R,0
1185,19,45,E,L,0
1185,19,45,E,T,1
1185,19,45,E,R,0
1185,19,45,S,L,0
1185,19,45,S,T,0
1185,19,45,S,R,0
1185,19,45,W,L,0
1185,19,45,W,T,1
1185,19,45,W,R,0
1186,19,46,N,L,0
1186,19,46,N,T,0
1186,19,46,N,R,0
1186,19,46,E,L,0
1186,19,46,E,T,0
1186,19,46,E,R,0
1186,19,46,S,L,0
1186,19,46,S,T,1
1186,19,46,S,R,0
1186,19,46,W,L,0
1186,19,46,W,T,0
1186,19,46,W,R,0
1187,19,47,N,L,0
1187,19,47,N,T,0
1187,19,47,N,R,0
1187,19,47,E,L,0
1187,19,47,E,T,0
1187,19,47,E,R,0
1187,19,47,S,L,0
1187,19,47,S,T,0
1187,19,47,S,R,0
1187,19,47,W,L,0
1187,19,47,W,T,0
1187,19,47,W,R,0
1188,19,48,N,L,0
1188,19,48,N,T,1
1188,19,48,N,R,0
1188,19,48,E,L,0
1188,19,48,E,T,0
1188,19,48,E,R,0
1188,19,48,S,L,0
1188,19,48,S,T,0
1188,19,48,S,R,0
1188,19,48,W,L,0
1188,19,48,W,T,0
1188,19,48,W,R,0
1189,19,49,N,L,0
1189,19,49,N,T,0
1189,19,49,N,R,0
1189,19,49,E,L,0
1189,19,49,E,T,0
1189,19,49,E,R,0
1189,19,49,S,L,0
1189,19,49,S,T,1
1189,19,49,S,R,0
1189,19,49,W,L,0
1189,19,49,W,T,0
1189,19,49,W,R,0
1190,19,50,N,L,0
1190,19,50,N,T,0
1190,19,50,N,R,0
1190,19,50,E,L,0
1190,19,50,E,T,1
1190,19,50,E,R,0
1190,19,50,S,L,0
1190,19,50,S,T,1
1190,19,50,S,R,0
1190,19,50,W,L,0
1190,19,50,W,T,0
1190,19,50,W,R,0
1191,19,51,N,L,0
1191,19,51,N,T,0
1191,19,51,N,R,0
1191,19,51,E,L,0
1191,19,51,E,T,0
1191,19,51,E,R,0
1191,19,51,S,L,0
1191,19,51,S,T,0
1191,19,51,S,R,0
1191,19,51,W,L,0
1191,19,51,W,T,0
1191,19,51,W,R,0
1192,19,52,N,L,0
1192,19,52,N,T,0
1192,19,52,N,R,0
1192,19,52,E,L,0
1192,19,52,E,T,0
1192,19,52,E,R,0
1192,19,52,S,L,0
1192,19,52,S,T,0
1192,19,52,S,R,0
1192,19,52,W,L,0
1192,19,52,W,T,1
1192,19,52,W,R,0
1193,19,53,N,L,0
1193,19,53,N,T,0
1193,19,53,N,R,0
1193,19,53,E,L,0
1193,19,53,E,T,0
1193,19,53,E,R,0
1193,19,53,S,L,0
1193,19,53,S,T,0
1193,19,53,S,R,0
1193,19,53,W,L,0
1193,19,53,W,T,0
1193,19,53,W,R,0
1194,19,54,N,L,0
1194,19,54,N,T,1
1194,19,54,N,R,0
1194,19,54,E,L,0
1194,19,54,E,T,0
1194,19,54,E,R,0
1194,19,54,S,L,0
1194,19,54,S,T,0
1194,19,54,S,R,0
1194,19,54,W,L,0
1194,19,54,W,T,1
1194,19,54,W,R,0
1195,19,55,N,L,0
1195,19,55,N,T,1
1195,19,55,N,R,0
1195,19,55,E,L,0
1195,19,55,E,T,0
1195,19,55,E,R,0
1195,19,55,S,L,0
1195,19,55,S,T,0
1195,19,55,S,R,0
1195,19,55,W,L,0
1195,19,55,W,T,1
1195,19,55,W,R,0
1196,19,56,N,L,0
1196,19,56,N,T,0
1196,19,56,N,R,0
1196,19,56,E,L,0
1196,19,56,E,T,0
1196,19,56,E,R,0
1196,19,56,S,L,0
1196,19,56,S,T,0
1196,19,56,S,R,0
1196,19,56,W,L,0
1196,19,56,W,T,0
1196,19,56,W,R,0
1197,19,57,N,L,0
1197,19,57,N,T,1
1197,19,57,N,R,0
1197,19,57,E,L,0
1197,19,57,E,T,2
1197,19,57,E,R,0
1197,19,57,S,L,0
1197,19,57,S,T,0
1197,19,57,S,R,0
1197,19,57,W,L,0
1197,19,57,W,T,0
1197,19,57,W,R,0
1198,19,58,N,L,0
1198,19,58,N,T,1
1198,19,58,N,R,0
1198,19,58,E,L,0
1198,19,58,E,T,0
1198,19,58,E,R,0
1198,19,58,S,L,0
1198,19,58,S,T,0
1198,19,58,S,R,0
1198,19,58,W,L,0
1198,19,58,W,T,0
1198,19,58,W,R,0
1199,19,59,N,L,0
1199,19,59,N,T,0
1199,19,59,N,R,0
1199,19,59,E,L,0
1199,19,59,E,T,0
1199,19,59,E,R,0
1199,19,59,S,L,1
1199,19,59,S,T,0
1199,19,59,S,R,0
1199,19,59,W,L,0
1199,19,59,W,T,0
1199,19,59,W,R,0
1200,20,00,N,L,0
1200,20,00,N,T,0
1200,20,00,N,R,0
1200,20,00,E,L,0
1200,20,00,E,T,0
1200,20,00,E,R,0
1200,20,00,S,L,0
1200,20,00,S,T,0
1200,20,00,S,R,0
1200,20,00,W,L,0
1200,20,00,W,T,0
1200,20,00,W,R,0
1201,20,01,N,L,0
1201,20,01,N,T,0
1201,20,01,N,R,0
1201,20,01,E,L,0
1201,20,01,E,T,0
1201,20,01,E,R,0
1201,20,01,S,L,0
1201,20,01,S,T,0
1201,20,01,S,R,0
1201,20,01,W,L,0
1201,20,01,W,T,0
1201,20,01,W,R,0
1202,20,02,N,L,0
1202,20,02,N,T,0
1202,20,02,N,R,0
1202,20,02,E,L,0
1202,20,02,E,T,0
1202,20,02,E,R,0
1202,20,02,S,L,0
1202,20,02,S,T,0
1202,20,02,S,R,0
1202,20,02,W,L,0
1202,20,02,W,T,0
1202,20,02,W,R,0
1203,20,03,N,L,0
1203,20,03,N,T,0
1203,20,03,N,R,0
1203,20,03,E,L,0
1203,20,03,E,T,1
1203,20,03,E,R,0
1203,20,03,S,L,0
1203,20,03,S,T,1
1203,20,03,S,R,0
1203,20,03,W,L,0
1203,20,03,W,T,0
1203,20,03,W,R,0
1204,20,04,N,L,0
1204,20,04,N,T,0
1204,20,04,N,R,0
1204,20,04,E,L,0
1204,20,04,E,T,0
1204,20,04,E,R,0
1204,20,04,S,L,0
1204,20,04,S,T,0
1204,20,04,S,R,0
1204,20,04,W,L,0
1204,20,04,W,T,0
1204,20,04,W,R,0
1205,20,05,N,L,2
1205,20,05,N,T,0
1205,20,05,N,R,0
1205,20,05,E,L,1
1205,20,05,E,T,1
1205,20,05,E,R,0
1205,20,05,S,L,0
1205,20,05,S,T,0
1205,20,05,S,R,0
1205,20,05,W,L,0
1205,20,05,W,T,0
1205,20,05,W,R,0
1206,20,06,N,L,0
1206,20,06,N,T,0
1206,20,06,N,R,0
1206,20,06,E,L,0
1206,20,06,E,T,0
1206,20,06,E,R,0
1206,20,06,S,L,0
1206,20,06,S,T,0
1206,20,06,S,R,0
1206,20,06,W,L,0
1206,20,06,W,T,0
1206,20,06,W,R,1
1207,20,07,N,L,0
1207,20,07,N,T,0
1207,20,07,N,R,0
1207,20,07,E,L,0
1207,20,07,E,T,0
1207,20,07,E,R,0
1207,20,07,S,L,0
1207,20,07,S,T,1
1207,20,07,S,R,0
1207,20,07,W,L,0
1207,20,07,W,T,0
1207,20,07,W,R,0
1208,20,08,N,L,0
1208,20,08,N,T,0
1208,20,08,N,R,0
1208,20,08,E,L,0
1208,20,08,E,T,0
1208,20,08,E,R,0
1208,20,08,S,L,0
1208,20,08,S,T,0
1208,20,08,S,R,0
1208,20,08,W,L,0
1208,20,08,W,T,0
1208,20,08,W,R,0
1209,20,09,N,L,0
1209,20,09,N,T,0
1209,20,09,N,R,0
1209,20,09,E,L,0
1209,20,09,E,T,1
1209,20,09,E,R,0
1209,20,09,S,L,0
1209,20,09,S,T,1
1209,20,09,S,R,0
1209,20,09,W,L,0
1209,20,09,W,T,1
1209,20,09,W,R,0
1210,20,10,N,L,0
1210,20,10,N,T,0
1210,20,10,N,R,0
1210,20,10,E,L,0
1210,20,10,E,T,1
1210,20,10,E,R,0
1210,20,10,S,L,0
1210,20,10,S,T,0
1210,20,10,S,R,0
1210,20,10,W,L,0
1210,20,10,W,T,0
1210,20,10,W,R,0
1211,20,11,N,L,0
1211,20,11,N,T,0
1211,20,11,N,R,0
1211,20,11,E,L,0
1211,20,11,E,T,0
1211,20,11,E,R,0
1211,20,11,S,L,0
1211,20,11,S,T,1
1211,20,11,S,R,0
1211,20,11,W,L,0
1211,20,11,W,T,0
1211,20,11,W,R,0
1212,20,12,N,L,0
1212,20,12,N,T,0
1212,20,12,N,R,0
1212,20,12,E,L,0
1212,20,12,E,T,0
1212,20,12,E,R,0
1212,20,12,S,L,0
1212,20,12,S,T,0
1212,20,12,S,R,0
1212,20,12,W,L,0
1212,20,12,W,T,0
1212,20,12,W,R,0
1213,20,13,N,L,0
1213,20,13,N,T,1
1213,20,13,N,R,0
1213,20,13,E,L,0
1213,20,13,E,T,0
1213,20,13,E,R,0
1213,20,13,S,L,0
1213,20,13,S,T,0
1213,20,13,S,R,0
1213,20,13,W,L,0
1213,20,13,W,T,0
1213,20,13,W,R,0
1214,20,14,N,L,0
1214,20,14,N,T,0
1214,20,14,N,R,0
1214,20,14,E,L,0
1214,20,14,E,T,1
1214,20,14,E,R,0
1214,20,14,S,L,1
1214,20,14,S,T,1
1214,20,14,S,R,0
1214,20,14,W,L,0
1214,20,14,W,T,0
1214,20,14,W,R,0
1215,20,15,N,L,0
1215,20,15,N,T,0
1215,20,15,N,R,0
1215,20,15,E,L,0
1215,20,15,E,T,0
1215,20,15,E,R,0
1215,20,15,S,L,0
1215,20,15,S,T,1
1215,20,15,S,R,0
1215,20,15,W,L,0
1215,20,15,W,T,0
1215,20,15,W,R,0
1216,20,16,N,L,0
1216,20,16,N,T,0
1216,20,16,N,R,0
1216,20,16,E,L,0
1216,20,16,E,T,0
1216,20,16,E,R,0
1216,20,16,S,L,1
1216,20,16,S,T,0
1216,20,16,S,R,0
1216,20,16,W,L,0
1216,20,16,W,T,0
1216,20,16,W,R,0
1217,20,17,N,L,0
1217,20,17,N,T,0
1217,20,17,N,R,0
1217,20,17,E,L,0
1217,20,17,E,T,0
1217,20,17,E,R,0
1217,20,17,S,L,0
1217,20,17,S,T,0
1217,20,17,S,R,0
1217,20,17,W,L,0
1217,20,17,W,T,0
1217,20,17,W,R,0
1218,20,18,N,L,0
1218,20,18,N,T,0
1218,20,18,N,R,0
1218,20,18,E,L,0
1218,20,18,E,T,0
1218,20,18,E,R,0
1218,20,18,S,L,0
1218,20,18,S,T,0
1218,20,18,S,R,0
1218,20,18,W,L,0
1218,20,18,W,T,0
1218,20,18,W,R,0
1219,20,19,N,L,0
1219,20,19,N,T,0
1219,20,19,N,R,0
1219,20,19,E,L,0
1219,20,19,E,T,1
1219,20,19,E,R,0
1219,20,19,S,L,0
1219,20,19,S,T,1
1219,20,19,S,R,0
1219,20,19,W,L,0
1219,20,19,W,T,0
1219,20,19,W,R,1
1220,20,20,N,L,0
1220,20,20,N,T,1
1220,20,20,N,R,0
1220,20,20,E,L,0
1220,20,20,E,T,1
1220,20,20,E,R,0
1220,20,20,S,L,0
1220,20,20,S,T,0
1220,20,20,S,R,0
1220,20,20,W,L,0
1220,20,20,W,T,0
1220,20,20,W,R,0
1221,20,21,N,L,0
1221,20,21,N,T,1
1221,20,21,N,R,0
1221,20,21,E,L,1
1221,20,21,E,T,0
1221,20,21,E,R,0
1221,20,21,S,L,0
1221,20,21,S,T,1
1221,20,21,S,R,0
1221,20,21,W,L,0
1221,20,21,W,T,1
1221,20,21,W,R,0
1222,20,22,N,L,0
1222,20,22,N,T,0
1222,20,22,N,R,0
1222,20,22,E,L,0
1222,20,22,E,T,0
1222,20,22,E,R,0
1222,20,22,S,L,0
1222,20,22,S,T,0
1222,20,22,S,R,0
1222,20,22,W,L,0
1222,20,22,W,T,0
1222,20,22,W,R,0
1223,20,23,N,L,0
1223,20,23,N,T,0
1223,20,23,N,R,0
1223,20,23,E,L,0
1223,20,23,E,T,1
1223,20,23,E,R,0
1223,20,23,S,L,0
1223,20,23,S,T,0
1223,20,23,S,R,0
1223,20,23,W,L,0
1223,20,23,W,T,0
1223,20,23,W,R,0
1224,20,24,N,L,0
1224,20,24,N,T,1
1224,20,24,N,R,0
1224,20,24,E,L,0
1224,20,24,E,T,0
1224,20,24,E,R,0
1224,20,24,S,L,0
1224,20,24,S,T,0
1224,20,24,S,R,0
1224,20,24,W,L,0
1224,20,24,W,T,1
1224,20,24,W,R,0
1225,20,25,N,L,0
1225,20,25,N,T,0
1225,20,25,N,R,0
1225,20,25,E,L,1
1225,20,25,E,T,1
1225,20,25,E,R,0
1225,20,25,S,L,0
1225,20,25,S,T,1
1225,20,25,S,R,0
1225,20,25,W,L,0
1225,20,25,W,T,0
1225,20,25,W,R,0
1226,20,26,N,L,0
1226,20,26,N,T,0
1226,20,26,N,R,1
1226,20,26,E,L,0
1226,20,26,E,T,0
1226,20,26,E,R,0
1226,20,26,S,L,0
1226,20,26,S,T,0
1226,20,26,S,R,0
1226,20,26,W,L,0
1226,20,26,W,T,0
1226,20,26,W,R,0
1227,20,27,N,L,0
1227,20,27,N,T,3
1227,20,27,N,R,0
1227,20,27,E,L,0
1227,20,27,E,T,0
1227,20,27,E,R,0
1227,20,27,S,L,0
1227,20,27,S,T,0
1227,20,27,S,R,0
1227,20,27,W,L,0
1227,20,27,W,T,0
1227,20,27,W,R,0
1228,20,28,N,L,0
1228,20,28,N,T,0
1228,20,28,N,R,0
1228,20,28,E,L,0
1228,20,28,E,T,0
1228,20,28,E,R,0
1228,20,28,S,L,0
1228,20,28,S,T,0
1228,20,28,S,R,0
1228,20,28,W,L,1
1228,20,28,W,T,0
1228,20,28,W,R,0
1229,20,29,N,L,0
1229,20,29,N,T,1
1229,20,29,N,R,0
1229,20,29,E,L,0
1229,20,29,E,T,1
1229,20,29,E,R,0
1229,20,29,S,L,0
1229,20,29,S,T,0
1229,20,29,S,R,0
1229,20,29,W,L,0
1229,20,29,W,T,0
1229,20,29,W,R,0
1230,20,30,N,L,0
1230,20,30,N,T,0
1230,20,30,N,R,0
1230,20,30,E,L,0
1230,20,30,E,T,1
1230,20,30,E,R,0
1230,20,30,S,L,0
1230,20,30,S,T,0
1230,20,30,S,R,0
1230,20,30,W,L,0
1230,20,30,W,T,1
1230,20,30,W,R,0
1231,20,31,N,L,0
1231,20,31,N,T,0
1231,20,31,N,R,0
1231,20,31,E,L,0
1231,20,31,E,T,1
1231,20,31,E,R,0
1231,20,31,S,L,0
1231,20,31,S,T,0
1231,20,31,S,R,0
1231,20,31,W,L,0
1231,20,31,W,T,0
1231,20,31,W,R,0
1232,20,32,N,L,0
1232,20,32,N,T,1
1232,20,32,N,R,0
1232,20,32,E,L,1
1232,20,32,E,T,0
1232,20,32,E,R,0
1232,20,32,S,L,0
1232,20,32,S,T,0
1232,20,32,S,R,0
1232,20,32,W,L,0
1232,20,32,W,T,0
1232,20,32,W,R,0
1233,20,33,N,L,0
1233,20,33,N,T,1
1233,20,33,N,R,0
1233,20,33,E,L,0
1233,20,33,E,T,0
1233,20,33,E,R,0
1233,20,33,S,L,0
1233,20,33,S,T,0
1233,20,33,S,R,0
1233,20,33,W,L,0
1233,20,33,W,T,0
1233,20,33,W,R,0
1234,20,34,N,L,0
1234,20,34,N,T,0
1234,20,34,N,R,0
1234,20,34,E,L,1
1234,20,34,E,T,0
1234,20,34,E,R,0
1234,20,34,S,L,0
1234,20,34,S,T,0
1234,20,34,S,R,0
1234,20,34,W,L,0
1234,20,34,W,T,1
1234,20,34,W,R,0
1235,20,35,N,L,0
1235,20,35,N,T,0
1235,20,35,N,R,0
1235,20,35,E,L,0
1235,20,35,E,T,0
1235,20,35,E,R,0
1235,20,35,S,L,0
1235,20,35,S,T,0
1235,20,35,S,R,0
1235,20,35,W,L,0
1235,20,35,W,T,0
1235,20,35,W,R,0
1236,20,36,N,L,0
1236,20,36,N,T,0
1236,20,36,N,R,0
1236,20,36,E,L,0
1236,20,36,E,T,0
1236,20,36,E,R,0
1236,20,36,S,L,0
1236,20,36,S,T,0
1236,20,36,S,R,0
1236,20,36,W,L,0
1236,20,36,W,T,1
1236,20,36,W,R,0
1237,20,37,N,L,0
1237,20,37,N,T,1
1237,20,37,N,R,0
1237,20,37,E,L,0
1237,20,37,E,T,1
1237,20,37,E,R,0
1237,20,37,S,L,0
1237,20,37,S,T,0
1237,20,37,S,R,0
1237,20,37,W,L,0
1237,20,37,W,T,0
1237,20,37,W,R,0
1238,20,38,N,L,1
1238,20,38,N,T,0
1238,20,38,N,R,0
1238,20,38,E,L,0
1238,20,38,E,T,0
1238,20,38,E,R,0
1238,20,38,S,L,0
1238,20,38,S,T,1
1238,20,38,S,R,0
1238,20,38,W,L,0
1238,20,38,W,T,0
1238,20,38,W,R,0
1239,20,39,N,L,0
1239,20,39,N,T,0
1239,20,39,N,R,0
1239,20,39,E,L,0
1239,20,39,E,T,0
1239,20,39,E,R,0
1239,20,39,S,L,0
1239,20,39,S,T,0
1239,20,39,S,R,1
1239,20,39,W,L,0
1239,20,39,W,T,0
1239,20,39,W,R,0
1240,20,40,N,L,0
1240,20,40,N,T,0
1240,20,40,N,R,0
1240,20,40,E,L,1
1240,20,40,E,T,0
1240,20,40,E,R,0
1240,20,40,S,L,0
1240,20,40,S,T,0
1240,20,40,S,R,0
1240,20,40,W,L,0
1240,20,40,W,T,2
1240,20,40,W,R,0
1241,20,41,N,L,0
1241,20,41,N,T,0
1241,20,41,N,R,0
1241,20,41,E,L,0
1241,20,41,E,T,0
1241,20,41,E,R,0
1241,20,41,S,L,0
1241,20,41,S,T,0
1241,20,41,S,R,0
1241,20,41,W,L,0
1241,20,41,W,T,1
1241,20,41,W,R,0
1242,20,42,N,L,0
1242,20,42,N,T,0
1242,20,42,N,R,1
1242,20,42,E,L,0
1242,20,42,E,T,0
1242,20,42,E,R,0
1242,20,42,S,L,0
1242,20,42,S,T,1
1242,20,42,S,R,0
1242,20,42,W,L,0
1242,20,42,W,T,0
1242,20,42,W,R,0
1243,20,43,N,L,0
1243,20,43,N,T,1
1243,20,43,N,R,0
1243,20,43,E,L,0
1243,20,43,E,T,1
1243,20,43,E,R,0
1243,20,43,S,L,0
1243,20,43,S,T,1
1243,20,43,S,R,0
1243,20,43,W,L,0
1243,20,43,W,T,0
1243,20,43,W,R,0
1244,20,44,N,L,0
1244,20,44,N,T,0
1244,20,44,N,R,0
1244,20,44,E,L,0
1244,20,44,E,T,0
1244,20,44,E,R,0
1244,20,44,S,L,0
1244,20,44,S,T,0
1244,20,44,S,R,0
1244,20,44,W,L,0
1244,20,44,W,T,0
1244,20,44,W,R,0
1245,20,45,N,L,0
1245,20,45,N,T,1
1245,20,45,N,R,0
1245,20,45,E,L,0
1245,20,45,E,T,0
1245,20,45,E,R,0
1245,20,45,S,L,0
1245,20,45,S,T,0
1245,20,45,S,R,0
1245,20,45,W,L,0
1245,20,45,W,T,0
1245,20,45,W,R,0
1246,20,46,N,L,0
1246,20,46,N,T,0
1246,20,46,N,R,0
1246,20,46,E,L,0
1246,20,46,E,T,0
1246,20,46,E,R,0
1246,20,46,S,L,0
1246,20,46,S,T,0
1246,20,46,S,R,0
1246,20,46,W,L,0
1246,20,46,W,T,0
1246,20,46,W,R,0
1247,20,47,N,L,0
1247,20,47,N,T,1
1247,20,47,N,R,0
1247,20,47,E,L,0
1247,20,47,E,T,0
1247,20,47,E,R,1
1247,20,47,S,L,0
1247,20,47,S,T,1
1247,20,47,S,R,0
1247,20,47,W,L,1
1247,20,47,W,T,0
1247,20,47,W,R,0
1248,20,48,N,L,1
1248,20,48,N,T,0
1248,20,48,N,R,0
1248,20,48,E,L,0
1248,20,48,E,T,0
1248,20,48,E,R,0
1248,20,48,S,L,0
1248,20,48,S,T,0
1248,20,48,S,R,0
1248,20,48,W,L,1
1248,20,48,W,T,0
1248,20,48,W,R,0
1249,20,49,N,L,0
1249,20,49,N,T,0
1249,20,49,N,R,0
1249,20,49,E,L,0
1249,20,49,E,T,0
1249,20,49,E,R,0
1249,20,49,S,L,0
1249,20,49,S,T,0
1249,20,49,S,R,0
1249,20,49,W,L,0
1249,20,49,W,T,0
1249,20,49,W,R,0
1250,20,50,N,L,1
1250,20,50,N,T,0
1250,20,50,N,R,1
1250,20,50,E,L,0
1250,20,50,E,T,0
1250,20,50,E,R,0
1250,20,50,S,L,0
1250,20,50,S,T,1
1250,20,50,S,R,0
1250,20,50,W,L,0
1250,20,50,W,T,0
1250,20,50,W,R,0
1251,20,51,N,L,0
1251,20,51,N,T,1
1251,20,51,N,R,0
1251,20,51,E,L,0
1251,20,51,E,T,1
1251,20,51,E,R,0
1251,20,51,S,L,0
1251,20,51,S,T,2
1251,20,51,S,R,0
1251,20,51,W,L,0
1251,20,51,W,T,0
1251,20,51,W,R,0
1252,20,52,N,L,0
1252,20,52,N,T,1
1252,20,52,N,R,0
1252,20,52,E,L,0
1252,20,52,E,T,1
1252,20,52,E,R,0
1252,20,52,S,L,0
1252,20,52,S,T,0
1252,20,52,S,R,0
1252,20,52,W,L,0
1252,20,52,W,T,0
1252,20,52,W,R,0
1253,20,53,N,L,0
1253,20,53,N,T,0
1253,20,53,N,R,0
1253,20,53,E,L,0
1253,20,53,E,T,0
1253,20,53,E,R,0
1253,20,53,S,L,0
1253,20,53,S,T,0
1253,20,53,S,R,0
1253,20,53,W,L,0
1253,20,53,W,T,0
1253,20,53,W,R,0
1254,20,54,N,L,0
1254,20,54,N,T,1
1254,20,54,N,R,0
1254,20,54,E,L,0
1254,20,54,E,T,0
1254,20,54,E,R,0
1254,20,54,S,L,0
1254,20,54,S,T,0
1254,20,54,S,R,0
1254,20,54,W,L,0
1254,20,54,W,T,0
1254,20,54,W,R,0
1255,20,55,N,L,0
1255,20,55,N,T,0
1255,20,55,N,R,0
1255,20,55,E,L,0
1255,20,55,E,T,0
1255,20,55,E,R,0
1255,20,55,S,L,0
1255,20,55,S,T,0
1255,20,55,S,R,0
1255,20,55,W,L,0
1255,20,55,W,T,0
1255,20,55,W,R,0
1256,20,56,N,L,0
1256,20,56,N,T,0
1256,20,56,N,R,0
1256,20,56,E,L,0
1256,20,56,E,T,0
1256,20,56,E,R,0
1256,20,56,S,L,0
1256,20,56,S,T,0
1256,20,56,S,R,0
1256,20,56,W,L,0
1256,20,56,W,T,1
1256,20,56,W,R,0
1257,20,57,N,L,0
1257,20,57,N,T,1
1257,20,57,N,R,1
1257,20,57,E,L,0
1257,20,57,E,T,0
1257,20,57,E,R,0
1257,20,57,S,L,0
1257,20,57,S,T,0
1257,20,57,S,R,0
1257,20,57,W,L,0
1257,20,57,W,T,0
1257,20,57,W,R,0
1258,20,58,N,L,0
1258,20,58,N,T,0
1258,20,58,N,R,0
1258,20,58,E,L,0
1258,20,58,E,T,1
1258,20,58,E,R,0
1258,20,58,S,L,0
1258,20,58,S,T,1
1258,20,58,S,R,0
1258,20,58,W,L,0
1258,20,58,W,T,0
1258,20,58,W,R,0
1259,20,59,N,L,0
1259,20,59,N,T,0
1259,20,59,N,R,0
1259,20,59,E,L,0
1259,20,59,E,T,0
1259,20,59,E,R,0
1259,20,59,S,L,0
1259,20,59,S,T,1
1259,20,59,S,R,0
1259,20,59,W,L,0
1259,20,59,W,T,1
1259,20,59,W,R,0
1260,21,00,N,L,0
1260,21,00,N,T,0
1260,21,00,N,R,0
1260,21,00,E,L,0
1260,21,00,E,T,1
1260,21,00,E,R,0
1260,21,00,S,L,0
1260,21,00,S,T,0
1260,21,00,S,R,0
1260,21,00,W,L,0
1260,21,00,W,T,0
1260,21,00,W,R,0
1261,21,01,N,L,0
1261,21,01,N,T,1
1261,21,01,N,R,0
1261,21,01,E,L,0
1261,21,01,E,T,0
1261,21,01,E,R,0
1261,21,01,S,L,0
1261,21,01,S,T,0
1261,21,01,S,R,0
1261,21,01,W,L,0
1261,21,01,W,T,1
1261,21,01,W,R,0
1262,21,02,N,L,0
1262,21,02,N,T,0
1262,21,02,N,R,0
1262,21,02,E,L,0
1262,21,02,E,T,0
1262,21,02,E,R,0
1262,21,02,S,L,0
1262,21,02,S,T,1
1262,21,02,S,R,0
1262,21,02,W,L,0
1262,21,02,W,T,1
1262,21,02,W,R,0
1263,21,03,N,L,0
1263,21,03,N,T,1
1263,21,03,N,R,0
1263,21,03,E,L,0
1263,21,03,E,T,0
1263,21,03,E,R,0
1263,21,03,S,L,0
1263,21,03,S,T,0
1263,21,03,S,R,1
1263,21,03,W,L,0
1263,21,03,W,T,0
1263,21,03,W,R,0
1264,21,04,N,L,0
1264,21,04,N,T,0
1264,21,04,N,R,0
1264,21,04,E,L,0
1264,21,04,E,T,0
1264,21,04,E,R,0
1264,21,04,S,L,1
1264,21,04,S,T,0
1264,21,04,S,R,0
1264,21,04,W,L,0
1264,21,04,W,T,0
1264,21,04,W,R,0
1265,21,05,N,L,0
1265,21,05,N,T,0
1265,21,05,N,R,0
1265,21,05,E,L,0
1265,21,05,E,T,0
1265,21,05,E,R,0
1265,21,05,S,L,0
1265,21,05,S,T,0
1265,21,05,S,R,0
1265,21,05,W,L,0
1265,21,05,W,T,0
1265,21,05,W,R,0
1266,21,06,N,L,0
1266,21,06,N,T,0
1266,21,06,N,R,0
1266,21,06,E,L,0
1266,21,06,E,T,0
1266,21,06,E,R,0
1266,21,06,S,L,0
1266,21,06,S,T,0
1266,21,06,S,R,0
1266,21,06,W,L,0
1266,21,06,W,T,0
1266,21,06,W,R,0
1267,21,07,N,L,0
1267,21,07,N,T,1
1267,21,07,N,R,0
1267,21,07,E,L,1
1267,21,07,E,T,0
1267,21,07,E,R,0
1267,21,07,S,L,0
1267,21,07,S,T,0
1267,21,07,S,R,0
1267,21,07,W,L,0
1267,21,07,W,T,0
1267,21,07,W,R,0
1268,21,08,N,L,0
1268,21,08,N,T,0
1268,21,08,N,R,0
1268,21,08,E,L,0
1268,21,08,E,T,0
1268,21,08,E,R,0
1268,21,08,S,L,0
1268,21,08,S,T,0
1268,21,08,S,R,0
1268,21,08,W,L,0
1268,21,08,W,T,0
1268,21,08,W,R,0
1269,21,09,N,L,0
1269,21,09,N,T,0
1269,21,09,N,R,0
1269,21,09,E,L,0
1269,21,09,E,T,0
1269,21,09,E,R,0
1269,21,09,S,L,0
1269,21,09,S,T,0
1269,21,09,S,R,0
1269,21,09,W,L,0
1269,21,09,W,T,0
1269,21,09,W,R,0
1270,21,10,N,L,0
1270,21,10,N,T,0
1270,21,10,N,R,0
1270,21,10,E,L,0
1270,21,10,E,T,1
1270,21,10,E,R,0
1270,21,10,S,L,0
1270,21,10,S,T,0
1270,21,10,S,R,0
1270,21,10,W,L,0
1270,21,10,W,T,0
1270,21,10,W,R,1
1271,21,11,N,L,0
1271,21,11,N,T,0
1271,21,11,N,R,0
1271,21,11,E,L,0
1271,21,11,E,T,0
1271,21,11,E,R,0
1271,21,11,S,L,0
1271,21,11,S,T,1
1271,21,11,S,R,0
1271,21,11,W,L,0
1271,21,11,W,T,0
1271,21,11,W,R,0
1272,21,12,N,L,0
1272,21,12,N,T,1
1272,21,12,N,R,0
1272,21,12,E,L,0
1272,21,12,E,T,0
1272,21,12,E,R,0
1272,21,12,S,L,0
1272,21,12,S,T,0
1272,21,12,S,R,0
1272,21,12,W,L,0
1272,21,12,W,T,0
1272,21,12,W,R,0
1273,21,13,N,L,0
1273,21,13,N,T,0
1273,21,13,N,R,0
1273,21,13,E,L,0
1273,21,13,E,T,0
1273,21,13,E,R,0
1273,21,13,S,L,0
1273,21,13,S,T,1
1273,21,13,S,R,0
1273,21,13,W,L,1
1273,21,13,W,T,1
1273,21,13,W,R,0
1274,21,14,N,L,1
1274,21,14,N,T,0
1274,21,14,N,R,0
1274,21,14,E,L,0
1274,21,14,E,T,0
1274,21,14,E,R,0
1274,21,14,S,L,0
1274,21,14,S,T,0
1274,21,14,S,R,0
1274,21,14,W,L,0
1274,21,14,W,T,0
1274,21,14,W,R,0
1275,21,15,N,L,0
1275,21,15,N,T,0
1275,21,15,N,R,0
1275,21,15,E,L,0
1275,21,15,E,T,0
1275,21,15,E,R,0
1275,21,15,S,L,1
1275,21,15,S,T,2
1275,21,15,S,R,0
1275,21,15,W,L,0
1275,21,15,W,T,0
1275,21,15,W,R,0
1276,21,16,N,L,0
1276,21,16,N,T,0
1276,21,16,N,R,0
1276,21,16,E,L,0
1276,21,16,E,T,0
1276,21,16,E,R,0
1276,21,16,S,L,0
1276,21,16,S,T,1
1276,21,16,S,R,0
1276,21,16,W,L,0
1276,21,16,W,T,0
1276,21,16,W,R,0
1277,21,17,N,L,0
1277,21,17,N,T,1
1277,21,17,N,R,0
1277,21,17,E,L,0
1277,21,17,E,T,0
1277,21,17,E,R,0
1277,21,17,S,L,0
1277,21,17,S,T,0
1277,21,17,S,R,0
1277,21,17,W,L,0
1277,21,17,W,T,0
1277,21,17,W,R,1
1278,21,18,N,L,0
1278,21,18,N,T,0
1278,21,18,N,R,0
1278,21,18,E,L,0
1278,21,18,E,T,0
1278,21,18,E,R,1
1278,21,18,S,L,0
1278,21,18,S,T,0
1278,21,18,S,R,0
1278,21,18,W,L,0
1278,21,18,W,T,0
1278,21,18,W,R,0
1279,21,19,N,L,0
1279,21,19,N,T,0
1279,21,19,N,R,0
1279,21,19,E,L,0
1279,21,19,E,T,0
1279,21,19,E,R,0
1279,21,19,S,L,0
1279,21,19,S,T,0
1279,21,19,S,R,0
1279,21,19,W,L,0
1279,21,19,W,T,0
1279,21,19,W,R,0
1280,21,20,N,L,0
1280,21,20,N,T,0
1280,21,20,N,R,0
1280,21,20,E,L,0
1280,21,20,E,T,1
1280,21,20,E,R,0
1280,21,20,S,L,0
1280,21,20,S,T,0
1280,21,20,S,R,0
1280,21,20,W,L,0
1280,21,20,W,T,0
1280,21,20,W,R,0
1281,21,21,N,L,0
1281,21,21,N,T,1
1281,21,21,N,R,0
1281,21,21,E,L,0
1281,21,21,E,T,0
1281,21,21,E,R,0
1281,21,21,S,L,0
1281,21,21,S,T,0
1281,21,21,S,R,0
1281,21,21,W,L,0
1281,21,21,W,T,0
1281,21,21,W,R,0
1282,21,22,N,L,0
1282,21,22,N,T,0
1282,21,22,N,R,0
1282,21,22,E,L,0
1282,21,22,E,T,0
1282,21,22,E,R,0
1282,21,22,S,L,0
1282,21,22,S,T,0
1282,21,22,S,R,0
1282,21,22,W,L,0
1282,21,22,W,T,0
1282,21,22,W,R,0
1283,21,23,N,L,0
1283,21,23,N,T,1
1283,21,23,N,R,0
1283,21,23,E,L,0
1283,21,23,E,T,0
1283,21,23,E,R,0
1283,21,23,S,L,0
1283,21,23,S,T,0
1283,21,23,S,R,0
1283,21,23,W,L,0
1283,21,23,W,T,1
1283,21,23,W,R,0
1284,21,24,N,L,0
1284,21,24,N,T,0
1284,21,24,N,R,0
1284,21,24,E,L,0
1284,21,24,E,T,0
1284,21,24,E,R,0
1284,21,24,S,L,0
1284,21,24,S,T,0
1284,21,24,S,R,0
1284,21,24,W,L,0
1284,21,24,W,T,0
1284,21,24,W,R,0
1285,21,25,N,L,0
1285,21,25,N,T,0
1285,21,25,N,R,0
1285,21,25,E,L,0
1285,21,25,E,T,0
1285,21,25,E,R,0
1285,21,25,S,L,1
1285,21,25,S,T,0
1285,21,25,S,R,0
1285,21,25,W,L,0
1285,21,25,W,T,0
1285,21,25,W,R,0
1286,21,26,N,L,0
1286,21,26,N,T,0
1286,21,26,N,R,0
1286,21,26,E,L,0
1286,21,26,E,T,2
1286,21,26,E,R,0
1286,21,26,S,L,0
1286,21,26,S,T,0
1286,21,26,S,R,1
1286,21,26,W,L,1
1286,21,26,W,T,0
1286,21,26,W,R,0
1287,21,27,N,L,0
1287,21,27,N,T,0
1287,21,27,N,R,0
1287,21,27,E,L,0
1287,21,27,E,T,0
1287,21,27,E,R,0
1287,21,27,S,L,0
1287,21,27,S,T,0
1287,21,27,S,R,0
1287,21,27,W,L,0
1287,21,27,W,T,0
1287,21,27,W,R,0
1288,21,28,N,L,0
1288,21,28,N,T,1
1288,21,28,N,R,0
1288,21,28,E,L,0
1288,21,28,E,T,0
1288,21,28,E,R,0
1288,21,28,S,L,0
1288,21,28,S,T,1
1288,21,28,S,R,0
1288,21,28,W,L,0
1288,21,28,W,T,1
1288,21,28,W,R,0
1289,21,29,N,L,0
1289,21,29,N,T,0
1289,21,29,N,R,0
1289,21,29,E,L,0
1289,21,29,E,T,0
1289,21,29,E,R,0
1289,21,29,S,L,0
1289,21,29,S,T,0
1289,21,29,S,R,0
1289,21,29,W,L,0
1289,21,29,W,T,2
1289,21,29,W,R,0
1290,21,30,N,L,0
1290,21,30,N,T,0
1290,21,30,N,R,0
1290,21,30,E,L,0
1290,21,30,E,T,1
1290,21,30,E,R,1
1290,21,30,S,L,0
1290,21,30,S,T,0
1290,21,30,S,R,0
1290,21,30,W,L,0
1290,21,30,W,T,0
1290,21,30,W,R,0
1291,21,31,N,L,0
1291,21,31,N,T,0
1291,21,31,N,R,0
1291,21,31,E,L,0
1291,21,31,E,T,0
1291,21,31,E,R,0
1291,21,31,S,L,0
1291,21,31,S,T,0
1291,21,31,S,R,0
1291,21,31,W,L,0
1291,21,31,W,T,0
1291,21,31,W,R,0
1292,21,32,N,L,0
1292,21,32,N,T,0
1292,21,32,N,R,0
1292,21,32,E,L,0
1292,21,32,E,T,0
1292,21,32,E,R,0
1292,21,32,S,L,0
1292,21,32,S,T,1
1292,21,32,S,R,0
1292,21,32,W,L,0
1292,21,32,W,T,0
1292,21,32,W,R,0
1293,21,33,N,L,0
1293,21,33,N,T,0
1293,21,33,N,R,0
1293,21,33,E,L,0
1293,21,33,E,T,0
1293,21,33,E,R,0
1293,21,33,S,L,0
1293,21,33,S,T,0
1293,21,33,S,R,0
1293,21,33,W,L,0
1293,21,33,W,T,0
1293,21,33,W,R,0
1294,21,34,N,L,0
1294,21,34,N,T,0
1294,21,34,N,R,0
1294,21,34,E,L,0
1294,21,34,E,T,0
1294,21,34,E,R,0
1294,21,34,S,L,0
1294,21,34,S,T,0
1294,21,34,S,R,0
1294,21,34,W,L,0
1294,21,34,W,T,0
1294,21,34,W,R,0
1295,21,35,N,L,0
1295,21,35,N,T,0
1295,21,35,N,R,0
1295,21,35,E,L,0
1295,21,35,E,T,0
1295,21,35,E,R,0
1295,21,35,S,L,0
1295,21,35,S,T,1
1295,21,35,S,R,0
1295,21,35,W,L,0
1295,21,35,W,T,1
1295,21,35,W,R,0
1296,21,36,N,L,0
1296,21,36,N,T,0
1296,21,36,N,R,0
1296,21,36,E,L,1
1296,21,36,E,T,0
1296,21,36,E,R,0
1296,21,36,S,L,0
1296,21,36,S,T,0
1296,21,36,S,R,0
1296,21,36,W,L,0
1296,21,36,W,T,0
1296,21,36,W,R,0
1297,21,37,N,L,0
1297,21,37,N,T,1
1297,21,37,N,R,0
1297,21,37,E,L,0
1297,21,37,E,T,1
1297,21,37,E,R,0
1297,21,37,S,L,0
1297,21,37,S,T,0
1297,21,37,S,R,0
1297,21,37,W,L,0
1297,21,37,W,T,0
1297,21,37,W,R,0
1298,21,38,N,L,0
1298,21,38,N,T,1
1298,21,38,N,R,1
1298,21,38,E,L,0
1298,21,38,E,T,0
1298,21,38,E,R,0
1298,21,38,S,L,0
1298,21,38,S,T,0
1298,21,38,S,R,0
1298,21,38,W,L,0
1298,21,38,W,T,0
1298,21,38,W,R,0
1299,21,39,N,L,0
1299,21,39,N,T,1
1299,21,39,N,R,0
1299,21,39,E,L,0
1299,21,39,E,T,0
1299,21,39,E,R,0
1299,21,39,S,L,0
1299,21,39,S,T,1
1299,21,39,S,R,0
1299,21,39,W,L,0
1299,21,39,W,T,0
1299,21,39,W,R,0
1300,21,40,N,L,0
1300,21,40,N,T,0
1300,21,40,N,R,0
1300,21,40,E,L,0
1300,21,40,E,T,0
1300,21,40,E,R,0
1300,21,40,S,L,0
1300,21,40,S,T,1
1300,21,40,S,R,0
1300,21,40,W,L,0
1300,21,40,W,T,1
1300,21,40,W,R,0
1301,21,41,N,L,0
1301,21,41,N,T,0
1301,21,41,N,R,0
1301,21,41,E,L,0
1301,21,41,E,T,0
1301,21,41,E,R,0
1301,21,41,S,L,0
1301,21,41,S,T,1
1301,21,41,S,R,0
1301,21,41,W,L,0
1301,21,41,W,T,0
1301,21,41,W,R,0
1302,21,42,N,L,0
1302,21,42,N,T,0
1302,21,42,N,R,0
1302,21,42,E,L,0
1302,21,42,E,T,0
1302,21,42,E,R,0
1302,21,42,S,L,0
1302,21,42,S,T,0
1302,21,42,S,R,0
1302,21,42,W,L,0
1302,21,42,W,T,0
1302,21,42,W,R,0
1303,21,43,N,L,0
1303,21,43,N,T,0
1303,21,43,N,R,0
1303,21,43,E,L,0
1303,21,43,E,T,0
1303,21,43,E,R,0
1303,21,43,S,L,0
1303,21,43,S,T,0
1303,21,43,S,R,0
1303,21,43,W,L,0
1303,21,43,W,T,1
1303,21,43,W,R,0
1304,21,44,N,L,0
1304,21,44,N,T,0
1304,21,44,N,R,0
1304,21,44,E,L,0
1304,21,44,E,T,0
1304,21,44,E,R,0
1304,21,44,S,L,0
1304,21,44,S,T,0
1304,21,44,S,R,0
1304,21,44,W,L,0
1304,21,44,W,T,0
1304,21,44,W,R,0
1305,21,45,N,L,0
1305,21,45,N,T,0
1305,21,45,N,R,0
1305,21,45,E,L,0
1305,21,45,E,T,1
1305,21,45,E,R,0
1305,21,45,S,L,0
1305,21,45,S,T,0
1305,21,45,S,R,0
1305,21,45,W,L,0
1305,21,45,W,T,1
1305,21,45,W,R,0
1306,21,46,N,L,0
1306,21,46,N,T,0
1306,21,46,N,R,0
1306,21,46,E,L,0
1306,21,46,E,T,1
1306,21,46,E,R,0
1306,21,46,S,L,0
1306,21,46,S,T,1
1306,21,46,S,R,0
1306,21,46,W,L,0
1306,21,46,W,T,0
1306,21,46,W,R,0
1307,21,47,N,L,0
1307,21,47,N,T,0
1307,21,47,N,R,0
1307,21,47,E,L,0
1307,21,47,E,T,0
1307,21,47,E,R,0
1307,21,47,S,L,0
1307,21,47,S,T,0
1307,21,47,S,R,0
1307,21,47,W,L,0
1307,21,47,W,T,1
1307,21,47,W,R,0
1308,21,48,N,L,1
1308,21,48,N,T,0
1308,21,48,N,R,0
1308,21,48,E,L,0
1308,21,48,E,T,1
1308,21,48,E,R,0
1308,21,48,S,L,0
1308,21,48,S,T,1
1308,21,48,S,R,0
1308,21,48,W,L,0
1308,21,48,W,T,1
1308,21,48,W,R,0
1309,21,49,N,L,0
1309,21,49,N,T,0
1309,21,49,N,R,0
1309,21,49,E,L,0
1309,21,49,E,T,0
1309,21,49,E,R,0
1309,21,49,S,L,0
1309,21,49,S,T,0
1309,21,49,S,R,0
1309,21,49,W,L,0
1309,21,49,W,T,1
1309,21,49,W,R,0
1310,21,50,N,L,0
1310,21,50,N,T,2
1310,21,50,N,R,0
1310,21,50,E,L,0
1310,21,50,E,T,0
1310,21,50,E,R,0
1310,21,50,S,L,0
1310,21,50,S,T,0
1310,21,50,S,R,1
1310,21,50,W,L,0
1310,21,50,W,T,0
1310,21,50,W,R,0
1311,21,51,N,L,0
1311,21,51,N,T,1
1311,21,51,N,R,0
1311,21,51,E,L,0
1311,21,51,E,T,1
1311,21,51,E,R,0
1311,21,51,S,L,0
1311,21,51,S,T,0
1311,21,51,S,R,0
1311,21,51,W,L,0
1311,21,51,W,T,0
1311,21,51,W,R,0
1312,21,52,N,L,0
1312,21,52,N,T,0
1312,21,52,N,R,0
1312,21,52,E,L,1
1312,21,52,E,T,2
1312,21,52,E,R,2
1312,21,52,S,L,0
1312,21,52,S,T,1
1312,21,52,S,R,0
1312,21,52,W,L,0
1312,21,52,W,T,0
1312,21,52,W,R,0
1313,21,53,N,L,0
1313,21,53,N,T,0
1313,21,53,N,R,0
1313,21,53,E,L,0
1313,21,53,E,T,0
1313,21,53,E,R,0
1313,21,53,S,L,0
1313,21,53,S,T,0
1313,21,53,S,R,0
1313,21,53,W,L,0
1313,21,53,W,T,0
1313,21,53,W,R,0
1314,21,54,N,L,0
1314,21,54,N,T,1
1314,21,54,N,R,0
1314,21,54,E,L,0
1314,21,54,E,T,1
1314,21,54,E,R,0
1314,21,54,S,L,0
1314,21,54,S,T,0
1314,21,54,S,R,0
1314,21,54,W,L,0
1314,21,54,W,T,0
1314,21,54,W,R,0
1315,21,55,N,L,0
1315,21,55,N,T,0
1315,21,55,N,R,0
1315,21,55,E,L,0
1315,21,55,E,T,0
1315,21,55,E,R,0
1315,21,55,S,L,0
1315,21,55,S,T,1
1315,21,55,S,R,0
1315,21,55,W,L,0
1315,21,55,W,T,0
1315,21,55,W,R,0
1316,21,56,N,L,0
1316,21,56,N,T,0
1316,21,56,N,R,0
1316,21,56,E,L,0
1316,21,56,E,T,0
1316,21,56,E,R,0
1316,21,56,S,L,0
1316,21,56,S,T,1
1316,21,56,S,R,0
1316,21,56,W,L,0
1316,21,56,W,T,0
1316,21,56,W,R,1
1317,21,57,N,L,0
1317,21,57,N,T,0
1317,21,57,N,R,0
1317,21,57,E,L,0
1317,21,57,E,T,0
1317,21,57,E,R,0
1317,21,57,S,L,0
1317,21,57,S,T,2
1317,21,57,S,R,0
1317,21,57,W,L,0
1317,21,57,W,T,0
1317,21,57,W,R,0
1318,21,58,N,L,0
1318,21,58,N,T,1
1318,21,58,N,R,0
1318,21,58,E,L,0
1318,21,58,E,T,1
1318,21,58,E,R,0
1318,21,58,S,L,0
1318,21,58,S,T,0
1318,21,58,S,R,0
1318,21,58,W,L,0
1318,21,58,W,T,0
1318,21,58,W,R,0
1319,21,59,N,L,0
1319,21,59,N,T,0
1319,21,59,N,R,0
1319,21,59,E,L,0
1319,21,59,E,T,0
1319,21,59,E,R,0
1319,21,59,S,L,0
1319,21,59,S,T,0
1319,21,59,S,R,0
1319,21,59,W,L,0
1319,21,59,W,T,0
1319,21,59,W,R,0
1320,22,00,N,L,0
1320,22,00,N,T,0
1320,22,00,N,R,0
1320,22,00,E,L,0
1320,22,00,E,T,0
1320,22,00,E,R,0
1320,22,00,S,L,0
1320,22,00,S,T,0
1320,22,00,S,R,0
1320,22,00,W,L,0
1320,22,00,W,T,0
1320,22,00,W,R,0
1321,22,01,N,L,0
1321,22,01,N,T,4
1321,22,01,N,R,0
1321,22,01,E,L,0
1321,22,01,E,T,0
1321,22,01,E,R,0
1321,22,01,S,L,0
1321,22,01,S,T,0
1321,22,01,S,R,0
1321,22,01,W,L,0
1321,22,01,W,T,0
1321,22,01,W,R,0
1322,22,02,N,L,0
1322,22,02,N,T,0
1322,22,02,N,R,0
1322,22,02,E,L,1
1322,22,02,E,T,1
1322,22,02,E,R,0
1322,22,02,S,L,0
1322,22,02,S,T,1
1322,22,02,S,R,0
1322,22,02,W,L,0
1322,22,02,W,T,0
1322,22,02,W,R,0
1323,22,03,N,L,0
1323,22,03,N,T,0
1323,22,03,N,R,0
1323,22,03,E,L,0
1323,22,03,E,T,0
1323,22,03,E,R,0
1323,22,03,S,L,0
1323,22,03,S,T,1
1323,22,03,S,R,0
1323,22,03,W,L,0
1323,22,03,W,T,0
1323,22,03,W,R,0
1324,22,04,N,L,0
1324,22,04,N,T,0
1324,22,04,N,R,0
1324,22,04,E,L,0
1324,22,04,E,T,1
1324,22,04,E,R,0
1324,22,04,S,L,0
1324,22,04,S,T,0
1324,22,04,S,R,0
1324,22,04,W,L,0
1324,22,04,W,T,0
1324,22,04,W,R,0
1325,22,05,N,L,0
1325,22,05,N,T,1
1325,22,05,N,R,0
1325,22,05,E,L,0
1325,22,05,E,T,0
1325,22,05,E,R,0
1325,22,05,S,L,0
1325,22,05,S,T,0
1325,22,05,S,R,0
1325,22,05,W,L,0
1325,22,05,W,T,1
1325,22,05,W,R,1
1326,22,06,N,L,0
1326,22,06,N,T,0
1326,22,06,N,R,0
1326,22,06,E,L,0
1326,22,06,E,T,0
1326,22,06,E,R,0
1326,22,06,S,L,1
1326,22,06,S,T,1
1326,22,06,S,R,0
1326,22,06,W,L,0
1326,22,06,W,T,0
1326,22,06,W,R,0
1327,22,07,N,L,0
1327,22,07,N,T,0
1327,22,07,N,R,0
1327,22,07,E,L,0
1327,22,07,E,T,1
1327,22,07,E,R,0
1327,22,07,S,L,1
1327,22,07,S,T,2
1327,22,07,S,R,0
1327,22,07,W,L,0
1327,22,07,W,T,0
1327,22,07,W,R,0
1328,22,08,N,L,0
1328,22,08,N,T,0
1328,22,08,N,R,0
1328,22,08,E,L,0
1328,22,08,E,T,0
1328,22,08,E,R,0
1328,22,08,S,L,0
1328,22,08,S,T,0
1328,22,08,S,R,0
1328,22,08,W,L,0
1328,22,08,W,T,1
1328,22,08,W,R,0
1329,22,09,N,L,0
1329,22,09,N,T,1
1329,22,09,N,R,0
1329,22,09,E,L,0
1329,22,09,E,T,0
1329,22,09,E,R,0
1329,22,09,S,L,0
1329,22,09,S,T,0
1329,22,09,S,R,0
1329,22,09,W,L,0
1329,22,09,W,T,1
1329,22,09,W,R,0
1330,22,10,N,L,0
1330,22,10,N,T,1
1330,22,10,N,R,0
1330,22,10,E,L,0
1330,22,10,E,T,1
1330,22,10,E,R,0
1330,22,10,S,L,0
1330,22,10,S,T,1
1330,22,10,S,R,0
1330,22,10,W,L,0
1330,22,10,W,T,0
1330,22,10,W,R,0
1331,22,11,N,L,0
1331,22,11,N,T,0
1331,22,11,N,R,0
1331,22,11,E,L,0
1331,22,11,E,T,0
1331,22,11,E,R,0
1331,22,11,S,L,0
1331,22,11,S,T,0
1331,22,11,S,R,0
1331,22,11,W,L,0
1331,22,11,W,T,0
1331,22,11,W,R,0
1332,22,12,N,L,0
1332,22,12,N,T,1
1332,22,12,N,R,0
1332,22,12,E,L,0
1332,22,12,E,T,0
1332,22,12,E,R,0
1332,22,12,S,L,0
1332,22,12,S,T,0
1332,22,12,S,R,0
1332,22,12,W,L,1
1332,22,12,W,T,0
1332,22,12,W,R,1
1333,22,13,N,L,0
1333,22,13,N,T,0
1333,22,13,N,R,0
1333,22,13,E,L,0
1333,22,13,E,T,1
1333,22,13,E,R,0
1333,22,13,S,L,0
1333,22,13,S,T,0
1333,22,13,S,R,0
1333,22,13,W,L,0
1333,22,13,W,T,0
1333,22,13,W,R,0
1334,22,14,N,L,0
1334,22,14,N,T,0
1334,22,14,N,R,0
1334,22,14,E,L,0
1334,22,14,E,T,0
1334,22,14,E,R,0
1334,22,14,S,L,0
1334,22,14,S,T,0
1334,22,14,S,R,0
1334,22,14,W,L,0
1334,22,14,W,T,0
1334,22,14,W,R,0
1335,22,15,N,L,1
1335,22,15,N,T,0
1335,22,15,N,R,0
1335,22,15,E,L,0
1335,22,15,E,T,1
1335,22,15,E,R,0
1335,22,15,S,L,0
1335,22,15,S,T,0
1335,22,15,S,R,0
1335,22,15,W,L,1
1335,22,15,W,T,0
1335,22,15,W,R,0
1336,22,16,N,L,0
1336,22,16,N,T,0
1336,22,16,N,R,1
1336,22,16,E,L,0
1336,22,16,E,T,1
1336,22,16,E,R,0
1336,22,16,S,L,0
1336,22,16,S,T,0
1336,22,16,S,R,0
1336,22,16,W,L,0
1336,22,16,W,T,0
1336,22,16,W,R,0
1337,22,17,N,L,0
1337,22,17,N,T,0
1337,22,17,N,R,0
1337,22,17,E,L,0
1337,22,17,E,T,1
1337,22,17,E,R,0
1337,22,17,S,L,0
1337,22,17,S,T,0
1337,22,17,S,R,0
1337,22,17,W,L,0
1337,22,17,W,T,0
1337,22,17,W,R,0
1338,22,18,N,L,0
1338,22,18,N,T,1
1338,22,18,N,R,0
1338,22,18,E,L,0
1338,22,18,E,T,0
1338,22,18,E,R,0
1338,22,18,S,L,1
1338,22,18,S,T,0
1338,22,18,S,R,0
1338,22,18,W,L,0
1338,22,18,W,T,0
1338,22,18,W,R,0
1339,22,19,N,L,0
1339,22,19,N,T,1
1339,22,19,N,R,0
1339,22,19,E,L,0
1339,22,19,E,T,2
1339,22,19,E,R,1
1339,22,19,S,L,0
1339,22,19,S,T,0
1339,22,19,S,R,0
1339,22,19,W,L,0
1339,22,19,W,T,0
1339,22,19,W,R,0
1340,22,20,N,L,0
1340,22,20,N,T,1
1340,22,20,N,R,0
1340,22,20,E,L,0
1340,22,20,E,T,0
1340,22,20,E,R,0
1340,22,20,S,L,0
1340,22,20,S,T,0
1340,22,20,S,R,0
1340,22,20,W,L,0
1340,22,20,W,T,0
1340,22,20,W,R,0
1341,22,21,N,L,0
1341,22,21,N,T,0
1341,22,21,N,R,0
1341,22,21,E,L,0
1341,22,21,E,T,0
1341,22,21,E,R,0
1341,22,21,S,L,0
1341,22,21,S,T,0
1341,22,21,S,R,1
1341,22,21,W,L,0
1341,22,21,W,T,0
1341,22,21,W,R,0
1342,22,22,N,L,0
1342,22,22,N,T,0
1342,22,22,N,R,0
1342,22,22,E,L,0
1342,22,22,E,T,0
1342,22,22,E,R,0
1342,22,22,S,L,0
1342,22,22,S,T,0
1342,22,22,S,R,0
1342,22,22,W,L,0
1342,22,22,W,T,0
1342,22,22,W,R,0
1343,22,23,N,L,0
1343,22,23,N,T,0
1343,22,23,N,R,0
1343,22,23,E,L,0
1343,22,23,E,T,0
1343,22,23,E,R,0
1343,22,23,S,L,0
1343,22,23,S,T,0
1343,22,23,S,R,0
1343,22,23,W,L,0
1343,22,23,W,T,0
1343,22,23,W,R,0
1344,22,24,N,L,0
1344,22,24,N,T,0
1344,22,24,N,R,0
1344,22,24,E,L,0
1344,22,24,E,T,1
1344,22,24,E,R,0
1344,22,24,S,L,0
1344,22,24,S,T,0
1344,22,24,S,R,0
1344,22,24,W,L,1
1344,22,24,W,T,0
1344,22,24,W,R,0
1345,22,25,N,L,0
1345,22,25,N,T,0
1345,22,25,N,R,0
1345,22,25,E,L,1
1345,22,25,E,T,0
1345,22,25,E,R,0
1345,22,25,S,L,0
1345,22,25,S,T,0
1345,22,25,S,R,0
1345,22,25,W,L,0
1345,22,25,W,T,1
1345,22,25,W,R,0
1346,22,26,N,L,0
1346,22,26,N,T,1
1346,22,26,N,R,0
1346,22,26,E,L,0
1346,22,26,E,T,0
1346,22,26,E,R,0
1346,22,26,S,L,0
1346,22,26,S,T,0
1346,22,26,S,R,0
1346,22,26,W,L,0
1346,22,26,W,T,0
1346,22,26,W,R,0
1347,22,27,N,L,0
1347,22,27,N,T,1
1347,22,27,N,R,0
1347,22,27,E,L,0
1347,22,27,E,T,1
1347,22,27,E,R,1
1347,22,27,S,L,0
1347,22,27,S,T,0
1347,22,27,S,R,0
1347,22,27,W,L,0
1347,22,27,W,T,0
1347,22,27,W,R,0
1348,22,28,N,L,0
1348,22,28,N,T,1
1348,22,28,N,R,0
1348,22,28,E,L,0
1348,22,28,E,T,0
1348,22,28,E,R,0
1348,22,28,S,L,0
1348,22,28,S,T,0
1348,22,28,S,R,0
1348,22,28,W,L,0
1348,22,28,W,T,0
1348,22,28,W,R,0
1349,22,29,N,L,0
1349,22,29,N,T,2
1349,22,29,N,R,0
1349,22,29,E,L,0
1349,22,29,E,T,0
1349,22,29,E,R,0
1349,22,29,S,L,0
1349,22,29,S,T,1
1349,22,29,S,R,0
1349,22,29,W,L,0
1349,22,29,W,T,0
1349,22,29,W,R,0
1350,22,30,N,L,0
1350,22,30,N,T,1
1350,22,30,N,R,0
1350,22,30,E,L,0
1350,22,30,E,T,0
1350,22,30,E,R,0
1350,22,30,S,L,0
1350,22,30,S,T,0
1350,22,30,S,R,0
1350,22,30,W,L,0
1350,22,30,W,T,0
1350,22,30,W,R,0
1351,22,31,N,L,0
1351,22,31,N,T,0
1351,22,31,N,R,0
1351,22,31,E,L,0
1351,22,31,E,T,0
1351,22,31,E,R,0
1351,22,31,S,L,0
1351,22,31,S,T,1
1351,22,31,S,R,0
1351,22,31,W,L,0
1351,22,31,W,T,0
1351,22,31,W,R,0
1352,22,32,N,L,0
1352,22,32,N,T,1
1352,22,32,N,R,0
1352,22,32,E,L,0
1352,22,32,E,T,1
1352,22,32,E,R,0
1352,22,32,S,L,0
1352,22,32,S,T,0
1352,22,32,S,R,0
1352,22,32,W,L,1
1352,22,32,W,T,1
1352,22,32,W,R,0
1353,22,33,N,L,0
1353,22,33,N,T,0
1353,22,33,N,R,0
1353,22,33,E,L,0
1353,22,33,E,T,1
1353,22,33,E,R,0
1353,22,33,S,L,0
1353,22,33,S,T,0
1353,22,33,S,R,0
1353,22,33,W,L,0
1353,22,33,W,T,0
1353,22,33,W,R,0
1354,22,34,N,L,0
1354,22,34,N,T,1
1354,22,34,N,R,0
1354,22,34,E,L,0
1354,22,34,E,T,0
1354,22,34,E,R,0
1354,22,34,S,L,0
1354,22,34,S,T,0
1354,22,34,S,R,0
1354,22,34,W,L,0
1354,22,34,W,T,1
1354,22,34,W,R,0
1355,22,35,N,L,0
1355,22,35,N,T,2
1355,22,35,N,R,0
1355,22,35,E,L,0
1355,22,35,E,T,0
1355,22,35,E,R,0
1355,22,35,S,L,0
1355,22,35,S,T,0
1355,22,35,S,R,1
1355,22,35,W,L,0
1355,22,35,W,T,0
1355,22,35,W,R,0
1356,22,36,N,L,0
1356,22,36,N,T,0
1356,22,36,N,R,0
1356,22,36,E,L,0
1356,22,36,E,T,0
1356,22,36,E,R,0
1356,22,36,S,L,0
1356,22,36,S,T,1
1356,22,36,S,R,0
1356,22,36,W,L,0
1356,22,36,W,T,0
1356,22,36,W,R,0
1357,22,37,N,L,0
1357,22,37,N,T,0
1357,22,37,N,R,0
1357,22,37,E,L,0
1357,22,37,E,T,1
1357,22,37,E,R,0
1357,22,37,S,L,0
1357,22,37,S,T,1
1357,22,37,S,R,0
1357,22,37,W,L,0
1357,22,37,W,T,0
1357,22,37,W,R,0
1358,22,38,N,L,0
1358,22,38,N,T,0
1358,22,38,N,R,0
1358,22,38,E,L,0
1358,22,38,E,T,0
1358,22,38,E,R,0
1358,22,38,S,L,0
1358,22,38,S,T,0
1358,22,38,S,R,0
1358,22,38,W,L,0
1358,22,38,W,T,1
1358,22,38,W,R,0
1359,22,39,N,L,0
1359,22,39,N,T,0
1359,22,39,N,R,0
1359,22,39,E,L,0
1359,22,39,E,T,1
1359,22,39,E,R,1
1359,22,39,S,L,0
1359,22,39,S,T,0
1359,22,39,S,R,0
1359,22,39,W,L,0
1359,22,39,W,T,0
1359,22,39,W,R,0
1360,22,40,N,L,0
1360,22,40,N,T,2
1360,22,40,N,R,0
1360,22,40,E,L,0
1360,22,40,E,T,0
1360,22,40,E,R,0
1360,22,40,S,L,1
1360,22,40,S,T,0
1360,22,40,S,R,0
1360,22,40,W,L,0
1360,22,40,W,T,0
1360,22,40,W,R,0
1361,22,41,N,L,0
1361,22,41,N,T,0
1361,22,41,N,R,0
1361,22,41,E,L,0
1361,22,41,E,T,0
1361,22,41,E,R,0
1361,22,41,S,L,0
1361,22,41,S,T,0
1361,22,41,S,R,0
1361,22,41,W,L,0
1361,22,41,W,T,0
1361,22,41,W,R,0
1362,22,42,N,L,0
1362,22,42,N,T,0
1362,22,42,N,R,0
1362,22,42,E,L,0
1362,22,42,E,T,0
1362,22,42,E,R,0
1362,22,42,S,L,0
1362,22,42,S,T,0
1362,22,42,S,R,0
1362,22,42,W,L,0
1362,22,42,W,T,0
1362,22,42,W,R,0
1363,22,43,N,L,0
1363,22,43,N,T,0
1363,22,43,N,R,0
1363,22,43,E,L,0
1363,22,43,E,T,0
1363,22,43,E,R,0
1363,22,43,S,L,0
1363,22,43,S,T,0
1363,22,43,S,R,0
1363,22,43,W,L,0
1363,22,43,W,T,1
1363,22,43,W,R,0
1364,22,44,N,L,0
1364,22,44,N,T,1
1364,22,44,N,R,0
1364,22,44,E,L,0
1364,22,44,E,T,0
1364,22,44,E,R,0
1364,22,44,S,L,0
1364,22,44,S,T,0
1364,22,44,S,R,0
1364,22,44,W,L,0
1364,22,44,W,T,0
1364,22,44,W,R,0
1365,22,45,N,L,1
1365,22,45,N,T,0
1365,22,45,N,R,0
1365,22,45,E,L,1
1365,22,45,E,T,0
1365,22,45,E,R,0
1365,22,45,S,L,0
1365,22,45,S,T,0
1365,22,45,S,R,0
1365,22,45,W,L,0
1365,22,45,W,T,1
1365,22,45,W,R,0
1366,22,46,N,L,0
1366,22,46,N,T,0
1366,22,46,N,R,0
1366,22,46,E,L,0
1366,22,46,E,T,0
1366,22,46,E,R,0
1366,22,46,S,L,0
1366,22,46,S,T,2
1366,22,46,S,R,0
1366,22,46,W,L,0
1366,22,46,W,T,0
1366,22,46,W,R,0
1367,22,47,N,L,0
1367,22,47,N,T,0
1367,22,47,N,R,0
1367,22,47,E,L,0
1367,22,47,E,T,0
1367,22,47,E,R,0
1367,22,47,S,L,0
1367,22,47,S,T,0
1367,22,47,S,R,0
1367,22,47,W,L,0
1367,22,47,W,T,1
1367,22,47,W,R,0
1368,22,48,N,L,0
1368,22,48,N,T,0
1368,22,48,N,R,0
1368,22,48,E,L,0
1368,22,48,E,T,0
1368,22,48,E,R,0
1368,22,48,S,L,0
1368,22,48,S,T,0
1368,22,48,S,R,0
1368,22,48,W,L,0
1368,22,48,W,T,0
1368,22,48,W,R,0
1369,22,49,N,L,0
1369,22,49,N,T,1
1369,22,49,N,R,0
1369,22,49,E,L,0
1369,22,49,E,T,0
1369,22,49,E,R,0
1369,22,49,S,L,0
1369,22,49,S,T,0
1369,22,49,S,R,0
1369,22,49,W,L,0
1369,22,49,W,T,0
1369,22,49,W,R,0
1370,22,50,N,L,0
1370,22,50,N,T,0
1370,22,50,N,R,0
1370,22,50,E,L,1
1370,22,50,E,T,0
1370,22,50,E,R,0
1370,22,50,S,L,0
1370,22,50,S,T,0
1370,22,50,S,R,0
1370,22,50,W,L,0
1370,22,50,W,T,0
1370,22,50,W,R,0
1371,22,51,N,L,0
1371,22,51,N,T,1
1371,22,51,N,R,0
1371,22,51,E,L,0
1371,22,51,E,T,0
1371,22,51,E,R,0
1371,22,51,S,L,0
1371,22,51,S,T,0
1371,22,51,S,R,0
1371,22,51,W,L,0
1371,22,51,W,T,0
1371,22,51,W,R,0
1372,22,52,N,L,0
1372,22,52,N,T,0
1372,22,52,N,R,0
1372,22,52,E,L,0
1372,22,52,E,T,0
1372,22,52,E,R,0
1372,22,52,S,L,0
1372,22,52,S,T,0
1372,22,52,S,R,0
1372,22,52,W,L,0
1372,22,52,W,T,0
1372,22,52,W,R,0
1373,22,53,N,L,0
1373,22,53,N,T,0
1373,22,53,N,R,0
1373,22,53,E,L,0
1373,22,53,E,T,0
1373,22,53,E,R,0
1373,22,53,S,L,0
1373,22,53,S,T,1
1373,22,53,S,R,0
1373,22,53,W,L,0
1373,22,53,W,T,0
1373,22,53,W,R,0
1374,22,54,N,L,0
1374,22,54,N,T,0
1374,22,54,N,R,0
1374,22,54,E,L,0
1374,22,54,E,T,0
1374,22,54,E,R,0
1374,22,54,S,L,0
1374,22,54,S,T,0
1374,22,54,S,R,0
1374,22,54,W,L,0
1374,22,54,W,T,0
1374,22,54,W,R,0
1375,22,55,N,L,0
1375,22,55,N,T,0
1375,22,55,N,R,0
1375,22,55,E,L,0
1375,22,55,E,T,0
1375,22,55,E,R,0
1375,22,55,S,L,0
1375,22,55,S,T,0
1375,22,55,S,R,0
1375,22,55,W,L,0
1375,22,55,W,T,0
1375,22,55,W,R,0
1376,22,56,N,L,0
1376,22,56,N,T,0
1376,22,56,N,R,0
1376,22,56,E,L,0
1376,22,56,E,T,0
1376,22,56,E,R,0
1376,22,56,S,L,0
1376,22,56,S,T,0
1376,22,56,S,R,0
1376,22,56,W,L,0
1376,22,56,W,T,0
1376,22,56,W,R,0
1377,22,57,N,L,1
1377,22,57,N,T,1
1377,22,57,N,R,0
1377,22,57,E,L,0
1377,22,57,E,T,0
1377,22,57,E,R,0
1377,22,57,S,L,0
1377,22,57,S,T,1
1377,22,57,S,R,0
1377,22,57,W,L,0
1377,22,57,W,T,0
1377,22,57,W,R,0
1378,22,58,N,L,0
1378,22,58,N,T,0
1378,22,58,N,R,0
1378,22,58,E,L,0
1378,22,58,E,T,0
1378,22,58,E,R,0
1378,22,58,S,L,0
1378,22,58,S,T,0
1378,22,58,S,R,0
1378,22,58,W,L,0
1378,22,58,W,T,0
1378,22,58,W,R,0
1379,22,59,N,L,0
1379,22,59,N,T,0
1379,22,59,N,R,0
1379,22,59,E,L,0
1379,22,59,E,T,0
1379,22,59,E,R,0
1379,22,59,S,L,0
1379,22,59,S,T,0
1379,22,59,S,R,0
1379,22,59,W,L,0
1379,22,59,W,T,1
1379,22,59,W,R,0
1380,23,00,N,L,0
1380,23,00,N,T,0
1380,23,00,N,R,0
1380,23,00,E,L,0
1380,23,00,E,T,0
1380,23,00,E,R,0
1380,23,00,S,L,0
1380,23,00,S,T,1
1380,23,00,S,R,0
1380,23,00,W,L,0
1380,23,00,W,T,0
1380,23,00,W,R,0
1381,23,01,N,L,0
1381,23,01,N,T,1
1381,23,01,N,R,0
1381,23,01,E,L,0
1381,23,01,E,T,0
1381,23,01,E,R,0
1381,23,01,S,L,0
1381,23,01,S,T,0
1381,23,01,S,R,0
1381,23,01,W,L,0
1381,23,01,W,T,0
1381,23,01,W,R,0
1382,23,02,N,L,0
1382,23,02,N,T,0
1382,23,02,N,R,0
1382,23,02,E,L,0
1382,23,02,E,T,0
1382,23,02,E,R,0
1382,23,02,S,L,1
1382,23,02,S,T,0
1382,23,02,S,R,0
1382,23,02,W,L,0
1382,23,02,W,T,0
1382,23,02,W,R,0
1383,23,03,N,L,0
1383,23,03,N,T,0
1383,23,03,N,R,0
1383,23,03,E,L,0
1383,23,03,E,T,0
1383,23,03,E,R,0
1383,23,03,S,L,0
1383,23,03,S,T,1
1383,23,03,S,R,0
1383,23,03,W,L,0
1383,23,03,W,T,0
1383,23,03,W,R,0
1384,23,04,N,L,0
1384,23,04,N,T,0
1384,23,04,N,R,0
1384,23,04,E,L,0
1384,23,04,E,T,0
1384,23,04,E,R,0
1384,23,04,S,L,0
1384,23,04,S,T,0
1384,23,04,S,R,0
1384,23,04,W,L,0
1384,23,04,W,T,0
1384,23,04,W,R,0
1385,23,05,N,L,0
1385,23,05,N,T,0
1385,23,05,N,R,0
1385,23,05,E,L,0
1385,23,05,E,T,0
1385,23,05,E,R,0
1385,23,05,S,L,0
1385,23,05,S,T,0
1385,23,05,S,R,0
1385,23,05,W,L,0
1385,23,05,W,T,1
1385,23,05,W,R,1
1386,23,06,N,L,1
1386,23,06,N,T,0
1386,23,06,N,R,0
1386,23,06,E,L,0
1386,23,06,E,T,0
1386,23,06,E,R,0
1386,23,06,S,L,0
1386,23,06,S,T,0
1386,23,06,S,R,0
1386,23,06,W,L,0
1386,23,06,W,T,0
1386,23,06,W,R,0
1387,23,07,N,L,0
1387,23,07,N,T,0
1387,23,07,N,R,0
1387,23,07,E,L,0
1387,23,07,E,T,1
1387,23,07,E,R,0
1387,23,07,S,L,0
1387,23,07,S,T,0
1387,23,07,S,R,0
1387,23,07,W,L,0
1387,23,07,W,T,0
1387,23,07,W,R,0
1388,23,08,N,L,0
1388,23,08,N,T,1
1388,23,08,N,R,0
1388,23,08,E,L,0
1388,23,08,E,T,0
1388,23,08,E,R,0
1388,23,08,S,L,0
1388,23,08,S,T,2
1388,23,08,S,R,0
1388,23,08,W,L,0
1388,23,08,W,T,0
1388,23,08,W,R,0
1389,23,09,N,L,0
1389,23,09,N,T,0
1389,23,09,N,R,0
1389,23,09,E,L,0
1389,23,09,E,T,0
1389,23,09,E,R,0
1389,23,09,S,L,0
1389,23,09,S,T,1
1389,23,09,S,R,0
1389,23,09,W,L,0
1389,23,09,W,T,0
1389,23,09,W,R,0
1390,23,10,N,L,0
1390,23,10,N,T,0
1390,23,10,N,R,0
1390,23,10,E,L,0
1390,23,10,E,T,0
1390,23,10,E,R,0
1390,23,10,S,L,0
1390,23,10,S,T,0
1390,23,10,S,R,1
1390,23,10,W,L,0
1390,23,10,W,T,1
1390,23,10,W,R,0
1391,23,11,N,L,1
1391,23,11,N,T,0
1391,23,11,N,R,0
1391,23,11,E,L,0
1391,23,11,E,T,0
1391,23,11,E,R,0
1391,23,11,S,L,0
1391,23,11,S,T,1
1391,23,11,S,R,0
1391,23,11,W,L,0
1391,23,11,W,T,0
1391,23,11,W,R,0
1392,23,12,N,L,0
1392,23,12,N,T,1
1392,23,12,N,R,0
1392,23,12,E,L,0
1392,23,12,E,T,0
1392,23,12,E,R,0
1392,23,12,S,L,0
1392,23,12,S,T,0
1392,23,12,S,R,0
1392,23,12,W,L,1
1392,23,12,W,T,0
1392,23,12,W,R,0
1393,23,13,N,L,0
1393,23,13,N,T,1
1393,23,13,N,R,0
1393,23,13,E,L,0
1393,23,13,E,T,0
1393,23,13,E,R,0
1393,23,13,S,L,0
1393,23,13,S,T,1
1393,23,13,S,R,1
1393,23,13,W,L,0
1393,23,13,W,T,0
1393,23,13,W,R,0
1394,23,14,N,L,0
1394,23,14,N,T,0
1394,23,14,N,R,0
1394,23,14,E,L,0
1394,23,14,E,T,0
1394,23,14,E,R,0
1394,23,14,S,L,0
1394,23,14,S,T,0
1394,23,14,S,R,0
1394,23,14,W,L,0
1394,23,14,W,T,0
1394,23,14,W,R,0
1395,23,15,N,L,0
1395,23,15,N,T,0
1395,23,15,N,R,0
1395,23,15,E,L,0
1395,23,15,E,T,0
1395,23,15,E,R,0
1395,23,15,S,L,0
1395,23,15,S,T,0
1395,23,15,S,R,0
1395,23,15,W,L,0
1395,23,15,W,T,1
1395,23,15,W,R,0
1396,23,16,N,L,0
1396,23,16,N,T,0
1396,23,16,N,R,0
1396,23,16,E,L,0
1396,23,16,E,T,0
1396,23,16,E,R,0
1396,23,16,S,L,0
1396,23,16,S,T,0
1396,23,16,S,R,0
1396,23,16,W,L,0
1396,23,16,W,T,1
1396,23,16,W,R,0
1397,23,17,N,L,0
1397,23,17,N,T,0
1397,23,17,N,R,0
1397,23,17,E,L,0
1397,23,17,E,T,0
1397,23,17,E,R,0
1397,23,17,S,L,0
1397,23,17,S,T,0
1397,23,17,S,R,0
1397,23,17,W,L,0
1397,23,17,W,T,1
1397,23,17,W,R,0
1398,23,18,N,L,0
1398,23,18,N,T,0
1398,23,18,N,R,0
1398,23,18,E,L,0
1398,23,18,E,T,0
1398,23,18,E,R,0
1398,23,18,S,L,0
1398,23,18,S,T,0
1398,23,18,S,R,0
1398,23,18,W,L,0
1398,23,18,W,T,0
1398,23,18,W,R,0
1399,23,19,N,L,0
1399,23,19,N,T,0
1399,23,19,N,R,0
1399,23,19,E,L,0
1399,23,19,E,T,0
1399,23,19,E,R,0
1399,23,19,S,L,0
1399,23,19,S,T,0
1399,23,19,S,R,0
1399,23,19,W,L,0
1399,23,19,W,T,0
1399,23,19,W,R,0
1400,23,20,N,L,0
1400,23,20,N,T,0
1400,23,20,N,R,0
1400,23,20,E,L,0
1400,23,20,E,T,0
1400,23,20,E,R,0
1400,23,20,S,L,0
1400,23,20,S,T,1
1400,23,20,S,R,0
1400,23,20,W,L,0
1400,23,20,W,T,1
1400,23,20,W,R,0
1401,23,21,N,L,0
1401,23,21,N,T,0
1401,23,21,N,R,0
1401,23,21,E,L,0
1401,23,21,E,T,1
1401,23,21,E,R,0
1401,23,21,S,L,0
1401,23,21,S,T,0
1401,23,21,S,R,0
1401,23,21,W,L,0
1401,23,21,W,T,0
1401,23,21,W,R,0
1402,23,22,N,L,0
1402,23,22,N,T,2
1402,23,22,N,R,0
1402,23,22,E,L,0
1402,23,22,E,T,1
1402,23,22,E,R,0
1402,23,22,S,L,0
1402,23,22,S,T,0
1402,23,22,S,R,0
1402,23,22,W,L,1
1402,23,22,W,T,0
1402,23,22,W,R,0
1403,23,23,N,L,0
1403,23,23,N,T,0
1403,23,23,N,R,1
1403,23,23,E,L,0
1403,23,23,E,T,1
1403,23,23,E,R,0
1403,23,23,S,L,0
1403,23,23,S,T,1
1403,23,23,S,R,0
1403,23,23,W,L,0
1403,23,23,W,T,0
1403,23,23,W,R,0
1404,23,24,N,L,0
1404,23,24,N,T,0
1404,23,24,N,R,0
1404,23,24,E,L,0
1404,23,24,E,T,1
1404,23,24,E,R,0
1404,23,24,S,L,0
1404,23,24,S,T,0
1404,23,24,S,R,0
1404,23,24,W,L,0
1404,23,24,W,T,0
1404,23,24,W,R,0
1405,23,25,N,L,0
1405,23,25,N,T,0
1405,23,25,N,R,0
1405,23,25,E,L,0
1405,23,25,E,T,0
1405,23,25,E,R,0
1405,23,25,S,L,0
1405,23,25,S,T,0
1405,23,25,S,R,0
1405,23,25,W,L,0
1405,23,25,W,T,0
1405,23,25,W,R,0
1406,23,26,N,L,0
1406,23,26,N,T,1
1406,23,26,N,R,0
1406,23,26,E,L,0
1406,23,26,E,T,1
1406,23,26,E,R,0
1406,23,26,S,L,0
1406,23,26,S,T,0
1406,23,26,S,R,1
1406,23,26,W,L,0
1406,23,26,W,T,0
1406,23,26,W,R,0
1407,23,27,N,L,0
1407,23,27,N,T,0
1407,23,27,N,R,1
1407,23,27,E,L,0
1407,23,27,E,T,1
1407,23,27,E,R,0
1407,23,27,S,L,0
1407,23,27,S,T,0
1407,23,27,S,R,0
1407,23,27,W,L,0
1407,23,27,W,T,0
1407,23,27,W,R,0
1408,23,28,N,L,0
1408,23,28,N,T,0
1408,23,28,N,R,0
1408,23,28,E,L,0
1408,23,28,E,T,0
1408,23,28,E,R,0
1408,23,28,S,L,0
1408,23,28,S,T,1
1408,23,28,S,R,0
1408,23,28,W,L,0
1408,23,28,W,T,0
1408,23,28,W,R,0
1409,23,29,N,L,0
1409,23,29,N,T,0
1409,23,29,N,R,2
1409,23,29,E,L,0
1409,23,29,E,T,0
1409,23,29,E,R,0
1409,23,29,S,L,0
1409,23,29,S,T,0
1409,23,29,S,R,0
1409,23,29,W,L,0
1409,23,29,W,T,0
1409,23,29,W,R,0
1410,23,30,N,L,1
1410,23,30,N,T,0
1410,23,30,N,R,0
1410,23,30,E,L,0
1410,23,30,E,T,0
1410,23,30,E,R,0
1410,23,30,S,L,0
1410,23,30,S,T,1
1410,23,30,S,R,0
1410,23,30,W,L,0
1410,23,30,W,T,0
1410,23,30,W,R,0
1411,23,31,N,L,0
1411,23,31,N,T,0
1411,23,31,N,R,0
1411,23,31,E,L,0
1411,23,31,E,T,0
1411,23,31,E,R,0
1411,23,31,S,L,0
1411,23,31,S,T,0
1411,23,31,S,R,0
1411,23,31,W,L,0
1411,23,31,W,T,0
1411,23,31,W,R,0
1412,23,32,N,L,0
1412,23,32,N,T,1
1412,23,32,N,R,0
1412,23,32,E,L,0
1412,23,32,E,T,1
1412,23,32,E,R,0
1412,23,32,S,L,0
1412,23,32,S,T,0
1412,23,32,S,R,0
1412,23,32,W,L,0
1412,23,32,W,T,0
1412,23,32,W,R,0
1413,23,33,N,L,0
1413,23,33,N,T,0
1413,23,33,N,R,0
1413,23,33,E,L,0
1413,23,33,E,T,0
1413,23,33,E,R,0
1413,23,33,S,L,0
1413,23,33,S,T,0
1413,23,33,S,R,0
1413,23,33,W,L,0
1413,23,33,W,T,0
1413,23,33,W,R,0
1414,23,34,N,L,0
1414,23,34,N,T,0
1414,23,34,N,R,0
1414,23,34,E,L,0
1414,23,34,E,T,1
1414,23,34,E,R,0
1414,23,34,S,L,0
1414,23,34,S,T,1
1414,23,34,S,R,0
1414,23,34,W,L,0
1414,23,34,W,T,0
1414,23,34,W,R,0
1415,23,35,N,L,0
1415,23,35,N,T,0
1415,23,35,N,R,0
1415,23,35,E,L,0
1415,23,35,E,T,0
1415,23,35,E,R,0
1415,23,35,S,L,0
1415,23,35,S,T,0
1415,23,35,S,R,0
1415,23,35,W,L,0
1415,23,35,W,T,0
1415,23,35,W,R,0
1416,23,36,N,L,0
1416,23,36,N,T,0
1416,23,36,N,R,0
1416,23,36,E,L,0
1416,23,36,E,T,1
1416,23,36,E,R,0
1416,23,36,S,L,0
1416,23,36,S,T,1
1416,23,36,S,R,0
1416,23,36,W,L,0
1416,23,36,W,T,1
1416,23,36,W,R,0
1417,23,37,N,L,0
1417,23,37,N,T,0
1417,23,37,N,R,0
1417,23,37,E,L,0
1417,23,37,E,T,0
1417,23,37,E,R,0
1417,23,37,S,L,0
1417,23,37,S,T,0
1417,23,37,S,R,0
1417,23,37,W,L,0
1417,23,37,W,T,0
1417,23,37,W,R,0
1418,23,38,N,L,0
1418,23,38,N,T,0
1418,23,38,N,R,0
1418,23,38,E,L,0
1418,23,38,E,T,1
1418,23,38,E,R,0
1418,23,38,S,L,0
1418,23,38,S,T,0
1418,23,38,S,R,0
1418,23,38,W,L,0
1418,23,38,W,T,0
1418,23,38,W,R,0
1419,23,39,N,L,0
1419,23,39,N,T,0
1419,23,39,N,R,0
1419,23,39,E,L,0
1419,23,39,E,T,1
1419,23,39,E,R,0
1419,23,39,S,L,0
1419,23,39,S,T,1
1419,23,39,S,R,0
1419,23,39,W,L,0
1419,23,39,W,T,0
1419,23,39,W,R,0
1420,23,40,N,L,0
1420,23,40,N,T,0
1420,23,40,N,R,0
1420,23,40,E,L,0
1420,23,40,E,T,1
1420,23,40,E,R,0
1420,23,40,S,L,0
1420,23,40,S,T,1
1420,23,40,S,R,0
1420,23,40,W,L,0
1420,23,40,W,T,0
1420,23,40,W,R,0
1421,23,41,N,L,0
1421,23,41,N,T,0
1421,23,41,N,R,0
1421,23,41,E,L,0
1421,23,41,E,T,0
1421,23,41,E,R,0
1421,23,41,S,L,0
1421,23,41,S,T,1
1421,23,41,S,R,0
1421,23,41,W,L,0
1421,23,41,W,T,1
1421,23,41,W,R,1
1422,23,42,N,L,0
1422,23,42,N,T,1
1422,23,42,N,R,0
1422,23,42,E,L,0
1422,23,42,E,T,0
1422,23,42,E,R,0
1422,23,42,S,L,2
1422,23,42,S,T,0
1422,23,42,S,R,1
1422,23,42,W,L,0
1422,23,42,W,T,0
1422,23,42,W,R,0
1423,23,43,N,L,0
1423,23,43,N,T,0
1423,23,43,N,R,1
1423,23,43,E,L,0
1423,23,43,E,T,1
1423,23,43,E,R,0
1423,23,43,S,L,0
1423,23,43,S,T,0
1423,23,43,S,R,0
1423,23,43,W,L,0
1423,23,43,W,T,0
1423,23,43,W,R,0
1424,23,44,N,L,0
1424,23,44,N,T,1
1424,23,44,N,R,0
1424,23,44,E,L,0
1424,23,44,E,T,1
1424,23,44,E,R,0
1424,23,44,S,L,0
1424,23,44,S,T,1
1424,23,44,S,R,0
1424,23,44,W,L,0
1424,23,44,W,T,0
1424,23,44,W,R,0
1425,23,45,N,L,0
1425,23,45,N,T,1
1425,23,45,N,R,0
1425,23,45,E,L,0
1425,23,45,E,T,2
1425,23,45,E,R,0
1425,23,45,S,L,0
1425,23,45,S,T,0
1425,23,45,S,R,0
1425,23,45,W,L,0
1425,23,45,W,T,0
1425,23,45,W,R,0
1426,23,46,N,L,0
1426,23,46,N,T,0
1426,23,46,N,R,0
1426,23,46,E,L,0
1426,23,46,E,T,0
1426,23,46,E,R,0
1426,23,46,S,L,0
1426,23,46,S,T,0
1426,23,46,S,R,0
1426,23,46,W,L,0
1426,23,46,W,T,0
1426,23,46,W,R,0
1427,23,47,N,L,1
1427,23,47,N,T,1
1427,23,47,N,R,0
1427,23,47,E,L,0
1427,23,47,E,T,1
1427,23,47,E,R,0
1427,23,47,S,L,0
1427,23,47,S,T,2
1427,23,47,S,R,0
1427,23,47,W,L,0
1427,23,47,W,T,0
1427,23,47,W,R,0
1428,23,48,N,L,0
1428,23,48,N,T,0
1428,23,48,N,R,0
1428,23,48,E,L,0
1428,23,48,E,T,0
1428,23,48,E,R,0
1428,23,48,S,L,0
1428,23,48,S,T,0
1428,23,48,S,R,0
1428,23,48,W,L,0
1428,23,48,W,T,0
1428,23,48,W,R,0
1429,23,49,N,L,0
1429,23,49,N,T,0
1429,23,49,N,R,0
1429,23,49,E,L,0
1429,23,49,E,T,0
1429,23,49,E,R,0
1429,23,49,S,L,0
1429,23,49,S,T,0
1429,23,49,S,R,0
1429,23,49,W,L,0
1429,23,49,W,T,0
1429,23,49,W,R,0
1430,23,50,N,L,0
1430,23,50,N,T,0
1430,23,50,N,R,0
1430,23,50,E,L,0
1430,23,50,E,T,0
1430,23,50,E,R,0
1430,23,50,S,L,0
1430,23,50,S,T,1
1430,23,50,S,R,0
1430,23,50,W,L,0
1430,23,50,W,T,0
1430,23,50,W,R,0
1431,23,51,N,L,0
1431,23,51,N,T,1
1431,23,51,N,R,0
1431,23,51,E,L,1
1431,23,51,E,T,0
1431,23,51,E,R,0
1431,23,51,S,L,0
1431,23,51,S,T,0
1431,23,51,S,R,0
1431,23,51,W,L,1
1431,23,51,W,T,0
1431,23,51,W,R,0
1432,23,52,N,L,0
1432,23,52,N,T,0
1432,23,52,N,R,0
1432,23,52,E,L,1
1432,23,52,E,T,0
1432,23,52,E,R,0
1432,23,52,S,L,0
1432,23,52,S,T,0
1432,23,52,S,R,0
1432,23,52,W,L,0
1432,23,52,W,T,0
1432,23,52,W,R,0
1433,23,53,N,L,0
1433,23,53,N,T,0
1433,23,53,N,R,0
1433,23,53,E,L,0
1433,23,53,E,T,0
1433,23,53,E,R,0
1433,23,53,S,L,0
1433,23,53,S,T,0
1433,23,53,S,R,0
1433,23,53,W,L,0
1433,23,53,W,T,0
1433,23,53,W,R,0
1434,23,54,N,L,1
1434,23,54,N,T,0
1434,23,54,N,R,0
1434,23,54,E,L,0
1434,23,54,E,T,0
1434,23,54,E,R,0
1434,23,54,S,L,0
1434,23,54,S,T,1
1434,23,54,S,R,0
1434,23,54,W,L,0
1434,23,54,W,T,1
1434,23,54,W,R,0
1435,23,55,N,L,0
1435,23,55,N,T,0
1435,23,55,N,R,0
1435,23,55,E,L,1
1435,23,55,E,T,0
1435,23,55,E,R,0
1435,23,55,S,L,0
1435,23,55,S,T,0
1435,23,55,S,R,0
1435,23,55,W,L,0
1435,23,55,W,T,0
1435,23,55,W,R,0
1436,23,56,N,L,0
1436,23,56,N,T,0
1436,23,56,N,R,0
1436,23,56,E,L,0
1436,23,56,E,T,0
1436,23,56,E,R,0
1436,23,56,S,L,0
1436,23,56,S,T,0
1436,23,56,S,R,0
1436,23,56,W,L,0
1436,23,56,W,T,1
1436,23,56,W,R,0
1437,23,57,N,L,0
1437,23,57,N,T,0
1437,23,57,N,R,0
1437,23,57,E,L,0
1437,23,57,E,T,0
1437,23,57,E,R,1
1437,23,57,S,L,0
1437,23,57,S,T,1
1437,23,57,S,R,0
1437,23,57,W,L,0
1437,23,57,W,T,0
1437,23,57,W,R,0
1438,23,58,N,L,0
1438,23,58,N,T,0
1438,23,58,N,R,0
1438,23,58,E,L,0
1438,23,58,E,T,1
1438,23,58,E,R,0
1438,23,58,S,L,0
1438,23,58,S,T,0
1438,23,58,S,R,0
1438,23,58,W,L,0
1438,23,58,W,T,0
1438,23,58,W,R,0
1439,23,59,N,L,0
1439,23,59,N,T,0
1439,23,59,N,R,0
1439,23,59,E,L,0
1439,23,59,E,T,1
1439,23,59,E,R,0
1439,23,59,S,L,0
1439,23,59,S,T,0
1439,23,59,S,R,0
1439,23,59,W,L,0
1439,23,59,W,T,1
1439,23,59,W,R,0
1440,24,00,N,L,0
1440,24,00,N,T,0
1440,24,00,N,R,0
1440,24,00,E,L,0
1440,24,00,E,T,0
1440,24,00,E,R,0
1440,24,00,S,L,0
1440,24,00,S,T,0
1440,24,00,S,R,0
1440,24,00,W,L,0
1440,24,00,W,T,0
1440,24,00,W,R,1
1441,24,01,N,L,0
1441,24,01,N,T,0
1441,24,01,N,R,0
1441,24,01,E,L,0
1441,24,01,E,T,0
1441,24,01,E,R,0
1441,24,01,S,L,0
1441,24,01,S,T,1
1441,24,01,S,R,0
1441,24,01,W,L,0
1441,24,01,W,T,0
1441,24,01,W,R,0
1442,24,02,N,L,0
1442,24,02,N,T,0
1442,24,02,N,R,0
1442,24,02,E,L,0
1442,24,02,E,T,0
1442,24,02,E,R,0
1442,24,02,S,L,1
1442,24,02,S,T,0
1442,24,02,S,R,1
1442,24,02,W,L,0
1442,24,02,W,T,1
1442,24,02,W,R,0
1443,24,03,N,L,0
1443,24,03,N,T,0
1443,24,03,N,R,0
1443,24,03,E,L,0
1443,24,03,E,T,1
1443,24,03,E,R,0
1443,24,03,S,L,0
1443,24,03,S,T,0
1443,24,03,S,R,0
1443,24,03,W,L,0
1443,24,03,W,T,0
1443,24,03,W,R,0
1444,24,04,N,L,0
1444,24,04,N,T,0
1444,24,04,N,R,0
1444,24,04,E,L,0
1444,24,04,E,T,0
1444,24,04,E,R,0
1444,24,04,S,L,0
1444,24,04,S,T,0
1444,24,04,S,R,0
1444,24,04,W,L,0
1444,24,04,W,T,0
1444,24,04,W,R,0
1445,24,05,N,L,0
1445,24,05,N,T,2
1445,24,05,N,R,0
1445,24,05,E,L,0
1445,24,05,E,T,0
1445,24,05,E,R,0
1445,24,05,S,L,0
1445,24,05,S,T,0
1445,24,05,S,R,0
1445,24,05,W,L,0
1445,24,05,W,T,1
1445,24,05,W,R,0
1446,24,06,N,L,0
1446,24,06,N,T,2
1446,24,06,N,R,0
1446,24,06,E,L,0
1446,24,06,E,T,1
1446,24,06,E,R,0
1446,24,06,S,L,0
1446,24,06,S,T,0
1446,24,06,S,R,0
1446,24,06,W,L,0
1446,24,06,W,T,2
1446,24,06,W,R,0
1447,24,07,N,L,0
1447,24,07,N,T,0
1447,24,07,N,R,0
1447,24,07,E,L,1
1447,24,07,E,T,1
1447,24,07,E,R,0
1447,24,07,S,L,0
1447,24,07,S,T,0
1447,24,07,S,R,0
1447,24,07,W,L,0
1447,24,07,W,T,0
1447,24,07,W,R,0
1448,24,08,N,L,0
1448,24,08,N,T,1
1448,24,08,N,R,0
1448,24,08,E,L,0
1448,24,08,E,T,0
1448,24,08,E,R,0
1448,24,08,S,L,0
1448,24,08,S,T,0
1448,24,08,S,R,0
1448,24,08,W,L,0
1448,24,08,W,T,0
1448,24,08,W,R,0
1449,24,09,N,L,0
1449,24,09,N,T,1
1449,24,09,N,R,0
1449,24,09,E,L,0
1449,24,09,E,T,0
1449,24,09,E,R,0
1449,24,09,S,L,0
1449,24,09,S,T,0
1449,24,09,S,R,0
1449,24,09,W,L,0
1449,24,09,W,T,0
1449,24,09,W,R,0
1450,24,10,N,L,0
1450,24,10,N,T,1
1450,24,10,N,R,0
1450,24,10,E,L,0
1450,24,10,E,T,3
1450,24,10,E,R,0
1450,24,10,S,L,0
1450,24,10,S,T,1
1450,24,10,S,R,0
1450,24,10,W,L,1
1450,24,10,W,T,0
1450,24,10,W,R,0
1451,24,11,N,L,0
1451,24,11,N,T,0
1451,24,11,N,R,0
1451,24,11,E,L,0
1451,24,11,E,T,1
1451,24,11,E,R,0
1451,24,11,S,L,0
1451,24,11,S,T,1
1451,24,11,S,R,0
1451,24,11,W,L,0
1451,24,11,W,T,0
1451,24,11,W,R,0
1452,24,12,N,L,0
1452,24,12,N,T,0
1452,24,12,N,R,0
1452,24,12,E,L,0
1452,24,12,E,T,1
1452,24,12,E,R,0
1452,24,12,S,L,0
1452,24,12,S,T,0
1452,24,12,S,R,0
1452,24,12,W,L,0
1452,24,12,W,T,0
1452,24,12,W,R,0
1453,24,13,N,L,0
1453,24,13,N,T,1
1453,24,13,N,R,1
1453,24,13,E,L,0
1453,24,13,E,T,1
1453,24,13,E,R,0
1453,24,13,S,L,1
1453,24,13,S,T,0
1453,24,13,S,R,0
1453,24,13,W,L,0
1453,24,13,W,T,1
1453,24,13,W,R,0
1454,24,14,N,L,0
1454,24,14,N,T,0
1454,24,14,N,R,0
1454,24,14,E,L,0
1454,24,14,E,T,0
1454,24,14,E,R,0
1454,24,14,S,L,0
1454,24,14,S,T,0
1454,24,14,S,R,0
1454,24,14,W,L,0
1454,24,14,W,T,1
1454,24,14,W,R,0
1455,24,15,N,L,0
1455,24,15,N,T,1
1455,24,15,N,R,0
1455,24,15,E,L,0
1455,24,15,E,T,0
1455,24,15,E,R,0
1455,24,15,S,L,0
1455,24,15,S,T,0
1455,24,15,S,R,0
1455,24,15,W,L,0
1455,24,15,W,T,0
1455,24,15,W,R,0
1456,24,16,N,L,0
1456,24,16,N,T,0
1456,24,16,N,R,0
1456,24,16,E,L,0
1456,24,16,E,T,0
1456,24,16,E,R,0
1456,24,16,S,L,0
1456,24,16,S,T,0
1456,24,16,S,R,0
1456,24,16,W,L,0
1456,24,16,W,T,1
1456,24,16,W,R,0
1457,24,17,N,L,0
1457,24,17,N,T,0
1457,24,17,N,R,0
1457,24,17,E,L,0
1457,24,17,E,T,0
1457,24,17,E,R,0
1457,24,17,S,L,0
1457,24,17,S,T,0
1457,24,17,S,R,0
1457,24,17,W,L,0
1457,24,17,W,T,0
1457,24,17,W,R,0
1458,24,18,N,L,1
1458,24,18,N,T,0
1458,24,18,N,R,0
1458,24,18,E,L,0
1458,24,18,E,T,0
1458,24,18,E,R,0
1458,24,18,S,L,0
1458,24,18,S,T,0
1458,24,18,S,R,0
1458,24,18,W,L,0
1458,24,18,W,T,0
1458,24,18,W,R,0
1459,24,19,N,L,0
1459,24,19,N,T,1
1459,24,19,N,R,0
1459,24,19,E,L,0
1459,24,19,E,T,0
1459,24,19,E,R,0
1459,24,19,S,L,0
1459,24,19,S,T,0
1459,24,19,S,R,0
1459,24,19,W,L,0
1459,24,19,W,T,0
1459,24,19,W,R,0
1460,24,20,N,L,0
1460,24,20,N,T,0
1460,24,20,N,R,0
1460,24,20,E,L,0
1460,24,20,E,T,0
1460,24,20,E,R,0
1460,24,20,S,L,0
1460,24,20,S,T,0
1460,24,20,S,R,0
1460,24,20,W,L,0
1460,24,20,W,T,0
1460,24,20,W,R,1
1461,24,21,N,L,0
1461,24,21,N,T,0
1461,24,21,N,R,0
1461,24,21,E,L,1
1461,24,21,E,T,0
1461,24,21,E,R,0
1461,24,21,S,L,0
1461,24,21,S,T,0
1461,24,21,S,R,1
1461,24,21,W,L,0
1461,24,21,W,T,0
1461,24,21,W,R,0
1462,24,22,N,L,0
1462,24,22,N,T,0
1462,24,22,N,R,0
1462,24,22,E,L,0
1462,24,22,E,T,0
1462,24,22,E,R,0
1462,24,22,S,L,0
1462,24,22,S,T,0
1462,24,22,S,R,0
1462,24,22,W,L,0
1462,24,22,W,T,0
1462,24,22,W,R,0
1463,24,23,N,L,0
1463,24,23,N,T,1
1463,24,23,N,R,0
1463,24,23,E,L,0
1463,24,23,E,T,0
1463,24,23,E,R,0
1463,24,23,S,L,0
1463,24,23,S,T,2
1463,24,23,S,R,0
1463,24,23,W,L,0
1463,24,23,W,T,0
1463,24,23,W,R,0
1464,24,24,N,L,0
1464,24,24,N,T,1
1464,24,24,N,R,0
1464,24,24,E,L,0
1464,24,24,E,T,0
1464,24,24,E,R,0
1464,24,24,S,L,0
1464,24,24,S,T,1
1464,24,24,S,R,0
1464,24,24,W,L,0
1464,24,24,W,T,0
1464,24,24,W,R,0
1465,24,25,N,L,0
1465,24,25,N,T,0
1465,24,25,N,R,0
1465,24,25,E,L,0
1465,24,25,E,T,0
1465,24,25,E,R,0
1465,24,25,S,L,0
1465,24,25,S,T,1
1465,24,25,S,R,0
1465,24,25,W,L,0
1465,24,25,W,T,0
1465,24,25,W,R,0
1466,24,26,N,L,0
1466,24,26,N,T,0
1466,24,26,N,R,0
1466,24,26,E,L,0
1466,24,26,E,T,0
1466,24,26,E,R,0
1466,24,26,S,L,0
1466,24,26,S,T,0
1466,24,26,S,R,0
1466,24,26,W,L,0
1466,24,26,W,T,1
1466,24,26,W,R,0
1467,24,27,N,L,0
1467,24,27,N,T,0
1467,24,27,N,R,0
1467,24,27,E,L,0
1467,24,27,E,T,1
1467,24,27,E,R,0
1467,24,27,S,L,0
1467,24,27,S,T,0
1467,24,27,S,R,0
1467,24,27,W,L,0
1467,24,27,W,T,1
1467,24,27,W,R,0
1468,24,28,N,L,0
1468,24,28,N,T,0
1468,24,28,N,R,0
1468,24,28,E,L,0
1468,24,28,E,T,0
1468,24,28,E,R,0
1468,24,28,S,L,0
1468,24,28,S,T,0
1468,24,28,S,R,0
1468,24,28,W,L,0
1468,24,28,W,T,0
1468,24,28,W,R,0
1469,24,29,N,L,0
1469,24,29,N,T,0
1469,24,29,N,R,0
1469,24,29,E,L,0
1469,24,29,E,T,0
1469,24,29,E,R,0
1469,24,29,S,L,0
1469,24,29,S,T,0
1469,24,29,S,R,0
1469,24,29,W,L,0
1469,24,29,W,T,0
1469,24,29,W,R,0
1470,24,30,N,L,0
1470,24,30,N,T,0
1470,24,30,N,R,0
1470,24,30,E,L,0
1470,24,30,E,T,0
1470,24,30,E,R,0
1470,24,30,S,L,0
1470,24,30,S,T,0
1470,24,30,S,R,0
1470,24,30,W,L,1
1470,24,30,W,T,0
1470,24,30,W,R,0
1471,24,31,N,L,0
1471,24,31,N,T,0
1471,24,31,N,R,0
1471,24,31,E,L,0
1471,24,31,E,T,0
1471,24,31,E,R,0
1471,24,31,S,L,0
1471,24,31,S,T,0
1471,24,31,S,R,0
1471,24,31,W,L,0
1471,24,31,W,T,1
1471,24,31,W,R,0
1472,24,32,N,L,0
1472,24,32,N,T,0
1472,24,32,N,R,0
1472,24,32,E,L,0
1472,24,32,E,T,0
1472,24,32,E,R,0
1472,24,32,S,L,0
1472,24,32,S,T,0
1472,24,32,S,R,0
1472,24,32,W,L,0
1472,24,32,W,T,1
1472,24,32,W,R,0
1473,24,33,N,L,0
1473,24,33,N,T,0
1473,24,33,N,R,0
1473,24,33,E,L,0
1473,24,33,E,T,0
1473,24,33,E,R,0
1473,24,33,S,L,1
1473,24,33,S,T,0
1473,24,33,S,R,0
1473,24,33,W,L,0
1473,24,33,W,T,0
1473,24,33,W,R,0
1474,24,34,N,L,0
1474,24,34,N,T,2
1474,24,34,N,R,0
1474,24,34,E,L,1
1474,24,34,E,T,2
1474,24,34,E,R,0
1474,24,34,S,L,0
1474,24,34,S,T,0
1474,24,34,S,R,0
1474,24,34,W,L,0
1474,24,34,W,T,0
1474,24,34,W,R,0
1475,24,35,N,L,1
1475,24,35,N,T,0
1475,24,35,N,R,0
1475,24,35,E,L,0
1475,24,35,E,T,0
1475,24,35,E,R,0
1475,24,35,S,L,0
1475,24,35,S,T,0
1475,24,35,S,R,0
1475,24,35,W,L,0
1475,24,35,W,T,1
1475,24,35,W,R,0
1476,24,36,N,L,0
1476,24,36,N,T,0
1476,24,36,N,R,0
1476,24,36,E,L,0
1476,24,36,E,T,0
1476,24,36,E,R,0
1476,24,36,S,L,0
1476,24,36,S,T,1
1476,24,36,S,R,0
1476,24,36,W,L,0
1476,24,36,W,T,0
1476,24,36,W,R,0
1477,24,37,N,L,1
1477,24,37,N,T,0
1477,24,37,N,R,0
1477,24,37,E,L,0
1477,24,37,E,T,0
1477,24,37,E,R,0
1477,24,37,S,L,0
1477,24,37,S,T,1
1477,24,37,S,R,0
1477,24,37,W,L,0
1477,24,37,W,T,0
1477,24,37,W,R,0
1478,24,38,N,L,0
1478,24,38,N,T,1
1478,24,38,N,R,0
1478,24,38,E,L,0
1478,24,38,E,T,0
1478,24,38,E,R,0
1478,24,38,S,L,0
1478,24,38,S,T,0
1478,24,38,S,R,0
1478,24,38,W,L,0
1478,24,38,W,T,0
1478,24,38,W,R,0
1479,24,39,N,L,0
1479,24,39,N,T,0
1479,24,39,N,R,2
1479,24,39,E,L,0
1479,24,39,E,T,0
1479,24,39,E,R,0
1479,24,39,S,L,0
1479,24,39,S,T,0
1479,24,39,S,R,0
1479,24,39,W,L,0
1479,24,39,W,T,0
1479,24,39,W,R,0
1480,24,40,N,L,0
1480,24,40,N,T,0
1480,24,40,N,R,0
1480,24,40,E,L,0
1480,24,40,E,T,0
1480,24,40,E,R,0
1480,24,40,S,L,0
1480,24,40,S,T,0
1480,24,40,S,R,0
1480,24,40,W,L,0
1480,24,40,W,T,0
1480,24,40,W,R,0
1481,24,41,N,L,0
1481,24,41,N,T,0
1481,24,41,N,R,0
1481,24,41,E,L,0
1481,24,41,E,T,1
1481,24,41,E,R,0
1481,24,41,S,L,0
1481,24,41,S,T,0
1481,24,41,S,R,1
1481,24,41,W,L,0
1481,24,41,W,T,0
1481,24,41,W,R,0
1482,24,42,N,L,0
1482,24,42,N,T,2
1482,24,42,N,R,0
1482,24,42,E,L,0
1482,24,42,E,T,0
1482,24,42,E,R,0
1482,24,42,S,L,0
1482,24,42,S,T,0
1482,24,42,S,R,1
1482,24,42,W,L,0
1482,24,42,W,T,1
1482,24,42,W,R,1
1483,24,43,N,L,0
1483,24,43,N,T,0
1483,24,43,N,R,0
1483,24,43,E,L,0
1483,24,43,E,T,0
1483,24,43,E,R,0
1483,24,43,S,L,0
1483,24,43,S,T,1
1483,24,43,S,R,1
1483,24,43,W,L,0
1483,24,43,W,T,0
1483,24,43,W,R,0
1484,24,44,N,L,0
1484,24,44,N,T,0
1484,24,44,N,R,0
1484,24,44,E,L,0
1484,24,44,E,T,0
1484,24,44,E,R,0
1484,24,44,S,L,0
1484,24,44,S,T,0
1484,24,44,S,R,0
1484,24,44,W,L,0
1484,24,44,W,T,0
1484,24,44,W,R,0
1485,24,45,N,L,0
1485,24,45,N,T,1
1485,24,45,N,R,0
1485,24,45,E,L,0
1485,24,45,E,T,0
1485,24,45,E,R,0
1485,24,45,S,L,0
1485,24,45,S,T,1
1485,24,45,S,R,0
1485,24,45,W,L,0
1485,24,45,W,T,1
1485,24,45,W,R,0
1486,24,46,N,L,0
1486,24,46,N,T,0
1486,24,46,N,R,0
1486,24,46,E,L,0
1486,24,46,E,T,1
1486,24,46,E,R,0
1486,24,46,S,L,0
1486,24,46,S,T,1
1486,24,46,S,R,0
1486,24,46,W,L,0
1486,24,46,W,T,0
1486,24,46,W,R,0
1487,24,47,N,L,0
1487,24,47,N,T,0
1487,24,47,N,R,0
1487,24,47,E,L,0
1487,24,47,E,T,0
1487,24,47,E,R,0
1487,24,47,S,L,0
1487,24,47,S,T,0
1487,24,47,S,R,0
1487,24,47,W,L,0
1487,24,47,W,T,0
1487,24,47,W,R,0
1488,24,48,N,L,1
1488,24,48,N,T,1
1488,24,48,N,R,0
1488,24,48,E,L,1
1488,24,48,E,T,0
1488,24,48,E,R,0
1488,24,48,S,L,0
1488,24,48,S,T,0
1488,24,48,S,R,0
1488,24,48,W,L,0
1488,24,48,W,T,0
1488,24,48,W,R,0
1489,24,49,N,L,0
1489,24,49,N,T,0
1489,24,49,N,R,0
1489,24,49,E,L,0
1489,24,49,E,T,0
1489,24,49,E,R,0
1489,24,49,S,L,0
1489,24,49,S,T,0
1489,24,49,S,R,0
1489,24,49,W,L,0
1489,24,49,W,T,0
1489,24,49,W,R,0
1490,24,50,N,L,0
1490,24,50,N,T,2
1490,24,50,N,R,0
1490,24,50,E,L,0
1490,24,50,E,T,0
1490,24,50,E,R,0
1490,24,50,S,L,0
1490,24,50,S,T,1
1490,24,50,S,R,0
1490,24,50,W,L,0
1490,24,50,W,T,0
1490,24,50,W,R,0
1491,24,51,N,L,0
1491,24,51,N,T,0
1491,24,51,N,R,0
1491,24,51,E,L,0
1491,24,51,E,T,1
1491,24,51,E,R,0
1491,24,51,S,L,0
1491,24,51,S,T,1
1491,24,51,S,R,0
1491,24,51,W,L,0
1491,24,51,W,T,0
1491,24,51,W,R,0
1492,24,52,N,L,0
1492,24,52,N,T,0
1492,24,52,N,R,1
1492,24,52,E,L,0
1492,24,52,E,T,0
1492,24,52,E,R,0
1492,24,52,S,L,0
1492,24,52,S,T,0
1492,24,52,S,R,0
1492,24,52,W,L,0
1492,24,52,W,T,0
1492,24,52,W,R,0
1493,24,53,N,L,0
1493,24,53,N,T,0
1493,24,53,N,R,0
1493,24,53,E,L,0
1493,24,53,E,T,0
1493,24,53,E,R,0
1493,24,53,S,L,0
1493,24,53,S,T,0
1493,24,53,S,R,0
1493,24,53,W,L,0
1493,24,53,W,T,1
1493,24,53,W,R,0
1494,24,54,N,L,0
1494,24,54,N,T,0
1494,24,54,N,R,0
1494,24,54,E,L,0
1494,24,54,E,T,0
1494,24,54,E,R,0
1494,24,54,S,L,0
1494,24,54,S,T,0
1494,24,54,S,R,0
1494,24,54,W,L,0
1494,24,54,W,T,0
1494,24,54,W,R,0
1495,24,55,N,L,0
1495,24,55,N,T,1
1495,24,55,N,R,0
1495,24,55,E,L,0
1495,24,55,E,T,0
1495,24,55,E,R,0
1495,24,55,S,L,0
1495,24,55,S,T,0
1495,24,55,S,R,0
1495,24,55,W,L,0
1495,24,55,W,T,0
1495,24,55,W,R,0
1496,24,56,N,L,0
1496,24,56,N,T,0
1496,24,56,N,R,0
1496,24,56,E,L,0
1496,24,56,E,T,0
1496,24,56,E,R,0
1496,24,56,S,L,0
1496,24,56,S,T,0
1496,24,56,S,R,0
1496,24,56,W,L,0
1496,24,56,W,T,0
1496,24,56,W,R,0
1497,24,57,N,L,0
1497,24,57,N,T,0
1497,24,57,N,R,0
1497,24,57,E,L,0
1497,24,57,E,T,0
1497,24,57,E,R,0
1497,24,57,S,L,0
1497,24,57,S,T,0
1497,24,57,S,R,0
1497,24,57,W,L,0
1497,24,57,W,T,0
1497,24,57,W,R,0
1498,24,58,N,L,0
1498,24,58,N,T,0
1498,24,58,N,R,0
1498,24,58,E,L,0
1498,24,58,E,T,0
1498,24,58,E,R,1
1498,24,58,S,L,0
1498,24,58,S,T,1
1498,24,58,S,R,0
1498,24,58,W,L,0
1498,24,58,W,T,0
1498,24,58,W,R,0
1499,24,59,N,L,0
1499,24,59,N,T,1
1499,24,59,N,R,0
1499,24,59,E,L,1
1499,24,59,E,T,0
1499,24,59,E,R,0
1499,24,59,S,L,0
1499,24,59,S,T,0
1499,24,59,S,R,0
1499,24,59,W,L,0
1499,24,59,W,T,0
1499,24,59,W,R,1
1500,25,00,N,L,0
1500,25,00,N,T,0
1500,25,00,N,R,0
1500,25,00,E,L,0
1500,25,00,E,T,0
1500,25,00,E,R,0
1500,25,00,S,L,0
1500,25,00,S,T,0
1500,25,00,S,R,0
1500,25,00,W,L,0
1500,25,00,W,T,1
1500,25,00,W,R,0
1501,25,01,N,L,0
1501,25,01,N,T,0
1501,25,01,N,R,0
1501,25,01,E,L,0
1501,25,01,E,T,1
1501,25,01,E,R,0
1501,25,01,S,L,0
1501,25,01,S,T,1
1501,25,01,S,R,0
1501,25,01,W,L,0
1501,25,01,W,T,0
1501,25,01,W,R,0
1502,25,02,N,L,0
1502,25,02,N,T,0
1502,25,02,N,R,0
1502,25,02,E,L,0
1502,25,02,E,T,0
1502,25,02,E,R,0
1502,25,02,S,L,0
1502,25,02,S,T,0
1502,25,02,S,R,0
1502,25,02,W,L,0
1502,25,02,W,T,0
1502,25,02,W,R,0
1503,25,03,N,L,0
1503,25,03,N,T,1
1503,25,03,N,R,0
1503,25,03,E,L,0
1503,25,03,E,T,0
1503,25,03,E,R,0
1503,25,03,S,L,0
1503,25,03,S,T,1
1503,25,03,S,R,0
1503,25,03,W,L,0
1503,25,03,W,T,0
1503,25,03,W,R,0
1504,25,04,N,L,0
1504,25,04,N,T,0
1504,25,04,N,R,0
1504,25,04,E,L,0
1504,25,04,E,T,0
1504,25,04,E,R,0
1504,25,04,S,L,0
1504,25,04,S,T,0
1504,25,04,S,R,0
1504,25,04,W,L,0
1504,25,04,W,T,0
1504,25,04,W,R,0
1505,25,05,N,L,0
1505,25,05,N,T,0
1505,25,05,N,R,0
1505,25,05,E,L,0
1505,25,05,E,T,0
1505,25,05,E,R,0
1505,25,05,S,L,1
1505,25,05,S,T,0
1505,25,05,S,R,0
1505,25,05,W,L,0
1505,25,05,W,T,0
1505,25,05,W,R,0
1506,25,06,N,L,0
1506,25,06,N,T,0
1506,25,06,N,R,0
1506,25,06,E,L,0
1506,25,06,E,T,0
1506,25,06,E,R,0
1506,25,06,S,L,0
1506,25,06,S,T,1
1506,25,06,S,R,0
1506,25,06,W,L,0
1506,25,06,W,T,0
1506,25,06,W,R,0
1507,25,07,N,L,0
1507,25,07,N,T,1
1507,25,07,N,R,1
1507,25,07,E,L,0
1507,25,07,E,T,0
1507,25,07,E,R,0
1507,25,07,S,L,0
1507,25,07,S,T,0
1507,25,07,S,R,1
1507,25,07,W,L,0
1507,25,07,W,T,0
1507,25,07,W,R,0
1508,25,08,N,L,0
1508,25,08,N,T,0
1508,25,08,N,R,0
1508,25,08,E,L,0
1508,25,08,E,T,0
1508,25,08,E,R,0
1508,25,08,S,L,0
1508,25,08,S,T,0
1508,25,08,S,R,2
1508,25,08,W,L,0
1508,25,08,W,T,0
1508,25,08,W,R,0
1509,25,09,N,L,0
1509,25,09,N,T,0
1509,25,09,N,R,0
1509,25,09,E,L,0
1509,25,09,E,T,0
1509,25,09,E,R,0
1509,25,09,S,L,0
1509,25,09,S,T,0
1509,25,09,S,R,0
1509,25,09,W,L,0
1509,25,09,W,T,0
1509,25,09,W,R,1
1510,25,10,N,L,0
1510,25,10,N,T,0
1510,25,10,N,R,0
1510,25,10,E,L,0
1510,25,10,E,T,0
1510,25,10,E,R,0
1510,25,10,S,L,0
1510,25,10,S,T,0
1510,25,10,S,R,0
1510,25,10,W,L,0
1510,25,10,W,T,0
1510,25,10,W,R,0
1511,25,11,N,L,0
1511,25,11,N,T,1
1511,25,11,N,R,0
1511,25,11,E,L,0
1511,25,11,E,T,0
1511,25,11,E,R,0
1511,25,11,S,L,1
1511,25,11,S,T,0
1511,25,11,S,R,0
1511,25,11,W,L,0
1511,25,11,W,T,0
1511,25,11,W,R,0
1512,25,12,N,L,0
1512,25,12,N,T,0
1512,25,12,N,R,0
1512,25,12,E,L,0
1512,25,12,E,T,0
1512,25,12,E,R,1
1512,25,12,S,L,0
1512,25,12,S,T,0
1512,25,12,S,R,0
1512,25,12,W,L,0
1512,25,12,W,T,1
1512,25,12,W,R,0
1513,25,13,N,L,0
1513,25,13,N,T,1
1513,25,13,N,R,0
1513,25,13,E,L,0
1513,25,13,E,T,0
1513,25,13,E,R,0
1513,25,13,S,L,0
1513,25,13,S,T,0
1513,25,13,S,R,0
1513,25,13,W,L,1
1513,25,13,W,T,0
1513,25,13,W,R,0
1514,25,14,N,L,0
1514,25,14,N,T,0
1514,25,14,N,R,0
1514,25,14,E,L,0
1514,25,14,E,T,0
1514,25,14,E,R,0
1514,25,14,S,L,0
1514,25,14,S,T,0
1514,25,14,S,R,0
1514,25,14,W,L,0
1514,25,14,W,T,1
1514,25,14,W,R,0
1515,25,15,N,L,0
1515,25,15,N,T,1
1515,25,15,N,R,0
1515,25,15,E,L,0
1515,25,15,E,T,1
1515,25,15,E,R,0
1515,25,15,S,L,0
1515,25,15,S,T,0
1515,25,15,S,R,0
1515,25,15,W,L,0
1515,25,15,W,T,0
1515,25,15,W,R,0
1516,25,16,N,L,0
1516,25,16,N,T,1
1516,25,16,N,R,0
1516,25,16,E,L,0
1516,25,16,E,T,0
1516,25,16,E,R,1
1516,25,16,S,L,0
1516,25,16,S,T,0
1516,25,16,S,R,0
1516,25,16,W,L,0
1516,25,16,W,T,0
1516,25,16,W,R,0
1517,25,17,N,L,0
1517,25,17,N,T,0
1517,25,17,N,R,0
1517,25,17,E,L,0
1517,25,17,E,T,2
1517,25,17,E,R,0
1517,25,17,S,L,0
1517,25,17,S,T,0
1517,25,17,S,R,0
1517,25,17,W,L,0
1517,25,17,W,T,0
1517,25,17,W,R,0
1518,25,18,N,L,0
1518,25,18,N,T,0
1518,25,18,N,R,0
1518,25,18,E,L,0
1518,25,18,E,T,0
1518,25,18,E,R,0
1518,25,18,S,L,0
1518,25,18,S,T,0
1518,25,18,S,R,0
1518,25,18,W,L,0
1518,25,18,W,T,0
1518,25,18,W,R,0
1519,25,19,N,L,0
1519,25,19,N,T,0
1519,25,19,N,R,0
1519,25,19,E,L,0
1519,25,19,E,T,0
1519,25,19,E,R,0
1519,25,19,S,L,0
1519,25,19,S,T,0
1519,25,19,S,R,0
1519,25,19,W,L,0
1519,25,19,W,T,0
1519,25,19,W,R,0
1520,25,20,N,L,0
1520,25,20,N,T,0
1520,25,20,N,R,0
1520,25,20,E,L,1
1520,25,20,E,T,1
1520,25,20,E,R,0
1520,25,20,S,L,0
1520,25,20,S,T,1
1520,25,20,S,R,0
1520,25,20,W,L,0
1520,25,20,W,T,0
1520,25,20,W,R,0
1521,25,21,N,L,0
1521,25,21,N,T,0
1521,25,21,N,R,0
1521,25,21,E,L,0
1521,25,21,E,T,0
1521,25,21,E,R,0
1521,25,21,S,L,0
1521,25,21,S,T,0
1521,25,21,S,R,0
1521,25,21,W,L,0
1521,25,21,W,T,0
1521,25,21,W,R,0
1522,25,22,N,L,0
1522,25,22,N,T,0
1522,25,22,N,R,0
1522,25,22,E,L,0
1522,25,22,E,T,0
1522,25,22,E,R,0
1522,25,22,S,L,0
1522,25,22,S,T,0
1522,25,22,S,R,0
1522,25,22,W,L,0
1522,25,22,W,T,0
1522,25,22,W,R,0
1523,25,23,N,L,0
1523,25,23,N,T,0
1523,25,23,N,R,0
1523,25,23,E,L,0
1523,25,23,E,T,1
1523,25,23,E,R,0
1523,25,23,S,L,0
1523,25,23,S,T,0
1523,25,23,S,R,0
1523,25,23,W,L,0
1523,25,23,W,T,1
1523,25,23,W,R,0
1524,25,24,N,L,0
1524,25,24,N,T,0
1524,25,24,N,R,0
1524,25,24,E,L,0
1524,25,24,E,T,0
1524,25,24,E,R,0
1524,25,24,S,L,0
1524,25,24,S,T,0
1524,25,24,S,R,0
1524,25,24,W,L,0
1524,25,24,W,T,0
1524,25,24,W,R,0
1525,25,25,N,L,0
1525,25,25,N,T,0
1525,25,25,N,R,0
1525,25,25,E,L,0
1525,25,25,E,T,0
1525,25,25,E,R,0
1525,25,25,S,L,0
1525,25,25,S,T,0
1525,25,25,S,R,0
1525,25,25,W,L,1
1525,25,25,W,T,1
1525,25,25,W,R,0
1526,25,26,N,L,0
1526,25,26,N,T,0
1526,25,26,N,R,0
1526,25,26,E,L,0
1526,25,26,E,T,0
1526,25,26,E,R,0
1526,25,26,S,L,0
1526,25,26,S,T,0
1526,25,26,S,R,0
1526,25,26,W,L,0
1526,25,26,W,T,0
1526,25,26,W,R,0
1527,25,27,N,L,0
1527,25,27,N,T,0
1527,25,27,N,R,0
1527,25,27,E,L,0
1527,25,27,E,T,0
1527,25,27,E,R,0
1527,25,27,S,L,0
1527,25,27,S,T,0
1527,25,27,S,R,0
1527,25,27,W,L,0
1527,25,27,W,T,0
1527,25,27,W,R,0
1528,25,28,N,L,0
1528,25,28,N,T,0
1528,25,28,N,R,0
1528,25,28,E,L,0
1528,25,28,E,T,0
1528,25,28,E,R,0
1528,25,28,S,L,0
1528,25,28,S,T,0
1528,25,28,S,R,0
1528,25,28,W,L,0
1528,25,28,W,T,1
1528,25,28,W,R,0
1529,25,29,N,L,0
1529,25,29,N,T,0
1529,25,29,N,R,0
1529,25,29,E,L,0
1529,25,29,E,T,0
1529,25,29,E,R,0
1529,25,29,S,L,0
1529,25,29,S,T,1
1529,25,29,S,R,0
1529,25,29,W,L,0
1529,25,29,W,T,0
1529,25,29,W,R,0
1530,25,30,N,L,0
1530,25,30,N,T,0
1530,25,30,N,R,0
1530,25,30,E,L,0
1530,25,30,E,T,0
1530,25,30,E,R,0
1530,25,30,S,L,0
1530,25,30,S,T,0
1530,25,30,S,R,0
1530,25,30,W,L,0
1530,25,30,W,T,0
1530,25,30,W,R,0
1531,25,31,N,L,0
1531,25,31,N,T,0
1531,25,31,N,R,0
1531,25,31,E,L,0
1531,25,31,E,T,1
1531,25,31,E,R,0
1531,25,31,S,L,1
1531,25,31,S,T,0
1531,25,31,S,R,0
1531,25,31,W,L,0
1531,25,31,W,T,0
1531,25,31,W,R,0
1532,25,32,N,L,0
1532,25,32,N,T,0
1532,25,32,N,R,0
1532,25,32,E,L,1
1532,25,32,E,T,1
1532,25,32,E,R,0
1532,25,32,S,L,0
1532,25,32,S,T,0
1532,25,32,S,R,0
1532,25,32,W,L,0
1532,25,32,W,T,0
1532,25,32,W,R,0
1533,25,33,N,L,0
1533,25,33,N,T,0
1533,25,33,N,R,0
1533,25,33,E,L,0
1533,25,33,E,T,1
1533,25,33,E,R,0
1533,25,33,S,L,0
1533,25,33,S,T,1
1533,25,33,S,R,0
1533,25,33,W,L,0
1533,25,33,W,T,0
1533,25,33,W,R,0
1534,25,34,N,L,0
1534,25,34,N,T,0
1534,25,34,N,R,0
1534,25,34,E,L,0
1534,25,34,E,T,1
1534,25,34,E,R,0
1534,25,34,S,L,0
1534,25,34,S,T,0
1534,25,34,S,R,0
1534,25,34,W,L,0
1534,25,34,W,T,0
1534,25,34,W,R,0
1535,25,35,N,L,0
1535,25,35,N,T,3
1535,25,35,N,R,1
1535,25,35,E,L,0
1535,25,35,E,T,0
1535,25,35,E,R,0
1535,25,35,S,L,2
1535,25,35,S,T,0
1535,25,35,S,R,0
1535,25,35,W,L,0
1535,25,35,W,T,1
1535,25,35,W,R,0
1536,25,36,N,L,0
1536,25,36,N,T,1
1536,25,36,N,R,1
1536,25,36,E,L,0
1536,25,36,E,T,0
1536,25,36,E,R,0
1536,25,36,S,L,0
1536,25,36,S,T,0
1536,25,36,S,R,0
1536,25,36,W,L,0
1536,25,36,W,T,0
1536,25,36,W,R,0
1537,25,37,N,L,0
1537,25,37,N,T,0
1537,25,37,N,R,0
1537,25,37,E,L,0
1537,25,37,E,T,0
1537,25,37,E,R,0
1537,25,37,S,L,0
1537,25,37,S,T,1
1537,25,37,S,R,0
1537,25,37,W,L,0
1537,25,37,W,T,1
1537,25,37,W,R,0
1538,25,38,N,L,0
1538,25,38,N,T,0
1538,25,38,N,R,0
1538,25,38,E,L,0
1538,25,38,E,T,1
1538,25,38,E,R,0
1538,25,38,S,L,0
1538,25,38,S,T,0
1538,25,38,S,R,0
1538,25,38,W,L,0
1538,25,38,W,T,0
1538,25,38,W,R,0
1539,25,39,N,L,0
1539,25,39,N,T,0
1539,25,39,N,R,0
1539,25,39,E,L,0
1539,25,39,E,T,0
1539,25,39,E,R,0
1539,25,39,S,L,0
1539,25,39,S,T,1
1539,25,39,S,R,0
1539,25,39,W,L,1
1539,25,39,W,T,1
1539,25,39,W,R,0
1540,25,40,N,L,0
1540,25,40,N,T,0
1540,25,40,N,R,0
1540,25,40,E,L,0
1540,25,40,E,T,0
1540,25,40,E,R,0
1540,25,40,S,L,0
1540,25,40,S,T,1
1540,25,40,S,R,1
1540,25,40,W,L,0
1540,25,40,W,T,0
1540,25,40,W,R,0
1541,25,41,N,L,0
1541,25,41,N,T,0
1541,25,41,N,R,0
1541,25,41,E,L,0
1541,25,41,E,T,0
1541,25,41,E,R,0
1541,25,41,S,L,0
1541,25,41,S,T,0
1541,25,41,S,R,0
1541,25,41,W,L,0
1541,25,41,W,T,0
1541,25,41,W,R,0
1542,25,42,N,L,0
1542,25,42,N,T,0
1542,25,42,N,R,0
1542,25,42,E,L,0
1542,25,42,E,T,1
1542,25,42,E,R,0
1542,25,42,S,L,0
1542,25,42,S,T,0
1542,25,42,S,R,0
1542,25,42,W,L,0
1542,25,42,W,T,0
1542,25,42,W,R,0
1543,25,43,N,L,0
1543,25,43,N,T,0
1543,25,43,N,R,0
1543,25,43,E,L,0
1543,25,43,E,T,0
1543,25,43,E,R,0
1543,25,43,S,L,0
1543,25,43,S,T,0
1543,25,43,S,R,0
1543,25,43,W,L,0
1543,25,43,W,T,0
1543,25,43,W,R,0
1544,25,44,N,L,0
1544,25,44,N,T,0
1544,25,44,N,R,0
1544,25,44,E,L,0
1544,25,44,E,T,1
1544,25,44,E,R,0
1544,25,44,S,L,0
1544,25,44,S,T,0
1544,25,44,S,R,0
1544,25,44,W,L,0
1544,25,44,W,T,0
1544,25,44,W,R,0
1545,25,45,N,L,0
1545,25,45,N,T,0
1545,25,45,N,R,0
1545,25,45,E,L,0
1545,25,45,E,T,0
1545,25,45,E,R,0
1545,25,45,S,L,0
1545,25,45,S,T,3
1545,25,45,S,R,0
1545,25,45,W,L,0
1545,25,45,W,T,0
1545,25,45,W,R,0
1546,25,46,N,L,0
1546,25,46,N,T,0
1546,25,46,N,R,0
1546,25,46,E,L,0
1546,25,46,E,T,1
1546,25,46,E,R,0
1546,25,46,S,L,0
1546,25,46,S,T,0
1546,25,46,S,R,0
1546,25,46,W,L,0
1546,25,46,W,T,0
1546,25,46,W,R,0
1547,25,47,N,L,0
1547,25,47,N,T,0
1547,25,47,N,R,0
1547,25,47,E,L,0
1547,25,47,E,T,1
1547,25,47,E,R,0
1547,25,47,S,L,0
1547,25,47,S,T,0
1547,25,47,S,R,2
1547,25,47,W,L,0
1547,25,47,W,T,0
1547,25,47,W,R,0
1548,25,48,N,L,0
1548,25,48,N,T,0
1548,25,48,N,R,0
1548,25,48,E,L,0
1548,25,48,E,T,0
1548,25,48,E,R,0
1548,25,48,S,L,0
1548,25,48,S,T,0
1548,25,48,S,R,0
1548,25,48,W,L,0
1548,25,48,W,T,0
1548,25,48,W,R,0
1549,25,49,N,L,0
1549,25,49,N,T,0
1549,25,49,N,R,0
1549,25,49,E,L,0
1549,25,49,E,T,0
1549,25,49,E,R,0
1549,25,49,S,L,0
1549,25,49,S,T,0
1549,25,49,S,R,0
1549,25,49,W,L,0
1549,25,49,W,T,0
1549,25,49,W,R,0
1550,25,50,N,L,0
1550,25,50,N,T,0
1550,25,50,N,R,0
1550,25,50,E,L,0
1550,25,50,E,T,1
1550,25,50,E,R,0
1550,25,50,S,L,0
1550,25,50,S,T,1
1550,25,50,S,R,0
1550,25,50,W,L,0
1550,25,50,W,T,0
1550,25,50,W,R,0
1551,25,51,N,L,0
1551,25,51,N,T,0
1551,25,51,N,R,0
1551,25,51,E,L,0
1551,25,51,E,T,0
1551,25,51,E,R,0
1551,25,51,S,L,0
1551,25,51,S,T,0
1551,25,51,S,R,0
1551,25,51,W,L,0
1551,25,51,W,T,1
1551,25,51,W,R,0
1552,25,52,N,L,1
1552,25,52,N,T,0
1552,25,52,N,R,0
1552,25,52,E,L,0
1552,25,52,E,T,1
1552,25,52,E,R,0
1552,25,52,S,L,1
1552,25,52,S,T,0
1552,25,52,S,R,0
1552,25,52,W,L,1
1552,25,52,W,T,0
1552,25,52,W,R,0
1553,25,53,N,L,0
1553,25,53,N,T,1
1553,25,53,N,R,0
1553,25,53,E,L,0
1553,25,53,E,T,0
1553,25,53,E,R,0
1553,25,53,S,L,0
1553,25,53,S,T,0
1553,25,53,S,R,0
1553,25,53,W,L,0
1553,25,53,W,T,1
1553,25,53,W,R,0
1554,25,54,N,L,1
1554,25,54,N,T,0
1554,25,54,N,R,0
1554,25,54,E,L,1
1554,25,54,E,T,0
1554,25,54,E,R,0
1554,25,54,S,L,0
1554,25,54,S,T,1
1554,25,54,S,R,0
1554,25,54,W,L,0
1554,25,54,W,T,0
1554,25,54,W,R,0
1555,25,55,N,L,0
1555,25,55,N,T,0
1555,25,55,N,R,0
1555,25,55,E,L,0
1555,25,55,E,T,0
1555,25,55,E,R,0
1555,25,55,S,L,0
1555,25,55,S,T,1
1555,25,55,S,R,0
1555,25,55,W,L,0
1555,25,55,W,T,0
1555,25,55,W,R,0
1556,25,56,N,L,0
1556,25,56,N,T,0
1556,25,56,N,R,1
1556,25,56,E,L,0
1556,25,56,E,T,2
1556,25,56,E,R,0
1556,25,56,S,L,0
1556,25,56,S,T,0
1556,25,56,S,R,0
1556,25,56,W,L,0
1556,25,56,W,T,0
1556,25,56,W,R,0
1557,25,57,N,L,0
1557,25,57,N,T,0
1557,25,57,N,R,0
1557,25,57,E,L,0
1557,25,57,E,T,0
1557,25,57,E,R,0
1557,25,57,S,L,1
1557,25,57,S,T,0
1557,25,57,S,R,0
1557,25,57,W,L,0
1557,25,57,W,T,0
1557,25,57,W,R,0
1558,25,58,N,L,0
1558,25,58,N,T,0
1558,25,58,N,R,0
1558,25,58,E,L,0
1558,25,58,E,T,0
1558,25,58,E,R,0
1558,25,58,S,L,0
1558,25,58,S,T,2
1558,25,58,S,R,0
1558,25,58,W,L,0
1558,25,58,W,T,0
1558,25,58,W,R,0
1559,25,59,N,L,0
1559,25,59,N,T,1
1559,25,59,N,R,0
1559,25,59,E,L,0
1559,25,59,E,T,0
1559,25,59,E,R,0
1559,25,59,S,L,0
1559,25,59,S,T,1
1559,25,59,S,R,0
1559,25,59,W,L,0
1559,25,59,W,T,0
1559,25,59,W,R,0
1560,26,00,N,L,0
1560,26,00,N,T,2
1560,26,00,N,R,0
1560,26,00,E,L,0
1560,26,00,E,T,0
1560,26,00,E,R,0
1560,26,00,S,L,0
1560,26,00,S,T,0
1560,26,00,S,R,1
1560,26,00,W,L,0
1560,26,00,W,T,0
1560,26,00,W,R,0
1561,26,01,N,L,0
1561,26,01,N,T,2
1561,26,01,N,R,0
1561,26,01,E,L,0
1561,26,01,E,T,1
1561,26,01,E,R,0
1561,26,01,S,L,0
1561,26,01,S,T,0
1561,26,01,S,R,0
1561,26,01,W,L,0
1561,26,01,W,T,0
1561,26,01,W,R,0
1562,26,02,N,L,0
1562,26,02,N,T,0
1562,26,02,N,R,0
1562,26,02,E,L,0
1562,26,02,E,T,3
1562,26,02,E,R,0
1562,26,02,S,L,0
1562,26,02,S,T,0
1562,26,02,S,R,0
1562,26,02,W,L,0
1562,26,02,W,T,0
1562,26,02,W,R,0
1563,26,03,N,L,0
1563,26,03,N,T,1
1563,26,03,N,R,0
1563,26,03,E,L,0
1563,26,03,E,T,0
1563,26,03,E,R,0
1563,26,03,S,L,0
1563,26,03,S,T,1
1563,26,03,S,R,0
1563,26,03,W,L,0
1563,26,03,W,T,1
1563,26,03,W,R,0
1564,26,04,N,L,0
1564,26,04,N,T,1
1564,26,04,N,R,0
1564,26,04,E,L,0
1564,26,04,E,T,0
1564,26,04,E,R,0
1564,26,04,S,L,0
1564,26,04,S,T,0
1564,26,04,S,R,0
1564,26,04,W,L,0
1564,26,04,W,T,0
1564,26,04,W,R,0
1565,26,05,N,L,0
1565,26,05,N,T,0
1565,26,05,N,R,0
1565,26,05,E,L,0
1565,26,05,E,T,0
1565,26,05,E,R,0
1565,26,05,S,L,0
1565,26,05,S,T,0
1565,26,05,S,R,0
1565,26,05,W,L,0
1565,26,05,W,T,0
1565,26,05,W,R,0
1566,26,06,N,L,0
1566,26,06,N,T,1
1566,26,06,N,R,0
1566,26,06,E,L,0
1566,26,06,E,T,0
1566,26,06,E,R,0
1566,26,06,S,L,0
1566,26,06,S,T,0
1566,26,06,S,R,0
1566,26,06,W,L,0
1566,26,06,W,T,0
1566,26,06,W,R,0
1567,26,07,N,L,0
1567,26,07,N,T,0
1567,26,07,N,R,0
1567,26,07,E,L,0
1567,26,07,E,T,0
1567,26,07,E,R,0
1567,26,07,S,L,0
1567,26,07,S,T,0
1567,26,07,S,R,0
1567,26,07,W,L,0
1567,26,07,W,T,0
1567,26,07,W,R,0
1568,26,08,N,L,0
1568,26,08,N,T,0
1568,26,08,N,R,0
1568,26,08,E,L,0
1568,26,08,E,T,1
1568,26,08,E,R,0
1568,26,08,S,L,0
1568,26,08,S,T,0
1568,26,08,S,R,0
1568,26,08,W,L,0
1568,26,08,W,T,0
1568,26,08,W,R,0
1569,26,09,N,L,0
1569,26,09,N,T,0
1569,26,09,N,R,0
1569,26,09,E,L,0
1569,26,09,E,T,0
1569,26,09,E,R,0
1569,26,09,S,L,0
1569,26,09,S,T,1
1569,26,09,S,R,0
1569,26,09,W,L,0
1569,26,09,W,T,0
1569,26,09,W,R,0
1570,26,10,N,L,0
1570,26,10,N,T,1
1570,26,10,N,R,0
1570,26,10,E,L,0
1570,26,10,E,T,0
1570,26,10,E,R,0
1570,26,10,S,L,0
1570,26,10,S,T,0
1570,26,10,S,R,0
1570,26,10,W,L,0
1570,26,10,W,T,0
1570,26,10,W,R,0
1571,26,11,N,L,0
1571,26,11,N,T,0
1571,26,11,N,R,0
1571,26,11,E,L,0
1571,26,11,E,T,0
1571,26,11,E,R,0
1571,26,11,S,L,0
1571,26,11,S,T,1
1571,26,11,S,R,0
1571,26,11,W,L,0
1571,26,11,W,T,0
1571,26,11,W,R,0
1572,26,12,N,L,0
1572,26,12,N,T,0
1572,26,12,N,R,0
1572,26,12,E,L,0
1572,26,12,E,T,0
1572,26,12,E,R,0
1572,26,12,S,L,1
1572,26,12,S,T,1
1572,26,12,S,R,0
1572,26,12,W,L,0
1572,26,12,W,T,0
1572,26,12,W,R,0
1573,26,13,N,L,0
1573,26,13,N,T,1
1573,26,13,N,R,0
1573,26,13,E,L,0
1573,26,13,E,T,0
1573,26,13,E,R,0
1573,26,13,S,L,0
1573,26,13,S,T,2
1573,26,13,S,R,0
1573,26,13,W,L,0
1573,26,13,W,T,0
1573,26,13,W,R,0
1574,26,14,N,L,0
1574,26,14,N,T,0
1574,26,14,N,R,0
1574,26,14,E,L,0
1574,26,14,E,T,0
1574,26,14,E,R,0
1574,26,14,S,L,0
1574,26,14,S,T,0
1574,26,14,S,R,0
1574,26,14,W,L,0
1574,26,14,W,T,0
1574,26,14,W,R,0
1575,26,15,N,L,0
1575,26,15,N,T,0
1575,26,15,N,R,0
1575,26,15,E,L,0
1575,26,15,E,T,2
1575,26,15,E,R,0
1575,26,15,S,L,0
1575,26,15,S,T,0
1575,26,15,S,R,0
1575,26,15,W,L,0
1575,26,15,W,T,0
1575,26,15,W,R,0
1576,26,16,N,L,0
1576,26,16,N,T,1
1576,26,16,N,R,0
1576,26,16,E,L,0
1576,26,16,E,T,0
1576,26,16,E,R,0
1576,26,16,S,L,0
1576,26,16,S,T,0
1576,26,16,S,R,0
1576,26,16,W,L,0
1576,26,16,W,T,0
1576,26,16,W,R,0
1577,26,17,N,L,0
1577,26,17,N,T,0
1577,26,17,N,R,1
1577,26,17,E,L,0
1577,26,17,E,T,0
1577,26,17,E,R,0
1577,26,17,S,L,0
1577,26,17,S,T,0
1577,26,17,S,R,0
1577,26,17,W,L,0
1577,26,17,W,T,0
1577,26,17,W,R,0
1578,26,18,N,L,0
1578,26,18,N,T,1
1578,26,18,N,R,0
1578,26,18,E,L,0
1578,26,18,E,T,0
1578,26,18,E,R,0
1578,26,18,S,L,0
1578,26,18,S,T,1
1578,26,18,S,R,0
1578,26,18,W,L,1
1578,26,18,W,T,0
1578,26,18,W,R,0
1579,26,19,N,L,0
1579,26,19,N,T,0
1579,26,19,N,R,0
1579,26,19,E,L,0
1579,26,19,E,T,0
1579,26,19,E,R,0
1579,26,19,S,L,0
1579,26,19,S,T,0
1579,26,19,S,R,0
1579,26,19,W,L,0
1579,26,19,W,T,0
1579,26,19,W,R,0
1580,26,20,N,L,0
1580,26,20,N,T,0
1580,26,20,N,R,0
1580,26,20,E,L,0
1580,26,20,E,T,0
1580,26,20,E,R,1
1580,26,20,S,L,0
1580,26,20,S,T,1
1580,26,20,S,R,0
1580,26,20,W,L,0
1580,26,20,W,T,0
1580,26,20,W,R,0
1581,26,21,N,L,0
1581,26,21,N,T,1
1581,26,21,N,R,0
1581,26,21,E,L,0
1581,26,21,E,T,0
1581,26,21,E,R,0
1581,26,21,S,L,0
1581,26,21,S,T,1
1581,26,21,S,R,0
1581,26,21,W,L,0
1581,26,21,W,T,0
1581,26,21,W,R,0
1582,26,22,N,L,0
1582,26,22,N,T,1
1582,26,22,N,R,0
1582,26,22,E,L,0
1582,26,22,E,T,0
1582,26,22,E,R,0
1582,26,22,S,L,0
1582,26,22,S,T,0
1582,26,22,S,R,0
1582,26,22,W,L,0
1582,26,22,W,T,0
1582,26,22,W,R,0
1583,26,23,N,L,0
1583,26,23,N,T,0
1583,26,23,N,R,0
1583,26,23,E,L,0
1583,26,23,E,T,0
1583,26,23,E,R,0
1583,26,23,S,L,0
1583,26,23,S,T,1
1583,26,23,S,R,0
1583,26,23,W,L,0
1583,26,23,W,T,1
1583,26,23,W,R,0
1584,26,24,N,L,0
1584,26,24,N,T,0
1584,26,24,N,R,0
1584,26,24,E,L,0
1584,26,24,E,T,1
1584,26,24,E,R,0
1584,26,24,S,L,0
1584,26,24,S,T,0
1584,26,24,S,R,0
1584,26,24,W,L,0
1584,26,24,W,T,0
1584,26,24,W,R,0
1585,26,25,N,L,0
1585,26,25,N,T,0
1585,26,25,N,R,0
1585,26,25,E,L,0
1585,26,25,E,T,1
1585,26,25,E,R,0
1585,26,25,S,L,0
1585,26,25,S,T,0
1585,26,25,S,R,0
1585,26,25,W,L,0
1585,26,25,W,T,2
1585,26,25,W,R,0
1586,26,26,N,L,0
1586,26,26,N,T,0
1586,26,26,N,R,0
1586,26,26,E,L,0
1586,26,26,E,T,0
1586,26,26,E,R,0
1586,26,26,S,L,0
1586,26,26,S,T,1
1586,26,26,S,R,0
1586,26,26,W,L,0
1586,26,26,W,T,1
1586,26,26,W,R,0
1587,26,27,N,L,0
1587,26,27,N,T,0
1587,26,27,N,R,0
1587,26,27,E,L,0
1587,26,27,E,T,0
1587,26,27,E,R,0
1587,26,27,S,L,0
1587,26,27,S,T,2
1587,26,27,S,R,0
1587,26,27,W,L,0
1587,26,27,W,T,0
1587,26,27,W,R,0
1588,26,28,N,L,0
1588,26,28,N,T,0
1588,26,28,N,R,0
1588,26,28,E,L,0
1588,26,28,E,T,1
1588,26,28,E,R,1
1588,26,28,S,L,0
1588,26,28,S,T,0
1588,26,28,S,R,0
1588,26,28,W,L,0
1588,26,28,W,T,0
1588,26,28,W,R,0
1589,26,29,N,L,0
1589,26,29,N,T,0
1589,26,29,N,R,0
1589,26,29,E,L,0
1589,26,29,E,T,0
1589,26,29,E,R,0
1589,26,29,S,L,0
1589,26,29,S,T,0
1589,26,29,S,R,0
1589,26,29,W,L,0
1589,26,29,W,T,0
1589,26,29,W,R,0
1590,26,30,N,L,0
1590,26,30,N,T,0
1590,26,30,N,R,0
1590,26,30,E,L,0
1590,26,30,E,T,0
1590,26,30,E,R,0
1590,26,30,S,L,0
1590,26,30,S,T,0
1590,26,30,S,R,0
1590,26,30,W,L,0
1590,26,30,W,T,0
1590,26,30,W,R,0
1591,26,31,N,L,0
1591,26,31,N,T,0
1591,26,31,N,R,0
1591,26,31,E,L,0
1591,26,31,E,T,0
1591,26,31,E,R,0
1591,26,31,S,L,1
1591,26,31,S,T,0
1591,26,31,S,R,0
1591,26,31,W,L,0
1591,26,31,W,T,0
1591,26,31,W,R,0
1592,26,32,N,L,0
1592,26,32,N,T,0
1592,26,32,N,R,0
1592,26,32,E,L,0
1592,26,32,E,T,1
1592,26,32,E,R,0
1592,26,32,S,L,0
1592,26,32,S,T,0
1592,26,32,S,R,0
1592,26,32,W,L,0
1592,26,32,W,T,0
1592,26,32,W,R,0
1593,26,33,N,L,0
1593,26,33,N,T,2
1593,26,33,N,R,0
1593,26,33,E,L,0
1593,26,33,E,T,0
1593,26,33,E,R,0
1593,26,33,S,L,0
1593,26,33,S,T,0
1593,26,33,S,R,1
1593,26,33,W,L,1
1593,26,33,W,T,0
1593,26,33,W,R,0
1594,26,34,N,L,0
1594,26,34,N,T,0
1594,26,34,N,R,0
1594,26,34,E,L,0
1594,26,34,E,T,0
1594,26,34,E,R,0
1594,26,34,S,L,0
1594,26,34,S,T,1
1594,26,34,S,R,0
1594,26,34,W,L,0
1594,26,34,W,T,0
1594,26,34,W,R,0
1595,26,35,N,L,0
1595,26,35,N,T,0
1595,26,35,N,R,0
1595,26,35,E,L,0
1595,26,35,E,T,0
1595,26,35,E,R,0
1595,26,35,S,L,0
1595,26,35,S,T,1
1595,26,35,S,R,0
1595,26,35,W,L,0
1595,26,35,W,T,0
1595,26,35,W,R,0
1596,26,36,N,L,0
1596,26,36,N,T,0
1596,26,36,N,R,0
1596,26,36,E,L,1
1596,26,36,E,T,1
1596,26,36,E,R,0
1596,26,36,S,L,0
1596,26,36,S,T,1
1596,26,36,S,R,0
1596,26,36,W,L,0
1596,26,36,W,T,0
1596,26,36,W,R,0
1597,26,37,N,L,0
1597,26,37,N,T,0
1597,26,37,N,R,0
1597,26,37,E,L,0
1597,26,37,E,T,1
1597,26,37,E,R,0
1597,26,37,S,L,0
1597,26,37,S,T,0
1597,26,37,S,R,0
1597,26,37,W,L,0
1597,26,37,W,T,0
1597,26,37,W,R,0
1598,26,38,N,L,0
1598,26,38,N,T,0
1598,26,38,N,R,0
1598,26,38,E,L,0
1598,26,38,E,T,0
1598,26,38,E,R,0
1598,26,38,S,L,0
1598,26,38,S,T,0
1598,26,38,S,R,0
1598,26,38,W,L,0
1598,26,38,W,T,0
1598,26,38,W,R,0
1599,26,39,N,L,0
1599,26,39,N,T,0
1599,26,39,N,R,0
1599,26,39,E,L,0
1599,26,39,E,T,2
1599,26,39,E,R,0
1599,26,39,S,L,0
1599,26,39,S,T,0
1599,26,39,S,R,1
1599,26,39,W,L,0
1599,26,39,W,T,0
1599,26,39,W,R,0
1600,26,40,N,L,0
1600,26,40,N,T,1
1600,26,40,N,R,0
1600,26,40,E,L,0
1600,26,40,E,T,0
1600,26,40,E,R,0
1600,26,40,S,L,0
1600,26,40,S,T,1
1600,26,40,S,R,0
1600,26,40,W,L,0
1600,26,40,W,T,0
1600,26,40,W,R,0
1601,26,41,N,L,0
1601,26,41,N,T,0
1601,26,41,N,R,0
1601,26,41,E,L,0
1601,26,41,E,T,0
1601,26,41,E,R,0
1601,26,41,S,L,0
1601,26,41,S,T,0
1601,26,41,S,R,0
1601,26,41,W,L,0
1601,26,41,W,T,0
1601,26,41,W,R,0
1602,26,42,N,L,0
1602,26,42,N,T,0
1602,26,42,N,R,0
1602,26,42,E,L,0
1602,26,42,E,T,1
1602,26,42,E,R,0
1602,26,42,S,L,0
1602,26,42,S,T,0
1602,26,42,S,R,0
1602,26,42,W,L,0
1602,26,42,W,T,0
1602,26,42,W,R,0
1603,26,43,N,L,0
1603,26,43,N,T,0
1603,26,43,N,R,0
1603,26,43,E,L,0
1603,26,43,E,T,0
1603,26,43,E,R,0
1603,26,43,S,L,0
1603,26,43,S,T,0
1603,26,43,S,R,0
1603,26,43,W,L,0
1603,26,43,W,T,0
1603,26,43,W,R,0
1604,26,44,N,L,0
1604,26,44,N,T,1
1604,26,44,N,R,0
1604,26,44,E,L,0
1604,26,44,E,T,0
1604,26,44,E,R,0
1604,26,44,S,L,0
1604,26,44,S,T,0
1604,26,44,S,R,0
1604,26,44,W,L,0
1604,26,44,W,T,1
1604,26,44,W,R,0
1605,26,45,N,L,0
1605,26,45,N,T,0
1605,26,45,N,R,0
1605,26,45,E,L,0
1605,26,45,E,T,0
1605,26,45,E,R,0
1605,26,45,S,L,0
1605,26,45,S,T,1
1605,26,45,S,R,0
1605,26,45,W,L,0
1605,26,45,W,T,1
1605,26,45,W,R,0
1606,26,46,N,L,0
1606,26,46,N,T,1
1606,26,46,N,R,0
1606,26,46,E,L,0
1606,26,46,E,T,0
1606,26,46,E,R,0
1606,26,46,S,L,0
1606,26,46,S,T,0
1606,26,46,S,R,0
1606,26,46,W,L,0
1606,26,46,W,T,0
1606,26,46,W,R,0
1607,26,47,N,L,0
1607,26,47,N,T,0
1607,26,47,N,R,0
1607,26,47,E,L,0
1607,26,47,E,T,1
1607,26,47,E,R,0
1607,26,47,S,L,0
1607,26,47,S,T,1
1607,26,47,S,R,0
1607,26,47,W,L,0
1607,26,47,W,T,0
1607,26,47,W,R,0
1608,26,48,N,L,0
1608,26,48,N,T,0
1608,26,48,N,R,0
1608,26,48,E,L,0
1608,26,48,E,T,0
1608,26,48,E,R,0
1608,26,48,S,L,0
1608,26,48,S,T,0
1608,26,48,S,R,0
1608,26,48,W,L,0
1608,26,48,W,T,0
1608,26,48,W,R,0
1609,26,49,N,L,0
1609,26,49,N,T,0
1609,26,49,N,R,0
1609,26,49,E,L,0
1609,26,49,E,T,0
1609,26,49,E,R,0
1609,26,49,S,L,0
1609,26,49,S,T,0
1609,26,49,S,R,1
1609,26,49,W,L,0
1609,26,49,W,T,0
1609,26,49,W,R,0
1610,26,50,N,L,1
1610,26,50,N,T,0
1610,26,50,N,R,0
1610,26,50,E,L,0
1610,26,50,E,T,0
1610,26,50,E,R,0
1610,26,50,S,L,1
1610,26,50,S,T,0
1610,26,50,S,R,1
1610,26,50,W,L,0
1610,26,50,W,T,0
1610,26,50,W,R,0
1611,26,51,N,L,0
1611,26,51,N,T,1
1611,26,51,N,R,0
1611,26,51,E,L,0
1611,26,51,E,T,0
1611,26,51,E,R,0
1611,26,51,S,L,0
1611,26,51,S,T,0
1611,26,51,S,R,1
1611,26,51,W,L,0
1611,26,51,W,T,0
1611,26,51,W,R,0
1612,26,52,N,L,0
1612,26,52,N,T,0
1612,26,52,N,R,0
1612,26,52,E,L,0
1612,26,52,E,T,0
1612,26,52,E,R,0
1612,26,52,S,L,0
1612,26,52,S,T,0
1612,26,52,S,R,0
1612,26,52,W,L,0
1612,26,52,W,T,0
1612,26,52,W,R,0
1613,26,53,N,L,0
1613,26,53,N,T,0
1613,26,53,N,R,0
1613,26,53,E,L,0
1613,26,53,E,T,0
1613,26,53,E,R,0
1613,26,53,S,L,0
1613,26,53,S,T,1
1613,26,53,S,R,0
1613,26,53,W,L,0
1613,26,53,W,T,0
1613,26,53,W,R,0
1614,26,54,N,L,0
1614,26,54,N,T,1
1614,26,54,N,R,0
1614,26,54,E,L,0
1614,26,54,E,T,1
1614,26,54,E,R,0
1614,26,54,S,L,0
1614,26,54,S,T,0
1614,26,54,S,R,0
1614,26,54,W,L,0
1614,26,54,W,T,0
1614,26,54,W,R,0
1615,26,55,N,L,0
1615,26,55,N,T,1
1615,26,55,N,R,1
1615,26,55,E,L,0
1615,26,55,E,T,0
1615,26,55,E,R,0
1615,26,55,S,L,0
1615,26,55,S,T,0
1615,26,55,S,R,0
1615,26,55,W,L,0
1615,26,55,W,T,0
1615,26,55,W,R,0
1616,26,56,N,L,0
1616,26,56,N,T,0
1616,26,56,N,R,0
1616,26,56,E,L,0
1616,26,56,E,T,0
1616,26,56,E,R,0
1616,26,56,S,L,0
1616,26,56,S,T,0
1616,26,56,S,R,0
1616,26,56,W,L,0
1616,26,56,W,T,0
1616,26,56,W,R,0
1617,26,57,N,L,0
1617,26,57,N,T,1
1617,26,57,N,R,0
1617,26,57,E,L,0
1617,26,57,E,T,0
1617,26,57,E,R,0
1617,26,57,S,L,0
1617,26,57,S,T,0
1617,26,57,S,R,0
1617,26,57,W,L,0
1617,26,57,W,T,0
1617,26,57,W,R,0
1618,26,58,N,L,0
1618,26,58,N,T,0
1618,26,58,N,R,0
1618,26,58,E,L,0
1618,26,58,E,T,0
1618,26,58,E,R,0
1618,26,58,S,L,0
1618,26,58,S,T,1
1618,26,58,S,R,0
1618,26,58,W,L,1
1618,26,58,W,T,0
1618,26,58,W,R,0
1619,26,59,N,L,0
1619,26,59,N,T,0
1619,26,59,N,R,0
1619,26,59,E,L,0
1619,26,59,E,T,0
1619,26,59,E,R,0
1619,26,59,S,L,0
1619,26,59,S,T,0
1619,26,59,S,R,0
1619,26,59,W,L,0
1619,26,59,W,T,0
1619,26,59,W,R,0
1620,27,00,N,L,0
1620,27,00,N,T,0
1620,27,00,N,R,0
1620,27,00,E,L,0
1620,27,00,E,T,0
1620,27,00,E,R,0
1620,27,00,S,L,0
1620,27,00,S,T,0
1620,27,00,S,R,0
1620,27,00,W,L,0
1620,27,00,W,T,0
1620,27,00,W,R,0
1621,27,01,N,L,0
1621,27,01,N,T,0
1621,27,01,N,R,0
1621,27,01,E,L,0
1621,27,01,E,T,0
1621,27,01,E,R,0
1621,27,01,S,L,0
1621,27,01,S,T,0
1621,27,01,S,R,0
1621,27,01,W,L,0
1621,27,01,W,T,0
1621,27,01,W,R,0
1622,27,02,N,L,0
1622,27,02,N,T,0
1622,27,02,N,R,0
1622,27,02,E,L,0
1622,27,02,E,T,0
1622,27,02,E,R,0
1622,27,02,S,L,1
1622,27,02,S,T,0
1622,27,02,S,R,0
1622,27,02,W,L,0
1622,27,02,W,T,0
1622,27,02,W,R,0
1623,27,03,N,L,0
1623,27,03,N,T,0
1623,27,03,N,R,0
1623,27,03,E,L,0
1623,27,03,E,T,0
1623,27,03,E,R,0
1623,27,03,S,L,0
1623,27,03,S,T,0
1623,27,03,S,R,0
1623,27,03,W,L,0
1623,27,03,W,T,0
1623,27,03,W,R,0
1624,27,04,N,L,0
1624,27,04,N,T,0
1624,27,04,N,R,1
1624,27,04,E,L,0
1624,27,04,E,T,0
1624,27,04,E,R,0
1624,27,04,S,L,0
1624,27,04,S,T,0
1624,27,04,S,R,0
1624,27,04,W,L,0
1624,27,04,W,T,0
1624,27,04,W,R,0
1625,27,05,N,L,0
1625,27,05,N,T,1
1625,27,05,N,R,0
1625,27,05,E,L,0
1625,27,05,E,T,1
1625,27,05,E,R,0
1625,27,05,S,L,0
1625,27,05,S,T,0
1625,27,05,S,R,0
1625,27,05,W,L,0
1625,27,05,W,T,0
1625,27,05,W,R,0
1626,27,06,N,L,0
1626,27,06,N,T,0
1626,27,06,N,R,0
1626,27,06,E,L,0
1626,27,06,E,T,0
1626,27,06,E,R,0
1626,27,06,S,L,0
1626,27,06,S,T,1
1626,27,06,S,R,1
1626,27,06,W,L,0
1626,27,06,W,T,0
1626,27,06,W,R,0
1627,27,07,N,L,0
1627,27,07,N,T,0
1627,27,07,N,R,0
1627,27,07,E,L,0
1627,27,07,E,T,0
1627,27,07,E,R,1
1627,27,07,S,L,0
1627,27,07,S,T,0
1627,27,07,S,R,1
1627,27,07,W,L,0
1627,27,07,W,T,0
1627,27,07,W,R,0
1628,27,08,N,L,0
1628,27,08,N,T,0
1628,27,08,N,R,0
1628,27,08,E,L,0
1628,27,08,E,T,0
1628,27,08,E,R,0
1628,27,08,S,L,0
1628,27,08,S,T,0
1628,27,08,S,R,0
1628,27,08,W,L,0
1628,27,08,W,T,0
1628,27,08,W,R,0
1629,27,09,N,L,0
1629,27,09,N,T,1
1629,27,09,N,R,0
1629,27,09,E,L,0
1629,27,09,E,T,1
1629,27,09,E,R,0
1629,27,09,S,L,0
1629,27,09,S,T,1
1629,27,09,S,R,0
1629,27,09,W,L,0
1629,27,09,W,T,0
1629,27,09,W,R,0
1630,27,10,N,L,0
1630,27,10,N,T,0
1630,27,10,N,R,0
1630,27,10,E,L,0
1630,27,10,E,T,0
1630,27,10,E,R,0
1630,27,10,S,L,0
1630,27,10,S,T,1
1630,27,10,S,R,1
1630,27,10,W,L,0
1630,27,10,W,T,0
1630,27,10,W,R,0
1631,27,11,N,L,0
1631,27,11,N,T,0
1631,27,11,N,R,1
1631,27,11,E,L,0
1631,27,11,E,T,0
1631,27,11,E,R,0
1631,27,11,S,L,0
1631,27,11,S,T,2
1631,27,11,S,R,0
1631,27,11,W,L,0
1631,27,11,W,T,0
1631,27,11,W,R,0
1632,27,12,N,L,0
1632,27,12,N,T,0
1632,27,12,N,R,0
1632,27,12,E,L,0
1632,27,12,E,T,0
1632,27,12,E,R,0
1632,27,12,S,L,0
1632,27,12,S,T,0
1632,27,12,S,R,0
1632,27,12,W,L,0
1632,27,12,W,T,0
1632,27,12,W,R,1
1633,27,13,N,L,0
1633,27,13,N,T,0
1633,27,13,N,R,0
1633,27,13,E,L,0
1633,27,13,E,T,0
1633,27,13,E,R,0
1633,27,13,S,L,0
1633,27,13,S,T,0
1633,27,13,S,R,0
1633,27,13,W,L,0
1633,27,13,W,T,1
1633,27,13,W,R,0
1634,27,14,N,L,0
1634,27,14,N,T,0
1634,27,14,N,R,0
1634,27,14,E,L,1
1634,27,14,E,T,0
1634,27,14,E,R,0
1634,27,14,S,L,0
1634,27,14,S,T,0
1634,27,14,S,R,0
1634,27,14,W,L,1
1634,27,14,W,T,1
1634,27,14,W,R,0
1635,27,15,N,L,0
1635,27,15,N,T,1
1635,27,15,N,R,0
1635,27,15,E,L,0
1635,27,15,E,T,0
1635,27,15,E,R,0
1635,27,15,S,L,0
1635,27,15,S,T,1
1635,27,15,S,R,1
1635,27,15,W,L,0
1635,27,15,W,T,0
1635,27,15,W,R,0
1636,27,16,N,L,0
1636,27,16,N,T,1
1636,27,16,N,R,0
1636,27,16,E,L,0
1636,27,16,E,T,0
1636,27,16,E,R,0
1636,27,16,S,L,0
1636,27,16,S,T,1
1636,27,16,S,R,0
1636,27,16,W,L,0
1636,27,16,W,T,0
1636,27,16,W,R,0
1637,27,17,N,L,0
1637,27,17,N,T,0
1637,27,17,N,R,0
1637,27,17,E,L,0
1637,27,17,E,T,0
1637,27,17,E,R,0
1637,27,17,S,L,0
1637,27,17,S,T,0
1637,27,17,S,R,0
1637,27,17,W,L,0
1637,27,17,W,T,0
1637,27,17,W,R,0
1638,27,18,N,L,0
1638,27,18,N,T,0
1638,27,18,N,R,1
1638,27,18,E,L,0
1638,27,18,E,T,0
1638,27,18,E,R,0
1638,27,18,S,L,0
1638,27,18,S,T,0
1638,27,18,S,R,0
1638,27,18,W,L,0
1638,27,18,W,T,2
1638,27,18,W,R,0
1639,27,19,N,L,0
1639,27,19,N,T,0
1639,27,19,N,R,0
1639,27,19,E,L,0
1639,27,19,E,T,0
1639,27,19,E,R,0
1639,27,19,S,L,0
1639,27,19,S,T,0
1639,27,19,S,R,0
1639,27,19,W,L,0
1639,27,19,W,T,0
1639,27,19,W,R,0
1640,27,20,N,L,0
1640,27,20,N,T,1
1640,27,20,N,R,0
1640,27,20,E,L,0
1640,27,20,E,T,0
1640,27,20,E,R,0
1640,27,20,S,L,0
1640,27,20,S,T,0
1640,27,20,S,R,0
1640,27,20,W,L,0
1640,27,20,W,T,0
1640,27,20,W,R,0
1641,27,21,N,L,0
1641,27,21,N,T,1
1641,27,21,N,R,0
1641,27,21,E,L,0
1641,27,21,E,T,0
1641,27,21,E,R,0
1641,27,21,S,L,0
1641,27,21,S,T,0
1641,27,21,S,R,0
1641,27,21,W,L,0
1641,27,21,W,T,0
1641,27,21,W,R,0
1642,27,22,N,L,1
1642,27,22,N,T,0
1642,27,22,N,R,0
1642,27,22,E,L,0
1642,27,22,E,T,0
1642,27,22,E,R,0
1642,27,22,S,L,0
1642,27,22,S,T,0
1642,27,22,S,R,0
1642,27,22,W,L,0
1642,27,22,W,T,0
1642,27,22,W,R,0
1643,27,23,N,L,0
1643,27,23,N,T,0
1643,27,23,N,R,0
1643,27,23,E,L,0
1643,27,23,E,T,0
1643,27,23,E,R,0
1643,27,23,S,L,0
1643,27,23,S,T,0
1643,27,23,S,R,0
1643,27,23,W,L,0
1643,27,23,W,T,1
1643,27,23,W,R,0
1644,27,24,N,L,0
1644,27,24,N,T,0
1644,27,24,N,R,0
1644,27,24,E,L,0
1644,27,24,E,T,1
1644,27,24,E,R,1
1644,27,24,S,L,0
1644,27,24,S,T,0
1644,27,24,S,R,0
1644,27,24,W,L,0
1644,27,24,W,T,0
1644,27,24,W,R,0
1645,27,25,N,L,0
1645,27,25,N,T,1
1645,27,25,N,R,0
1645,27,25,E,L,0
1645,27,25,E,T,1
1645,27,25,E,R,0
1645,27,25,S,L,0
1645,27,25,S,T,0
1645,27,25,S,R,0
1645,27,25,W,L,0
1645,27,25,W,T,1
1645,27,25,W,R,0
1646,27,26,N,L,0
1646,27,26,N,T,0
1646,27,26,N,R,0
1646,27,26,E,L,0
1646,27,26,E,T,0
1646,27,26,E,R,0
1646,27,26,S,L,0
1646,27,26,S,T,0
1646,27,26,S,R,0
1646,27,26,W,L,0
1646,27,26,W,T,0
1646,27,26,W,R,0
1647,27,27,N,L,0
1647,27,27,N,T,1
1647,27,27,N,R,1
1647,27,27,E,L,0
1647,27,27,E,T,0
1647,27,27,E,R,0
1647,27,27,S,L,1
1647,27,27,S,T,0
1647,27,27,S,R,0
1647,27,27,W,L,0
1647,27,27,W,T,0
1647,27,27,W,R,0
1648,27,28,N,L,0
1648,27,28,N,T,0
1648,27,28,N,R,0
1648,27,28,E,L,0
1648,27,28,E,T,0
1648,27,28,E,R,0
1648,27,28,S,L,2
1648,27,28,S,T,1
1648,27,28,S,R,0
1648,27,28,W,L,0
1648,27,28,W,T,1
1648,27,28,W,R,0
1649,27,29,N,L,0
1649,27,29,N,T,1
1649,27,29,N,R,0
1649,27,29,E,L,0
1649,27,29,E,T,0
1649,27,29,E,R,0
1649,27,29,S,L,0
1649,27,29,S,T,0
1649,27,29,S,R,0
1649,27,29,W,L,0
1649,27,29,W,T,1
1649,27,29,W,R,0
1650,27,30,N,L,1
1650,27,30,N,T,0
1650,27,30,N,R,0
1650,27,30,E,L,0
1650,27,30,E,T,0
1650,27,30,E,R,0
1650,27,30,S,L,1
1650,27,30,S,T,0
1650,27,30,S,R,0
1650,27,30,W,L,0
1650,27,30,W,T,1
1650,27,30,W,R,0
1651,27,31,N,L,0
1651,27,31,N,T,0
1651,27,31,N,R,0
1651,27,31,E,L,0
1651,27,31,E,T,0
1651,27,31,E,R,0
1651,27,31,S,L,0
1651,27,31,S,T,0
1651,27,31,S,R,0
1651,27,31,W,L,0
1651,27,31,W,T,0
1651,27,31,W,R,0
1652,27,32,N,L,0
1652,27,32,N,T,1
1652,27,32,N,R,0
1652,27,32,E,L,0
1652,27,32,E,T,0
1652,27,32,E,R,0
1652,27,32,S,L,0
1652,27,32,S,T,0
1652,27,32,S,R,0
1652,27,32,W,L,0
1652,27,32,W,T,0
1652,27,32,W,R,0
1653,27,33,N,L,1
1653,27,33,N,T,1
1653,27,33,N,R,0
1653,27,33,E,L,0
1653,27,33,E,T,0
1653,27,33,E,R,0
1653,27,33,S,L,0
1653,27,33,S,T,0
1653,27,33,S,R,0
1653,27,33,W,L,0
1653,27,33,W,T,1
1653,27,33,W,R,0
1654,27,34,N,L,0
1654,27,34,N,T,0
1654,27,34,N,R,0
1654,27,34,E,L,0
1654,27,34,E,T,1
1654,27,34,E,R,0
1654,27,34,S,L,0
1654,27,34,S,T,0
1654,27,34,S,R,0
1654,27,34,W,L,0
1654,27,34,W,T,0
1654,27,34,W,R,0
1655,27,35,N,L,0
1655,27,35,N,T,0
1655,27,35,N,R,0
1655,27,35,E,L,0
1655,27,35,E,T,0
1655,27,35,E,R,0
1655,27,35,S,L,0
1655,27,35,S,T,1
1655,27,35,S,R,0
1655,27,35,W,L,0
1655,27,35,W,T,0
1655,27,35,W,R,0
1656,27,36,N,L,0
1656,27,36,N,T,0
1656,27,36,N,R,0
1656,27,36,E,L,0
1656,27,36,E,T,0
1656,27,36,E,R,0
1656,27,36,S,L,0
1656,27,36,S,T,0
1656,27,36,S,R,0
1656,27,36,W,L,0
1656,27,36,W,T,0
1656,27,36,W,R,0
1657,27,37,N,L,0
1657,27,37,N,T,0
1657,27,37,N,R,0
1657,27,37,E,L,0
1657,27,37,E,T,0
1657,27,37,E,R,0
1657,27,37,S,L,0
1657,27,37,S,T,1
1657,27,37,S,R,0
1657,27,37,W,L,0
1657,27,37,W,T,0
1657,27,37,W,R,0
1658,27,38,N,L,0
1658,27,38,N,T,0
1658,27,38,N,R,0
1658,27,38,E,L,0
1658,27,38,E,T,0
1658,27,38,E,R,1
1658,27,38,S,L,0
1658,27,38,S,T,1
1658,27,38,S,R,0
1658,27,38,W,L,0
1658,27,38,W,T,0
1658,27,38,W,R,0
1659,27,39,N,L,0
1659,27,39,N,T,2
1659,27,39,N,R,0
1659,27,39,E,L,1
1659,27,39,E,T,0
1659,27,39,E,R,0
1659,27,39,S,L,0
1659,27,39,S,T,0
1659,27,39,S,R,0
1659,27,39,W,L,0
1659,27,39,W,T,0
1659,27,39,W,R,0
1660,27,40,N,L,0
1660,27,40,N,T,1
1660,27,40,N,R,0
1660,27,40,E,L,0
1660,27,40,E,T,0
1660,27,40,E,R,0
1660,27,40,S,L,0
1660,27,40,S,T,0
1660,27,40,S,R,0
1660,27,40,W,L,0
1660,27,40,W,T,0
1660,27,40,W,R,0
1661,27,41,N,L,0
1661,27,41,N,T,1
1661,27,41,N,R,0
1661,27,41,E,L,0
1661,27,41,E,T,0
1661,27,41,E,R,0
1661,27,41,S,L,0
1661,27,41,S,T,0
1661,27,41,S,R,0
1661,27,41,W,L,0
1661,27,41,W,T,0
1661,27,41,W,R,0
1662,27,42,N,L,1
1662,27,42,N,T,0
1662,27,42,N,R,0
1662,27,42,E,L,0
1662,27,42,E,T,0
1662,27,42,E,R,0
1662,27,42,S,L,0
1662,27,42,S,T,1
1662,27,42,S,R,0
1662,27,42,W,L,0
1662,27,42,W,T,0
1662,27,42,W,R,0
1663,27,43,N,L,0
1663,27,43,N,T,0
1663,27,43,N,R,0
1663,27,43,E,L,0
1663,27,43,E,T,0
1663,27,43,E,R,0
1663,27,43,S,L,0
1663,27,43,S,T,0
1663,27,43,S,R,0
1663,27,43,W,L,0
1663,27,43,W,T,0
1663,27,43,W,R,0
1664,27,44,N,L,0
1664,27,44,N,T,0
1664,27,44,N,R,0
1664,27,44,E,L,0
1664,27,44,E,T,0
1664,27,44,E,R,0
1664,27,44,S,L,0
1664,27,44,S,T,0
1664,27,44,S,R,0
1664,27,44,W,L,0
1664,27,44,W,T,1
1664,27,44,W,R,0
1665,27,45,N,L,0
1665,27,45,N,T,0
1665,27,45,N,R,0
1665,27,45,E,L,0
1665,27,45,E,T,1
1665,27,45,E,R,0
1665,27,45,S,L,0
1665,27,45,S,T,0
1665,27,45,S,R,0
1665,27,45,W,L,0
1665,27,45,W,T,2
1665,27,45,W,R,0
1666,27,46,N,L,0
1666,27,46,N,T,0
1666,27,46,N,R,0
1666,27,46,E,L,0
1666,27,46,E,T,0
1666,27,46,E,R,0
1666,27,46,S,L,1
1666,27,46,S,T,0
1666,27,46,S,R,0
1666,27,46,W,L,0
1666,27,46,W,T,1
1666,27,46,W,R,0
1667,27,47,N,L,0
1667,27,47,N,T,2
1667,27,47,N,R,0
1667,27,47,E,L,0
1667,27,47,E,T,2
1667,27,47,E,R,0
1667,27,47,S,L,1
1667,27,47,S,T,1
1667,27,47,S,R,0
1667,27,47,W,L,0
1667,27,47,W,T,0
1667,27,47,W,R,0
1668,27,48,N,L,0
1668,27,48,N,T,0
1668,27,48,N,R,0
1668,27,48,E,L,0
1668,27,48,E,T,0
1668,27,48,E,R,0
1668,27,48,S,L,0
1668,27,48,S,T,1
1668,27,48,S,R,0
1668,27,48,W,L,0
1668,27,48,W,T,0
1668,27,48,W,R,0
1669,27,49,N,L,0
1669,27,49,N,T,0
1669,27,49,N,R,0
1669,27,49,E,L,0
1669,27,49,E,T,0
1669,27,49,E,R,0
1669,27,49,S,L,0
1669,27,49,S,T,1
1669,27,49,S,R,0
1669,27,49,W,L,0
1669,27,49,W,T,0
1669,27,49,W,R,0
1670,27,50,N,L,0
1670,27,50,N,T,3
1670,27,50,N,R,0
1670,27,50,E,L,0
1670,27,50,E,T,0
1670,27,50,E,R,0
1670,27,50,S,L,0
1670,27,50,S,T,0
1670,27,50,S,R,0
1670,27,50,W,L,0
1670,27,50,W,T,0
1670,27,50,W,R,0
1671,27,51,N,L,0
1671,27,51,N,T,0
1671,27,51,N,R,0
1671,27,51,E,L,0
1671,27,51,E,T,1
1671,27,51,E,R,1
1671,27,51,S,L,0
1671,27,51,S,T,0
1671,27,51,S,R,0
1671,27,51,W,L,0
1671,27,51,W,T,0
1671,27,51,W,R,0
1672,27,52,N,L,0
1672,27,52,N,T,0
1672,27,52,N,R,0
1672,27,52,E,L,0
1672,27,52,E,T,0
1672,27,52,E,R,0
1672,27,52,S,L,0
1672,27,52,S,T,1
1672,27,52,S,R,0
1672,27,52,W,L,0
1672,27,52,W,T,2
1672,27,52,W,R,0
1673,27,53,N,L,0
1673,27,53,N,T,0
1673,27,53,N,R,0
1673,27,53,E,L,0
1673,27,53,E,T,2
1673,27,53,E,R,1
1673,27,53,S,L,0
1673,27,53,S,T,1
1673,27,53,S,R,0
1673,27,53,W,L,0
1673,27,53,W,T,0
1673,27,53,W,R,0
1674,27,54,N,L,0
1674,27,54,N,T,0
1674,27,54,N,R,0
1674,27,54,E,L,0
1674,27,54,E,T,0
1674,27,54,E,R,0
1674,27,54,S,L,0
1674,27,54,S,T,0
1674,27,54,S,R,0
1674,27,54,W,L,0
1674,27,54,W,T,0
1674,27,54,W,R,0
1675,27,55,N,L,0
1675,27,55,N,T,0
1675,27,55,N,R,0
1675,27,55,E,L,0
1675,27,55,E,T,0
1675,27,55,E,R,0
1675,27,55,S,L,0
1675,27,55,S,T,0
1675,27,55,S,R,1
1675,27,55,W,L,0
1675,27,55,W,T,0
1675,27,55,W,R,0
1676,27,56,N,L,1
1676,27,56,N,T,0
1676,27,56,N,R,0
1676,27,56,E,L,0
1676,27,56,E,T,1
1676,27,56,E,R,0
1676,27,56,S,L,0
1676,27,56,S,T,0
1676,27,56,S,R,0
1676,27,56,W,L,0
1676,27,56,W,T,0
1676,27,56,W,R,0
1677,27,57,N,L,0
1677,27,57,N,T,0
1677,27,57,N,R,0
1677,27,57,E,L,0
1677,27,57,E,T,1
1677,27,57,E,R,0
1677,27,57,S,L,0
1677,27,57,S,T,0
1677,27,57,S,R,1
1677,27,57,W,L,0
1677,27,57,W,T,0
1677,27,57,W,R,0
1678,27,58,N,L,0
1678,27,58,N,T,1
1678,27,58,N,R,0
1678,27,58,E,L,0
1678,27,58,E,T,0
1678,27,58,E,R,0
1678,27,58,S,L,0
1678,27,58,S,T,0
1678,27,58,S,R,0
1678,27,58,W,L,0
1678,27,58,W,T,0
1678,27,58,W,R,0
1679,27,59,N,L,0
1679,27,59,N,T,1
1679,27,59,N,R,0
1679,27,59,E,L,0
1679,27,59,E,T,0
1679,27,59,E,R,0
1679,27,59,S,L,0
1679,27,59,S,T,0
1679,27,59,S,R,0
1679,27,59,W,L,0
1679,27,59,W,T,1
1679,27,59,W,R,0
1680,28,00,N,L,0
1680,28,00,N,T,1
1680,28,00,N,R,1
1680,28,00,E,L,0
1680,28,00,E,T,0
1680,28,00,E,R,0
1680,28,00,S,L,0
1680,28,00,S,T,1
1680,28,00,S,R,0
1680,28,00,W,L,0
1680,28,00,W,T,2
1680,28,00,W,R,0
1681,28,01,N,L,1
1681,28,01,N,T,2
1681,28,01,N,R,0
1681,28,01,E,L,1
1681,28,01,E,T,0
1681,28,01,E,R,0
1681,28,01,S,L,0
1681,28,01,S,T,1
1681,28,01,S,R,0
1681,28,01,W,L,0
1681,28,01,W,T,0
1681,28,01,W,R,0
1682,28,02,N,L,0
1682,28,02,N,T,1
1682,28,02,N,R,0
1682,28,02,E,L,0
1682,28,02,E,T,0
1682,28,02,E,R,0
1682,28,02,S,L,0
1682,28,02,S,T,1
1682,28,02,S,R,0
1682,28,02,W,L,0
1682,28,02,W,T,0
1682,28,02,W,R,0
1683,28,03,N,L,0
1683,28,03,N,T,1
1683,28,03,N,R,0
1683,28,03,E,L,0
1683,28,03,E,T,0
1683,28,03,E,R,0
1683,28,03,S,L,0
1683,28,03,S,T,0
1683,28,03,S,R,0
1683,28,03,W,L,0
1683,28,03,W,T,0
1683,28,03,W,R,0
1684,28,04,N,L,0
1684,28,04,N,T,0
1684,28,04,N,R,0
1684,28,04,E,L,0
1684,28,04,E,T,0
1684,28,04,E,R,0
1684,28,04,S,L,0
1684,28,04,S,T,0
1684,28,04,S,R,0
1684,28,04,W,L,0
1684,28,04,W,T,0
1684,28,04,W,R,0
1685,28,05,N,L,0
1685,28,05,N,T,1
1685,28,05,N,R,0
1685,28,05,E,L,0
1685,28,05,E,T,0
1685,28,05,E,R,0
1685,28,05,S,L,0
1685,28,05,S,T,0
1685,28,05,S,R,0
1685,28,05,W,L,0
1685,28,05,W,T,0
1685,28,05,W,R,0
1686,28,06,N,L,0
1686,28,06,N,T,0
1686,28,06,N,R,0
1686,28,06,E,L,0
1686,28,06,E,T,0
1686,28,06,E,R,0
1686,28,06,S,L,0
1686,28,06,S,T,0
1686,28,06,S,R,0
1686,28,06,W,L,0
1686,28,06,W,T,0
1686,28,06,W,R,0
1687,28,07,N,L,0
1687,28,07,N,T,1
1687,28,07,N,R,0
1687,28,07,E,L,0
1687,28,07,E,T,0
1687,28,07,E,R,0
1687,28,07,S,L,0
1687,28,07,S,T,0
1687,28,07,S,R,0
1687,28,07,W,L,0
1687,28,07,W,T,1
1687,28,07,W,R,0
1688,28,08,N,L,0
1688,28,08,N,T,0
1688,28,08,N,R,0
1688,28,08,E,L,0
1688,28,08,E,T,1
1688,28,08,E,R,0
1688,28,08,S,L,0
1688,28,08,S,T,0
1688,28,08,S,R,0
1688,28,08,W,L,0
1688,28,08,W,T,1
1688,28,08,W,R,0
1689,28,09,N,L,0
1689,28,09,N,T,0
1689,28,09,N,R,0
1689,28,09,E,L,0
1689,28,09,E,T,0
1689,28,09,E,R,0
1689,28,09,S,L,0
1689,28,09,S,T,2
1689,28,09,S,R,0
1689,28,09,W,L,0
1689,28,09,W,T,0
1689,28,09,W,R,0
1690,28,10,N,L,0
1690,28,10,N,T,1
1690,28,10,N,R,0
1690,28,10,E,L,0
1690,28,10,E,T,0
1690,28,10,E,R,0
1690,28,10,S,L,0
1690,28,10,S,T,0
1690,28,10,S,R,0
1690,28,10,W,L,0
1690,28,10,W,T,0
1690,28,10,W,R,0
1691,28,11,N,L,0
1691,28,11,N,T,2
1691,28,11,N,R,0
1691,28,11,E,L,0
1691,28,11,E,T,0
1691,28,11,E,R,0
1691,28,11,S,L,0
1691,28,11,S,T,0
1691,28,11,S,R,0
1691,28,11,W,L,0
1691,28,11,W,T,1
1691,28,11,W,R,0
1692,28,12,N,L,0
1692,28,12,N,T,0
1692,28,12,N,R,0
1692,28,12,E,L,0
1692,28,12,E,T,0
1692,28,12,E,R,0
1692,28,12,S,L,0
1692,28,12,S,T,0
1692,28,12,S,R,0
1692,28,12,W,L,0
1692,28,12,W,T,0
1692,28,12,W,R,0
1693,28,13,N,L,0
1693,28,13,N,T,0
1693,28,13,N,R,0
1693,28,13,E,L,0
1693,28,13,E,T,0
1693,28,13,E,R,0
1693,28,13,S,L,0
1693,28,13,S,T,0
1693,28,13,S,R,0
1693,28,13,W,L,0
1693,28,13,W,T,1
1693,28,13,W,R,0
1694,28,14,N,L,0
1694,28,14,N,T,1
1694,28,14,N,R,0
1694,28,14,E,L,0
1694,28,14,E,T,0
1694,28,14,E,R,0
1694,28,14,S,L,0
1694,28,14,S,T,1
1694,28,14,S,R,0
1694,28,14,W,L,0
1694,28,14,W,T,0
1694,28,14,W,R,0
1695,28,15,N,L,0
1695,28,15,N,T,0
1695,28,15,N,R,0
1695,28,15,E,L,0
1695,28,15,E,T,1
1695,28,15,E,R,0
1695,28,15,S,L,0
1695,28,15,S,T,0
1695,28,15,S,R,0
1695,28,15,W,L,0
1695,28,15,W,T,1
1695,28,15,W,R,0
1696,28,16,N,L,0
1696,28,16,N,T,0
1696,28,16,N,R,0
1696,28,16,E,L,0
1696,28,16,E,T,2
1696,28,16,E,R,0
1696,28,16,S,L,0
1696,28,16,S,T,0
1696,28,16,S,R,0
1696,28,16,W,L,0
1696,28,16,W,T,3
1696,28,16,W,R,0
1697,28,17,N,L,0
1697,28,17,N,T,0
1697,28,17,N,R,0
1697,28,17,E,L,0
1697,28,17,E,T,0
1697,28,17,E,R,0
1697,28,17,S,L,0
1697,28,17,S,T,0
1697,28,17,S,R,0
1697,28,17,W,L,0
1697,28,17,W,T,0
1697,28,17,W,R,0
1698,28,18,N,L,0
1698,28,18,N,T,0
1698,28,18,N,R,0
1698,28,18,E,L,0
1698,28,18,E,T,0
1698,28,18,E,R,0
1698,28,18,S,L,0
1698,28,18,S,T,2
1698,28,18,S,R,0
1698,28,18,W,L,0
1698,28,18,W,T,1
1698,28,18,W,R,0
1699,28,19,N,L,0
1699,28,19,N,T,0
1699,28,19,N,R,0
1699,28,19,E,L,0
1699,28,19,E,T,1
1699,28,19,E,R,0
1699,28,19,S,L,0
1699,28,19,S,T,0
1699,28,19,S,R,0
1699,28,19,W,L,0
1699,28,19,W,T,1
1699,28,19,W,R,0
1700,28,20,N,L,0
1700,28,20,N,T,1
1700,28,20,N,R,0
1700,28,20,E,L,0
1700,28,20,E,T,0
1700,28,20,E,R,0
1700,28,20,S,L,0
1700,28,20,S,T,0
1700,28,20,S,R,0
1700,28,20,W,L,0
1700,28,20,W,T,0
1700,28,20,W,R,0
1701,28,21,N,L,0
1701,28,21,N,T,0
1701,28,21,N,R,0
1701,28,21,E,L,0
1701,28,21,E,T,0
1701,28,21,E,R,0
1701,28,21,S,L,0
1701,28,21,S,T,0
1701,28,21,S,R,0
1701,28,21,W,L,0
1701,28,21,W,T,0
1701,28,21,W,R,0
1702,28,22,N,L,0
1702,28,22,N,T,0
1702,28,22,N,R,0
1702,28,22,E,L,0
1702,28,22,E,T,0
1702,28,22,E,R,0
1702,28,22,S,L,0
1702,28,22,S,T,1
1702,28,22,S,R,0
1702,28,22,W,L,0
1702,28,22,W,T,0
1702,28,22,W,R,0
1703,28,23,N,L,0
1703,28,23,N,T,0
1703,28,23,N,R,0
1703,28,23,E,L,0
1703,28,23,E,T,1
1703,28,23,E,R,0
1703,28,23,S,L,0
1703,28,23,S,T,0
1703,28,23,S,R,0
1703,28,23,W,L,0
1703,28,23,W,T,1
1703,28,23,W,R,0
1704,28,24,N,L,0
1704,28,24,N,T,0
1704,28,24,N,R,0
1704,28,24,E,L,0
1704,28,24,E,T,1
1704,28,24,E,R,1
1704,28,24,S,L,0
1704,28,24,S,T,0
1704,28,24,S,R,0
1704,28,24,W,L,0
1704,28,24,W,T,0
1704,28,24,W,R,0
1705,28,25,N,L,0
1705,28,25,N,T,0
1705,28,25,N,R,0
1705,28,25,E,L,0
1705,28,25,E,T,0
1705,28,25,E,R,0
1705,28,25,S,L,0
1705,28,25,S,T,0
1705,28,25,S,R,0
1705,28,25,W,L,0
1705,28,25,W,T,0
1705,28,25,W,R,0
1706,28,26,N,L,0
1706,28,26,N,T,2
1706,28,26,N,R,0
1706,28,26,E,L,0
1706,28,26,E,T,0
1706,28,26,E,R,0
1706,28,26,S,L,0
1706,28,26,S,T,0
1706,28,26,S,R,0
1706,28,26,W,L,0
1706,28,26,W,T,0
1706,28,26,W,R,0
1707,28,27,N,L,0
1707,28,27,N,T,0
1707,28,27,N,R,0
1707,28,27,E,L,0
1707,28,27,E,T,0
1707,28,27,E,R,0
1707,28,27,S,L,0
1707,28,27,S,T,0
1707,28,27,S,R,0
1707,28,27,W,L,0
1707,28,27,W,T,0
1707,28,27,W,R,0
1708,28,28,N,L,0
1708,28,28,N,T,0
1708,28,28,N,R,0
1708,28,28,E,L,0
1708,28,28,E,T,0
1708,28,28,E,R,0
1708,28,28,S,L,0
1708,28,28,S,T,0
1708,28,28,S,R,0
1708,28,28,W,L,0
1708,28,28,W,T,0
1708,28,28,W,R,0
1709,28,29,N,L,1
1709,28,29,N,T,0
1709,28,29,N,R,0
1709,28,29,E,L,0
1709,28,29,E,T,1
1709,28,29,E,R,0
1709,28,29,S,L,0
1709,28,29,S,T,0
1709,28,29,S,R,0
1709,28,29,W,L,0
1709,28,29,W,T,0
1709,28,29,W,R,0
1710,28,30,N,L,0
1710,28,30,N,T,0
1710,28,30,N,R,0
1710,28,30,E,L,0
1710,28,30,E,T,1
1710,28,30,E,R,0
1710,28,30,S,L,0
1710,28,30,S,T,0
1710,28,30,S,R,0
1710,28,30,W,L,0
1710,28,30,W,T,1
1710,28,30,W,R,0
1711,28,31,N,L,0
1711,28,31,N,T,1
1711,28,31,N,R,0
1711,28,31,E,L,0
1711,28,31,E,T,0
1711,28,31,E,R,0
1711,28,31,S,L,0
1711,28,31,S,T,0
1711,28,31,S,R,0
1711,28,31,W,L,0
1711,28,31,W,T,0
1711,28,31,W,R,0
1712,28,32,N,L,0
1712,28,32,N,T,0
1712,28,32,N,R,0
1712,28,32,E,L,0
1712,28,32,E,T,0
1712,28,32,E,R,0
1712,28,32,S,L,0
1712,28,32,S,T,0
1712,28,32,S,R,0
1712,28,32,W,L,0
1712,28,32,W,T,0
1712,28,32,W,R,0
1713,28,33,N,L,0
1713,28,33,N,T,1
1713,28,33,N,R,0
1713,28,33,E,L,0
1713,28,33,E,T,0
1713,28,33,E,R,0
1713,28,33,S,L,0
1713,28,33,S,T,0
1713,28,33,S,R,0
1713,28,33,W,L,0
1713,28,33,W,T,0
1713,28,33,W,R,0
1714,28,34,N,L,0
1714,28,34,N,T,0
1714,28,34,N,R,0
1714,28,34,E,L,0
1714,28,34,E,T,0
1714,28,34,E,R,0
1714,28,34,S,L,0
1714,28,34,S,T,0
1714,28,34,S,R,0
1714,28,34,W,L,0
1714,28,34,W,T,0
1714,28,34,W,R,0
1715,28,35,N,L,0
1715,28,35,N,T,0
1715,28,35,N,R,0
1715,28,35,E,L,0
1715,28,35,E,T,0
1715,28,35,E,R,0
1715,28,35,S,L,0
1715,28,35,S,T,1
1715,28,35,S,R,0
1715,28,35,W,L,0
1715,28,35,W,T,0
1715,28,35,W,R,0
1716,28,36,N,L,0
1716,28,36,N,T,0
1716,28,36,N,R,0
1716,28,36,E,L,0
1716,28,36,E,T,1
1716,28,36,E,R,0
1716,28,36,S,L,0
1716,28,36,S,T,0
1716,28,36,S,R,0
1716,28,36,W,L,0
1716,28,36,W,T,0
1716,28,36,W,R,0
1717,28,37,N,L,0
1717,28,37,N,T,0
1717,28,37,N,R,0
1717,28,37,E,L,0
1717,28,37,E,T,1
1717,28,37,E,R,0
1717,28,37,S,L,0
1717,28,37,S,T,1
1717,28,37,S,R,0
1717,28,37,W,L,0
1717,28,37,W,T,0
1717,28,37,W,R,0
1718,28,38,N,L,0
1718,28,38,N,T,0
1718,28,38,N,R,0
1718,28,38,E,L,0
1718,28,38,E,T,1
1718,28,38,E,R,0
1718,28,38,S,L,0
1718,28,38,S,T,0
1718,28,38,S,R,0
1718,28,38,W,L,0
1718,28,38,W,T,0
1718,28,38,W,R,0
1719,28,39,N,L,0
1719,28,39,N,T,1
1719,28,39,N,R,0
1719,28,39,E,L,0
1719,28,39,E,T,0
1719,28,39,E,R,0
1719,28,39,S,L,0
1719,28,39,S,T,0
1719,28,39,S,R,0
1719,28,39,W,L,0
1719,28,39,W,T,1
1719,28,39,W,R,0
1720,28,40,N,L,0
1720,28,40,N,T,1
1720,28,40,N,R,0
1720,28,40,E,L,0
1720,28,40,E,T,0
1720,28,40,E,R,0
1720,28,40,S,L,0
1720,28,40,S,T,0
1720,28,40,S,R,0
1720,28,40,W,L,0
1720,28,40,W,T,0
1720,28,40,W,R,0
1721,28,41,N,L,0
1721,28,41,N,T,0
1721,28,41,N,R,0
1721,28,41,E,L,0
1721,28,41,E,T,0
1721,28,41,E,R,0
1721,28,41,S,L,1
1721,28,41,S,T,0
1721,28,41,S,R,0
1721,28,41,W,L,0
1721,28,41,W,T,1
1721,28,41,W,R,0
1722,28,42,N,L,0
1722,28,42,N,T,1
1722,28,42,N,R,0
1722,28,42,E,L,0
1722,28,42,E,T,0
1722,28,42,E,R,0
1722,28,42,S,L,0
1722,28,42,S,T,0
1722,28,42,S,R,0
1722,28,42,W,L,0
1722,28,42,W,T,0
1722,28,42,W,R,0
1723,28,43,N,L,2
1723,28,43,N,T,0
1723,28,43,N,R,1
1723,28,43,E,L,0
1723,28,43,E,T,0
1723,28,43,E,R,0
1723,28,43,S,L,0
1723,28,43,S,T,2
1723,28,43,S,R,0
1723,28,43,W,L,0
1723,28,43,W,T,0
1723,28,43,W,R,0
1724,28,44,N,L,0
1724,28,44,N,T,0
1724,28,44,N,R,0
1724,28,44,E,L,0
1724,28,44,E,T,0
1724,28,44,E,R,0
1724,28,44,S,L,0
1724,28,44,S,T,0
1724,28,44,S,R,0
1724,28,44,W,L,0
1724,28,44,W,T,0
1724,28,44,W,R,0
1725,28,45,N,L,1
1725,28,45,N,T,0
1725,28,45,N,R,0
1725,28,45,E,L,0
1725,28,45,E,T,1
1725,28,45,E,R,0
1725,28,45,S,L,0
1725,28,45,S,T,0
1725,28,45,S,R,0
1725,28,45,W,L,0
1725,28,45,W,T,0
1725,28,45,W,R,0
1726,28,46,N,L,0
1726,28,46,N,T,1
1726,28,46,N,R,0
1726,28,46,E,L,0
1726,28,46,E,T,1
1726,28,46,E,R,0
1726,28,46,S,L,0
1726,28,46,S,T,0
1726,28,46,S,R,0
1726,28,46,W,L,0
1726,28,46,W,T,0
1726,28,46,W,R,0
1727,28,47,N,L,0
1727,28,47,N,T,0
1727,28,47,N,R,0
1727,28,47,E,L,0
1727,28,47,E,T,0
1727,28,47,E,R,0
1727,28,47,S,L,0
1727,28,47,S,T,0
1727,28,47,S,R,0
1727,28,47,W,L,0
1727,28,47,W,T,0
1727,28,47,W,R,1
1728,28,48,N,L,0
1728,28,48,N,T,0
1728,28,48,N,R,0
1728,28,48,E,L,0
1728,28,48,E,T,0
1728,28,48,E,R,0
1728,28,48,S,L,0
1728,28,48,S,T,0
1728,28,48,S,R,0
1728,28,48,W,L,0
1728,28,48,W,T,0
1728,28,48,W,R,0
1729,28,49,N,L,0
1729,28,49,N,T,0
1729,28,49,N,R,0
1729,28,49,E,L,0
1729,28,49,E,T,1
1729,28,49,E,R,0
1729,28,49,S,L,0
1729,28,49,S,T,0
1729,28,49,S,R,0
1729,28,49,W,L,0
1729,28,49,W,T,1
1729,28,49,W,R,0
1730,28,50,N,L,0
1730,28,50,N,T,0
1730,28,50,N,R,0
1730,28,50,E,L,0
1730,28,50,E,T,0
1730,28,50,E,R,0
1730,28,50,S,L,0
1730,28,50,S,T,0
1730,28,50,S,R,0
1730,28,50,W,L,0
1730,28,50,W,T,2
1730,28,50,W,R,0
1731,28,51,N,L,0
1731,28,51,N,T,0
1731,28,51,N,R,0
1731,28,51,E,L,0
1731,28,51,E,T,2
1731,28,51,E,R,0
1731,28,51,S,L,0
1731,28,51,S,T,0
1731,28,51,S,R,0
1731,28,51,W,L,0
1731,28,51,W,T,0
1731,28,51,W,R,0
1732,28,52,N,L,0
1732,28,52,N,T,0
1732,28,52,N,R,0
1732,28,52,E,L,0
1732,28,52,E,T,0
1732,28,52,E,R,0
1732,28,52,S,L,0
1732,28,52,S,T,0
1732,28,52,S,R,0
1732,28,52,W,L,0
1732,28,52,W,T,0
1732,28,52,W,R,0
1733,28,53,N,L,0
1733,28,53,N,T,0
1733,28,53,N,R,1
1733,28,53,E,L,0
1733,28,53,E,T,1
1733,28,53,E,R,0
1733,28,53,S,L,0
1733,28,53,S,T,0
1733,28,53,S,R,0
1733,28,53,W,L,0
1733,28,53,W,T,0
1733,28,53,W,R,0
1734,28,54,N,L,0
1734,28,54,N,T,1
1734,28,54,N,R,0
1734,28,54,E,L,0
1734,28,54,E,T,0
1734,28,54,E,R,0
1734,28,54,S,L,0
1734,28,54,S,T,0
1734,28,54,S,R,0
1734,28,54,W,L,0
1734,28,54,W,T,0
1734,28,54,W,R,0
1735,28,55,N,L,0
1735,28,55,N,T,1
1735,28,55,N,R,0
1735,28,55,E,L,0
1735,28,55,E,T,1
1735,28,55,E,R,0
1735,28,55,S,L,0
1735,28,55,S,T,1
1735,28,55,S,R,0
1735,28,55,W,L,0
1735,28,55,W,T,0
1735,28,55,W,R,0
1736,28,56,N,L,0
1736,28,56,N,T,0
1736,28,56,N,R,0
1736,28,56,E,L,0
1736,28,56,E,T,0
1736,28,56,E,R,0
1736,28,56,S,L,0
1736,28,56,S,T,2
1736,28,56,S,R,0
1736,28,56,W,L,0
1736,28,56,W,T,1
1736,28,56,W,R,0
1737,28,57,N,L,0
1737,28,57,N,T,0
1737,28,57,N,R,0
1737,28,57,E,L,0
1737,28,57,E,T,0
1737,28,57,E,R,0
1737,28,57,S,L,0
1737,28,57,S,T,0
1737,28,57,S,R,0
1737,28,57,W,L,0
1737,28,57,W,T,1
1737,28,57,W,R,0
1738,28,58,N,L,0
1738,28,58,N,T,0
1738,28,58,N,R,0
1738,28,58,E,L,0
1738,28,58,E,T,1
1738,28,58,E,R,0
1738,28,58,S,L,0
1738,28,58,S,T,0
1738,28,58,S,R,0
1738,28,58,W,L,0
1738,28,58,W,T,0
1738,28,58,W,R,0
1739,28,59,N,L,0
1739,28,59,N,T,0
1739,28,59,N,R,0
1739,28,59,E,L,0
1739,28,59,E,T,0
1739,28,59,E,R,0
1739,28,59,S,L,0
1739,28,59,S,T,4
1739,28,59,S,R,0
1739,28,59,W,L,0
1739,28,59,W,T,0
1739,28,59,W,R,0
1740,29,00,N,L,0
1740,29,00,N,T,0
1740,29,00,N,R,0
1740,29,00,E,L,0
1740,29,00,E,T,0
1740,29,00,E,R,0
1740,29,00,S,L,0
1740,29,00,S,T,1
1740,29,00,S,R,0
1740,29,00,W,L,0
1740,29,00,W,T,0
1740,29,00,W,R,0
1741,29,01,N,L,0
1741,29,01,N,T,0
1741,29,01,N,R,0
1741,29,01,E,L,0
1741,29,01,E,T,0
1741,29,01,E,R,0
1741,29,01,S,L,0
1741,29,01,S,T,0
1741,29,01,S,R,0
1741,29,01,W,L,0
1741,29,01,W,T,0
1741,29,01,W,R,0
1742,29,02,N,L,0
1742,29,02,N,T,0
1742,29,02,N,R,0
1742,29,02,E,L,0
1742,29,02,E,T,0
1742,29,02,E,R,0
1742,29,02,S,L,0
1742,29,02,S,T,1
1742,29,02,S,R,0
1742,29,02,W,L,0
1742,29,02,W,T,0
1742,29,02,W,R,0
1743,29,03,N,L,0
1743,29,03,N,T,3
1743,29,03,N,R,0
1743,29,03,E,L,0
1743,29,03,E,T,0
1743,29,03,E,R,0
1743,29,03,S,L,0
1743,29,03,S,T,0
1743,29,03,S,R,0
1743,29,03,W,L,0
1743,29,03,W,T,0
1743,29,03,W,R,0
1744,29,04,N,L,0
1744,29,04,N,T,0
1744,29,04,N,R,0
1744,29,04,E,L,0
1744,29,04,E,T,1
1744,29,04,E,R,0
1744,29,04,S,L,0
1744,29,04,S,T,0
1744,29,04,S,R,0
1744,29,04,W,L,0
1744,29,04,W,T,0
1744,29,04,W,R,0
1745,29,05,N,L,0
1745,29,05,N,T,1
1745,29,05,N,R,0
1745,29,05,E,L,0
1745,29,05,E,T,1
1745,29,05,E,R,0
1745,29,05,S,L,0
1745,29,05,S,T,0
1745,29,05,S,R,0
1745,29,05,W,L,0
1745,29,05,W,T,0
1745,29,05,W,R,0
1746,29,06,N,L,0
1746,29,06,N,T,0
1746,29,06,N,R,0
1746,29,06,E,L,0
1746,29,06,E,T,1
1746,29,06,E,R,0
1746,29,06,S,L,0
1746,29,06,S,T,1
1746,29,06,S,R,0
1746,29,06,W,L,0
1746,29,06,W,T,1
1746,29,06,W,R,0
1747,29,07,N,L,0
1747,29,07,N,T,1
1747,29,07,N,R,0
1747,29,07,E,L,0
1747,29,07,E,T,1
1747,29,07,E,R,0
1747,29,07,S,L,0
1747,29,07,S,T,0
1747,29,07,S,R,0
1747,29,07,W,L,0
1747,29,07,W,T,0
1747,29,07,W,R,0
1748,29,08,N,L,0
1748,29,08,N,T,0
1748,29,08,N,R,0
1748,29,08,E,L,0
1748,29,08,E,T,0
1748,29,08,E,R,1
1748,29,08,S,L,0
1748,29,08,S,T,0
1748,29,08,S,R,0
1748,29,08,W,L,0
1748,29,08,W,T,0
1748,29,08,W,R,0
1749,29,09,N,L,0
1749,29,09,N,T,1
1749,29,09,N,R,0
1749,29,09,E,L,0
1749,29,09,E,T,1
1749,29,09,E,R,0
1749,29,09,S,L,0
1749,29,09,S,T,0
1749,29,09,S,R,0
1749,29,09,W,L,0
1749,29,09,W,T,0
1749,29,09,W,R,0
1750,29,10,N,L,0
1750,29,10,N,T,0
1750,29,10,N,R,0
1750,29,10,E,L,0
1750,29,10,E,T,0
1750,29,10,E,R,0
1750,29,10,S,L,0
1750,29,10,S,T,1
1750,29,10,S,R,0
1750,29,10,W,L,0
1750,29,10,W,T,0
1750,29,10,W,R,0
1751,29,11,N,L,0
1751,29,11,N,T,0
1751,29,11,N,R,0
1751,29,11,E,L,0
1751,29,11,E,T,0
1751,29,11,E,R,0
1751,29,11,S,L,0
1751,29,11,S,T,0
1751,29,11,S,R,0
1751,29,11,W,L,1
1751,29,11,W,T,0
1751,29,11,W,R,0
1752,29,12,N,L,0
1752,29,12,N,T,0
1752,29,12,N,R,0
1752,29,12,E,L,0
1752,29,12,E,T,1
1752,29,12,E,R,0
1752,29,12,S,L,0
1752,29,12,S,T,0
1752,29,12,S,R,0
1752,29,12,W,L,0
1752,29,12,W,T,0
1752,29,12,W,R,0
1753,29,13,N,L,0
1753,29,13,N,T,0
1753,29,13,N,R,0
1753,29,13,E,L,0
1753,29,13,E,T,0
1753,29,13,E,R,0
1753,29,13,S,L,0
1753,29,13,S,T,0
1753,29,13,S,R,0
1753,29,13,W,L,0
1753,29,13,W,T,0
1753,29,13,W,R,0
1754,29,14,N,L,0
1754,29,14,N,T,0
1754,29,14,N,R,0
1754,29,14,E,L,0
1754,29,14,E,T,0
1754,29,14,E,R,0
1754,29,14,S,L,0
1754,29,14,S,T,0
1754,29,14,S,R,0
1754,29,14,W,L,0
1754,29,14,W,T,0
1754,29,14,W,R,1
1755,29,15,N,L,0
1755,29,15,N,T,0
1755,29,15,N,R,0
1755,29,15,E,L,0
1755,29,15,E,T,0
1755,29,15,E,R,0
1755,29,15,S,L,0
1755,29,15,S,T,0
1755,29,15,S,R,0
1755,29,15,W,L,0
1755,29,15,W,T,1
1755,29,15,W,R,1
1756,29,16,N,L,0
1756,29,16,N,T,0
1756,29,16,N,R,0
1756,29,16,E,L,0
1756,29,16,E,T,0
1756,29,16,E,R,0
1756,29,16,S,L,0
1756,29,16,S,T,0
1756,29,16,S,R,1
1756,29,16,W,L,0
1756,29,16,W,T,0
1756,29,16,W,R,0
1757,29,17,N,L,1
1757,29,17,N,T,2
1757,29,17,N,R,0
1757,29,17,E,L,1
1757,29,17,E,T,0
1757,29,17,E,R,0
1757,29,17,S,L,0
1757,29,17,S,T,1
1757,29,17,S,R,0
1757,29,17,W,L,0
1757,29,17,W,T,0
1757,29,17,W,R,0
1758,29,18,N,L,0
1758,29,18,N,T,0
1758,29,18,N,R,0
1758,29,18,E,L,0
1758,29,18,E,T,1
1758,29,18,E,R,0
1758,29,18,S,L,0
1758,29,18,S,T,0
1758,29,18,S,R,0
1758,29,18,W,L,0
1758,29,18,W,T,0
1758,29,18,W,R,0
1759,29,19,N,L,0
1759,29,19,N,T,0
1759,29,19,N,R,0
1759,29,19,E,L,0
1759,29,19,E,T,1
1759,29,19,E,R,0
1759,29,19,S,L,0
1759,29,19,S,T,0
1759,29,19,S,R,0
1759,29,19,W,L,0
1759,29,19,W,T,0
1759,29,19,W,R,0
1760,29,20,N,L,0
1760,29,20,N,T,0
1760,29,20,N,R,0
1760,29,20,E,L,0
1760,29,20,E,T,0
1760,29,20,E,R,0
1760,29,20,S,L,0
1760,29,20,S,T,0
1760,29,20,S,R,0
1760,29,20,W,L,0
1760,29,20,W,T,0
1760,29,20,W,R,0
1761,29,21,N,L,0
1761,29,21,N,T,0
1761,29,21,N,R,0
1761,29,21,E,L,0
1761,29,21,E,T,0
1761,29,21,E,R,0
1761,29,21,S,L,0
1761,29,21,S,T,0
1761,29,21,S,R,0
1761,29,21,W,L,0
1761,29,21,W,T,1
1761,29,21,W,R,0
1762,29,22,N,L,0
1762,29,22,N,T,0
1762,29,22,N,R,0
1762,29,22,E,L,0
1762,29,22,E,T,0
1762,29,22,E,R,0
1762,29,22,S,L,0
1762,29,22,S,T,0
1762,29,22,S,R,0
1762,29,22,W,L,0
1762,29,22,W,T,0
1762,29,22,W,R,0
1763,29,23,N,L,0
1763,29,23,N,T,0
1763,29,23,N,R,0
1763,29,23,E,L,0
1763,29,23,E,T,0
1763,29,23,E,R,0
1763,29,23,S,L,0
1763,29,23,S,T,0
1763,29,23,S,R,0
1763,29,23,W,L,0
1763,29,23,W,T,0
1763,29,23,W,R,0
1764,29,24,N,L,2
1764,29,24,N,T,0
1764,29,24,N,R,0
1764,29,24,E,L,0
1764,29,24,E,T,0
1764,29,24,E,R,0
1764,29,24,S,L,0
1764,29,24,S,T,0
1764,29,24,S,R,0
1764,29,24,W,L,0
1764,29,24,W,T,0
1764,29,24,W,R,0
1765,29,25,N,L,0
1765,29,25,N,T,0
1765,29,25,N,R,0
1765,29,25,E,L,0
1765,29,25,E,T,1
1765,29,25,E,R,0
1765,29,25,S,L,0
1765,29,25,S,T,0
1765,29,25,S,R,1
1765,29,25,W,L,0
1765,29,25,W,T,0
1765,29,25,W,R,0
1766,29,26,N,L,0
1766,29,26,N,T,0
1766,29,26,N,R,0
1766,29,26,E,L,0
1766,29,26,E,T,0
1766,29,26,E,R,0
1766,29,26,S,L,0
1766,29,26,S,T,0
1766,29,26,S,R,0
1766,29,26,W,L,0
1766,29,26,W,T,1
1766,29,26,W,R,0
1767,29,27,N,L,0
1767,29,27,N,T,0
1767,29,27,N,R,1
1767,29,27,E,L,0
1767,29,27,E,T,0
1767,29,27,E,R,0
1767,29,27,S,L,0
1767,29,27,S,T,0
1767,29,27,S,R,0
1767,29,27,W,L,0
1767,29,27,W,T,0
1767,29,27,W,R,0
1768,29,28,N,L,0
1768,29,28,N,T,0
1768,29,28,N,R,0
1768,29,28,E,L,0
1768,29,28,E,T,1
1768,29,28,E,R,0
1768,29,28,S,L,0
1768,29,28,S,T,1
1768,29,28,S,R,1
1768,29,28,W,L,0
1768,29,28,W,T,0
1768,29,28,W,R,0
1769,29,29,N,L,0
1769,29,29,N,T,1
1769,29,29,N,R,0
1769,29,29,E,L,0
1769,29,29,E,T,0
1769,29,29,E,R,0
1769,29,29,S,L,0
1769,29,29,S,T,0
1769,29,29,S,R,0
1769,29,29,W,L,0
1769,29,29,W,T,0
1769,29,29,W,R,0
1770,29,30,N,L,0
1770,29,30,N,T,0
1770,29,30,N,R,0
1770,29,30,E,L,0
1770,29,30,E,T,0
1770,29,30,E,R,0
1770,29,30,S,L,0
1770,29,30,S,T,0
1770,29,30,S,R,0
1770,29,30,W,L,0
1770,29,30,W,T,0
1770,29,30,W,R,0
1771,29,31,N,L,0
1771,29,31,N,T,0
1771,29,31,N,R,0
1771,29,31,E,L,0
1771,29,31,E,T,0
1771,29,31,E,R,0
1771,29,31,S,L,0
1771,29,31,S,T,1
1771,29,31,S,R,0
1771,29,31,W,L,0
1771,29,31,W,T,0
1771,29,31,W,R,0
1772,29,32,N,L,0
1772,29,32,N,T,1
1772,29,32,N,R,0
1772,29,32,E,L,0
1772,29,32,E,T,1
1772,29,32,E,R,0
1772,29,32,S,L,0
1772,29,32,S,T,0
1772,29,32,S,R,0
1772,29,32,W,L,0
1772,29,32,W,T,0
1772,29,32,W,R,0
1773,29,33,N,L,0
1773,29,33,N,T,0
1773,29,33,N,R,0
1773,29,33,E,L,0
1773,29,33,E,T,0
1773,29,33,E,R,0
1773,29,33,S,L,0
1773,29,33,S,T,1
1773,29,33,S,R,0
1773,29,33,W,L,0
1773,29,33,W,T,0
1773,29,33,W,R,0
1774,29,34,N,L,0
1774,29,34,N,T,0
1774,29,34,N,R,0
1774,29,34,E,L,0
1774,29,34,E,T,0
1774,29,34,E,R,0
1774,29,34,S,L,0
1774,29,34,S,T,0
1774,29,34,S,R,0
1774,29,34,W,L,0
1774,29,34,W,T,1
1774,29,34,W,R,0
1775,29,35,N,L,0
1775,29,35,N,T,0
1775,29,35,N,R,0
1775,29,35,E,L,0
1775,29,35,E,T,0
1775,29,35,E,R,0
1775,29,35,S,L,0
1775,29,35,S,T,0
1775,29,35,S,R,0
1775,29,35,W,L,0
1775,29,35,W,T,1
1775,29,35,W,R,0
1776,29,36,N,L,0
1776,29,36,N,T,1
1776,29,36,N,R,0
1776,29,36,E,L,0
1776,29,36,E,T,1
1776,29,36,E,R,0
1776,29,36,S,L,0
1776,29,36,S,T,0
1776,29,36,S,R,0
1776,29,36,W,L,0
1776,29,36,W,T,1
1776,29,36,W,R,0
1777,29,37,N,L,0
1777,29,37,N,T,0
1777,29,37,N,R,0
1777,29,37,E,L,0
1777,29,37,E,T,0
1777,29,37,E,R,0
1777,29,37,S,L,0
1777,29,37,S,T,0
1777,29,37,S,R,0
1777,29,37,W,L,0
1777,29,37,W,T,0
1777,29,37,W,R,0
1778,29,38,N,L,0
1778,29,38,N,T,1
1778,29,38,N,R,0
1778,29,38,E,L,0
1778,29,38,E,T,0
1778,29,38,E,R,0
1778,29,38,S,L,0
1778,29,38,S,T,0
1778,29,38,S,R,0
1778,29,38,W,L,0
1778,29,38,W,T,0
1778,29,38,W,R,0
1779,29,39,N,L,0
1779,29,39,N,T,0
1779,29,39,N,R,1
1779,29,39,E,L,0
1779,29,39,E,T,0
1779,29,39,E,R,0
1779,29,39,S,L,0
1779,29,39,S,T,0
1779,29,39,S,R,0
1779,29,39,W,L,0
1779,29,39,W,T,0
1779,29,39,W,R,0
1780,29,40,N,L,0
1780,29,40,N,T,0
1780,29,40,N,R,0
1780,29,40,E,L,0
1780,29,40,E,T,0
1780,29,40,E,R,0
1780,29,40,S,L,0
1780,29,40,S,T,1
1780,29,40,S,R,0
1780,29,40,W,L,0
1780,29,40,W,T,0
1780,29,40,W,R,0
1781,29,41,N,L,0
1781,29,41,N,T,0
1781,29,41,N,R,0
1781,29,41,E,L,0
1781,29,41,E,T,0
1781,29,41,E,R,0
1781,29,41,S,L,0
1781,29,41,S,T,1
1781,29,41,S,R,0
1781,29,41,W,L,0
1781,29,41,W,T,0
1781,29,41,W,R,0
1782,29,42,N,L,0
1782,29,42,N,T,0
1782,29,42,N,R,0
1782,29,42,E,L,0
1782,29,42,E,T,0
1782,29,42,E,R,0
1782,29,42,S,L,0
1782,29,42,S,T,0
1782,29,42,S,R,1
1782,29,42,W,L,0
1782,29,42,W,T,0
1782,29,42,W,R,0
1783,29,43,N,L,0
1783,29,43,N,T,1
1783,29,43,N,R,0
1783,29,43,E,L,0
1783,29,43,E,T,1
1783,29,43,E,R,0
1783,29,43,S,L,1
1783,29,43,S,T,0
1783,29,43,S,R,0
1783,29,43,W,L,0
1783,29,43,W,T,0
1783,29,43,W,R,0
1784,29,44,N,L,0
1784,29,44,N,T,0
1784,29,44,N,R,0
1784,29,44,E,L,0
1784,29,44,E,T,0
1784,29,44,E,R,0
1784,29,44,S,L,0
1784,29,44,S,T,0
1784,29,44,S,R,0
1784,29,44,W,L,0
1784,29,44,W,T,0
1784,29,44,W,R,0
1785,29,45,N,L,0
1785,29,45,N,T,0
1785,29,45,N,R,0
1785,29,45,E,L,0
1785,29,45,E,T,0
1785,29,45,E,R,0
1785,29,45,S,L,0
1785,29,45,S,T,0
1785,29,45,S,R,0
1785,29,45,W,L,0
1785,29,45,W,T,0
1785,29,45,W,R,0
1786,29,46,N,L,0
1786,29,46,N,T,1
1786,29,46,N,R,0
1786,29,46,E,L,0
1786,29,46,E,T,1
1786,29,46,E,R,0
1786,29,46,S,L,0
1786,29,46,S,T,1
1786,29,46,S,R,0
1786,29,46,W,L,0
1786,29,46,W,T,0
1786,29,46,W,R,0
1787,29,47,N,L,0
1787,29,47,N,T,1
1787,29,47,N,R,0
1787,29,47,E,L,0
1787,29,47,E,T,0
1787,29,47,E,R,1
1787,29,47,S,L,1
1787,29,47,S,T,0
1787,29,47,S,R,0
1787,29,47,W,L,0
1787,29,47,W,T,1
1787,29,47,W,R,0
1788,29,48,N,L,0
1788,29,48,N,T,0
1788,29,48,N,R,0
1788,29,48,E,L,0
1788,29,48,E,T,0
1788,29,48,E,R,0
1788,29,48,S,L,0
1788,29,48,S,T,1
1788,29,48,S,R,0
1788,29,48,W,L,1
1788,29,48,W,T,0
1788,29,48,W,R,0
1789,29,49,N,L,0
1789,29,49,N,T,0
1789,29,49,N,R,0
1789,29,49,E,L,0
1789,29,49,E,T,0
1789,29,49,E,R,0
1789,29,49,S,L,0
1789,29,49,S,T,0
1789,29,49,S,R,0
1789,29,49,W,L,0
1789,29,49,W,T,0
1789,29,49,W,R,0
1790,29,50,N,L,0
1790,29,50,N,T,1
1790,29,50,N,R,0
1790,29,50,E,L,0
1790,29,50,E,T,0
1790,29,50,E,R,0
1790,29,50,S,L,0
1790,29,50,S,T,1
1790,29,50,S,R,0
1790,29,50,W,L,0
1790,29,50,W,T,0
1790,29,50,W,R,0
1791,29,51,N,L,0
1791,29,51,N,T,0
1791,29,51,N,R,0
1791,29,51,E,L,0
1791,29,51,E,T,1
1791,29,51,E,R,0
1791,29,51,S,L,0
1791,29,51,S,T,0
1791,29,51,S,R,0
1791,29,51,W,L,0
1791,29,51,W,T,2
1791,29,51,W,R,0
1792,29,52,N,L,0
1792,29,52,N,T,2
1792,29,52,N,R,0
1792,29,52,E,L,0
1792,29,52,E,T,0
1792,29,52,E,R,0
1792,29,52,S,L,0
1792,29,52,S,T,0
1792,29,52,S,R,0
1792,29,52,W,L,0
1792,29,52,W,T,0
1792,29,52,W,R,0
1793,29,53,N,L,2
1793,29,53,N,T,0
1793,29,53,N,R,0
1793,29,53,E,L,0
1793,29,53,E,T,1
1793,29,53,E,R,0
1793,29,53,S,L,0
1793,29,53,S,T,0
1793,29,53,S,R,0
1793,29,53,W,L,0
1793,29,53,W,T,0
1793,29,53,W,R,0
1794,29,54,N,L,0
1794,29,54,N,T,0
1794,29,54,N,R,0
1794,29,54,E,L,0
1794,29,54,E,T,0
1794,29,54,E,R,0
1794,29,54,S,L,0
1794,29,54,S,T,0
1794,29,54,S,R,0
1794,29,54,W,L,0
1794,29,54,W,T,0
1794,29,54,W,R,0
1795,29,55,N,L,0
1795,29,55,N,T,1
1795,29,55,N,R,1
1795,29,55,E,L,0
1795,29,55,E,T,1
1795,29,55,E,R,0
1795,29,55,S,L,0
1795,29,55,S,T,1
1795,29,55,S,R,0
1795,29,55,W,L,0
1795,29,55,W,T,0
1795,29,55,W,R,0
1796,29,56,N,L,0
1796,29,56,N,T,0
1796,29,56,N,R,0
1796,29,56,E,L,0
1796,29,56,E,T,0
1796,29,56,E,R,0
1796,29,56,S,L,0
1796,29,56,S,T,1
1796,29,56,S,R,0
1796,29,56,W,L,1
1796,29,56,W,T,0
1796,29,56,W,R,0
1797,29,57,N,L,0
1797,29,57,N,T,0
1797,29,57,N,R,0
1797,29,57,E,L,0
1797,29,57,E,T,1
1797,29,57,E,R,0
1797,29,57,S,L,0
1797,29,57,S,T,0
1797,29,57,S,R,0
1797,29,57,W,L,0
1797,29,57,W,T,1
1797,29,57,W,R,0
1798,29,58,N,L,0
1798,29,58,N,T,0
1798,29,58,N,R,0
1798,29,58,E,L,0
1798,29,58,E,T,1
1798,29,58,E,R,0
1798,29,58,S,L,0
1798,29,58,S,T,0
1798,29,58,S,R,0
1798,29,58,W,L,0
1798,29,58,W,T,0
1798,29,58,W,R,0
1799,29,59,N,L,0
1799,29,59,N,T,0
1799,29,59,N,R,0
1799,29,59,E,L,0
1799,29,59,E,T,0
1799,29,59,E,R,0
1799,29,59,S,L,0
1799,29,59,S,T,0
1799,29,59,S,R,0
1799,29,59,W,L,0
1799,29,59,W,T,0
1799,29,59,W,R,0
1800,30,00,N,L,0
1800,30,00,N,T,0
1800,30,00,N,R,0
1800,30,00,E,L,0
1800,30,00,E,T,0
1800,30,00,E,R,0
1800,30,00,S,L,0
1800,30,00,S,T,0
1800,30,00,S,R,0
1800,30,00,W,L,0
1800,30,00,W,T,0
1800,30,00,W,R,0
1801,30,01,N,L,0
1801,30,01,N,T,1
1801,30,01,N,R,0
1801,30,01,E,L,0
1801,30,01,E,T,1
1801,30,01,E,R,1
1801,30,01,S,L,0
1801,30,01,S,T,0
1801,30,01,S,R,0
1801,30,01,W,L,0
1801,30,01,W,T,0
1801,30,01,W,R,0
1802,30,02,N,L,0
1802,30,02,N,T,0
1802,30,02,N,R,0
1802,30,02,E,L,0
1802,30,02,E,T,0
1802,30,02,E,R,1
1802,30,02,S,L,0
1802,30,02,S,T,0
1802,30,02,S,R,0
1802,30,02,W,L,0
1802,30,02,W,T,1
1802,30,02,W,R,0
1803,30,03,N,L,0
1803,30,03,N,T,0
1803,30,03,N,R,0
1803,30,03,E,L,0
1803,30,03,E,T,0
1803,30,03,E,R,0
1803,30,03,S,L,0
1803,30,03,S,T,0
1803,30,03,S,R,0
1803,30,03,W,L,0
1803,30,03,W,T,0
1803,30,03,W,R,0
1804,30,04,N,L,0
1804,30,04,N,T,2
1804,30,04,N,R,0
1804,30,04,E,L,0
1804,30,04,E,T,1
1804,30,04,E,R,0
1804,30,04,S,L,0
1804,30,04,S,T,0
1804,30,04,S,R,0
1804,30,04,W,L,1
1804,30,04,W,T,0
1804,30,04,W,R,0
1805,30,05,N,L,0
1805,30,05,N,T,0
1805,30,05,N,R,0
1805,30,05,E,L,0
1805,30,05,E,T,1
1805,30,05,E,R,0
1805,30,05,S,L,0
1805,30,05,S,T,1
1805,30,05,S,R,0
1805,30,05,W,L,0
1805,30,05,W,T,0
1805,30,05,W,R,0
1806,30,06,N,L,0
1806,30,06,N,T,1
1806,30,06,N,R,0
1806,30,06,E,L,0
1806,30,06,E,T,0
1806,30,06,E,R,0
1806,30,06,S,L,0
1806,30,06,S,T,0
1806,30,06,S,R,0
1806,30,06,W,L,0
1806,30,06,W,T,1
1806,30,06,W,R,0
1807,30,07,N,L,0
1807,30,07,N,T,0
1807,30,07,N,R,0
1807,30,07,E,L,0
1807,30,07,E,T,0
1807,30,07,E,R,0
1807,30,07,S,L,0
1807,30,07,S,T,3
1807,30,07,S,R,0
1807,30,07,W,L,0
1807,30,07,W,T,0
1807,30,07,W,R,1
1808,30,08,N,L,0
1808,30,08,N,T,0
1808,30,08,N,R,0
1808,30,08,E,L,0
1808,30,08,E,T,1
1808,30,08,E,R,0
1808,30,08,S,L,0
1808,30,08,S,T,0
1808,30,08,S,R,0
1808,30,08,W,L,0
1808,30,08,W,T,0
1808,30,08,W,R,0
1809,30,09,N,L,0
1809,30,09,N,T,0
1809,30,09,N,R,1
1809,30,09,E,L,0
1809,30,09,E,T,0
1809,30,09,E,R,0
1809,30,09,S,L,0
1809,30,09,S,T,1
1809,30,09,S,R,0
1809,30,09,W,L,0
1809,30,09,W,T,2
1809,30,09,W,R,0
1810,30,10,N,L,0
1810,30,10,N,T,0
1810,30,10,N,R,0
1810,30,10,E,L,0
1810,30,10,E,T,1
1810,30,10,E,R,0
1810,30,10,S,L,0
1810,30,10,S,T,0
1810,30,10,S,R,0
1810,30,10,W,L,0
1810,30,10,W,T,0
1810,30,10,W,R,0
1811,30,11,N,L,0
1811,30,11,N,T,0
1811,30,11,N,R,0
1811,30,11,E,L,0
1811,30,11,E,T,0
1811,30,11,E,R,0
1811,30,11,S,L,0
1811,30,11,S,T,1
1811,30,11,S,R,0
1811,30,11,W,L,0
1811,30,11,W,T,1
1811,30,11,W,R,0
1812,30,12,N,L,0
1812,30,12,N,T,1
1812,30,12,N,R,0
1812,30,12,E,L,0
1812,30,12,E,T,1
1812,30,12,E,R,0
1812,30,12,S,L,0
1812,30,12,S,T,1
1812,30,12,S,R,0
1812,30,12,W,L,0
1812,30,12,W,T,0
1812,30,12,W,R,0
1813,30,13,N,L,0
1813,30,13,N,T,0
1813,30,13,N,R,0
1813,30,13,E,L,0
1813,30,13,E,T,0
1813,30,13,E,R,1
1813,30,13,S,L,0
1813,30,13,S,T,1
1813,30,13,S,R,0
1813,30,13,W,L,0
1813,30,13,W,T,0
1813,30,13,W,R,0
1814,30,14,N,L,0
1814,30,14,N,T,0
1814,30,14,N,R,0
1814,30,14,E,L,0
1814,30,14,E,T,0
1814,30,14,E,R,0
1814,30,14,S,L,0
1814,30,14,S,T,0
1814,30,14,S,R,0
1814,30,14,W,L,0
1814,30,14,W,T,0
1814,30,14,W,R,0
1815,30,15,N,L,0
1815,30,15,N,T,1
1815,30,15,N,R,0
1815,30,15,E,L,0
1815,30,15,E,T,0
1815,30,15,E,R,0
1815,30,15,S,L,0
1815,30,15,S,T,0
1815,30,15,S,R,0
1815,30,15,W,L,0
1815,30,15,W,T,0
1815,30,15,W,R,0
1816,30,16,N,L,0
1816,30,16,N,T,1
1816,30,16,N,R,1
1816,30,16,E,L,0
1816,30,16,E,T,1
1816,30,16,E,R,0
1816,30,16,S,L,0
1816,30,16,S,T,0
1816,30,16,S,R,1
1816,30,16,W,L,0
1816,30,16,W,T,1
1816,30,16,W,R,0
1817,30,17,N,L,0
1817,30,17,N,T,0
1817,30,17,N,R,0
1817,30,17,E,L,0
1817,30,17,E,T,0
1817,30,17,E,R,0
1817,30,17,S,L,0
1817,30,17,S,T,0
1817,30,17,S,R,0
1817,30,17,W,L,0
1817,30,17,W,T,0
1817,30,17,W,R,0
1818,30,18,N,L,0
1818,30,18,N,T,0
1818,30,18,N,R,0
1818,30,18,E,L,0
1818,30,18,E,T,0
1818,30,18,E,R,0
1818,30,18,S,L,0
1818,30,18,S,T,0
1818,30,18,S,R,0
1818,30,18,W,L,0
1818,30,18,W,T,0
1818,30,18,W,R,0
1819,30,19,N,L,0
1819,30,19,N,T,0
1819,30,19,N,R,0
1819,30,19,E,L,0
1819,30,19,E,T,0
1819,30,19,E,R,0
1819,30,19,S,L,0
1819,30,19,S,T,1
1819,30,19,S,R,1
1819,30,19,W,L,0
1819,30,19,W,T,0
1819,30,19,W,R,0
1820,30,20,N,L,0
1820,30,20,N,T,0
1820,30,20,N,R,0
1820,30,20,E,L,0
1820,30,20,E,T,0
1820,30,20,E,R,0
1820,30,20,S,L,1
1820,30,20,S,T,0
1820,30,20,S,R,0
1820,30,20,W,L,0
1820,30,20,W,T,0
1820,30,20,W,R,0
1821,30,21,N,L,1
1821,30,21,N,T,0
1821,30,21,N,R,0
1821,30,21,E,L,0
1821,30,21,E,T,0
1821,30,21,E,R,0
1821,30,21,S,L,0
1821,30,21,S,T,1
1821,30,21,S,R,0
1821,30,21,W,L,0
1821,30,21,W,T,0
1821,30,21,W,R,0
1822,30,22,N,L,0
1822,30,22,N,T,1
1822,30,22,N,R,1
1822,30,22,E,L,0
1822,30,22,E,T,0
1822,30,22,E,R,0
1822,30,22,S,L,0
1822,30,22,S,T,0
1822,30,22,S,R,0
1822,30,22,W,L,0
1822,30,22,W,T,0
1822,30,22,W,R,0
1823,30,23,N,L,0
1823,30,23,N,T,0
1823,30,23,N,R,0
1823,30,23,E,L,0
1823,30,23,E,T,1
1823,30,23,E,R,0
1823,30,23,S,L,0
1823,30,23,S,T,0
1823,30,23,S,R,0
1823,30,23,W,L,1
1823,30,23,W,T,0
1823,30,23,W,R,0
1824,30,24,N,L,0
1824,30,24,N,T,0
1824,30,24,N,R,0
1824,30,24,E,L,0
1824,30,24,E,T,0
1824,30,24,E,R,0
1824,30,24,S,L,0
1824,30,24,S,T,0
1824,30,24,S,R,0
1824,30,24,W,L,0
1824,30,24,W,T,2
1824,30,24,W,R,0
1825,30,25,N,L,0
1825,30,25,N,T,0
1825,30,25,N,R,0
1825,30,25,E,L,0
1825,30,25,E,T,0
1825,30,25,E,R,0
1825,30,25,S,L,0
1825,30,25,S,T,0
1825,30,25,S,R,0
1825,30,25,W,L,0
1825,30,25,W,T,0
1825,30,25,W,R,0
1826,30,26,N,L,0
1826,30,26,N,T,0
1826,30,26,N,R,0
1826,30,26,E,L,0
1826,30,26,E,T,0
1826,30,26,E,R,0
1826,30,26,S,L,0
1826,30,26,S,T,0
1826,30,26,S,R,0
1826,30,26,W,L,0
1826,30,26,W,T,0
1826,30,26,W,R,0
1827,30,27,N,L,0
1827,30,27,N,T,0
1827,30,27,N,R,1
1827,30,27,E,L,0
1827,30,27,E,T,0
1827,30,27,E,R,0
1827,30,27,S,L,0
1827,30,27,S,T,0
1827,30,27,S,R,0
1827,30,27,W,L,0
1827,30,27,W,T,0
1827,30,27,W,R,0
1828,30,28,N,L,0
1828,30,28,N,T,0
1828,30,28,N,R,0
1828,30,28,E,L,0
1828,30,28,E,T,0
1828,30,28,E,R,1
1828,30,28,S,L,0
1828,30,28,S,T,0
1828,30,28,S,R,0
1828,30,28,W,L,0
1828,30,28,W,T,0
1828,30,28,W,R,0
1829,30,29,N,L,0
1829,30,29,N,T,2
1829,30,29,N,R,0
1829,30,29,E,L,0
1829,30,29,E,T,1
1829,30,29,E,R,0
1829,30,29,S,L,0
1829,30,29,S,T,0
1829,30,29,S,R,0
1829,30,29,W,L,0
1829,30,29,W,T,0
1829,30,29,W,R,0
1830,30,30,N,L,0
1830,30,30,N,T,0
1830,30,30,N,R,0
1830,30,30,E,L,0
1830,30,30,E,T,1
1830,30,30,E,R,0
1830,30,30,S,L,0
1830,30,30,S,T,0
1830,30,30,S,R,1
1830,30,30,W,L,0
1830,30,30,W,T,0
1830,30,30,W,R,0
1831,30,31,N,L,0
1831,30,31,N,T,1
1831,30,31,N,R,0
1831,30,31,E,L,0
1831,30,31,E,T,0
1831,30,31,E,R,0
1831,30,31,S,L,0
1831,30,31,S,T,1
1831,30,31,S,R,0
1831,30,31,W,L,0
1831,30,31,W,T,0
1831,30,31,W,R,0
1832,30,32,N,L,0
1832,30,32,N,T,0
1832,30,32,N,R,0
1832,30,32,E,L,0
1832,30,32,E,T,0
1832,30,32,E,R,0
1832,30,32,S,L,0
1832,30,32,S,T,0
1832,30,32,S,R,0
1832,30,32,W,L,0
1832,30,32,W,T,0
1832,30,32,W,R,0
1833,30,33,N,L,1
1833,30,33,N,T,0
1833,30,33,N,R,0
1833,30,33,E,L,0
1833,30,33,E,T,0
1833,30,33,E,R,0
1833,30,33,S,L,0
1833,30,33,S,T,0
1833,30,33,S,R,0
1833,30,33,W,L,0
1833,30,33,W,T,0
1833,30,33,W,R,0
1834,30,34,N,L,0
1834,30,34,N,T,1
1834,30,34,N,R,0
1834,30,34,E,L,0
1834,30,34,E,T,0
1834,30,34,E,R,0
1834,30,34,S,L,0
1834,30,34,S,T,0
1834,30,34,S,R,0
1834,30,34,W,L,0
1834,30,34,W,T,2
1834,30,34,W,R,0
1835,30,35,N,L,0
1835,30,35,N,T,0
1835,30,35,N,R,0
1835,30,35,E,L,0
1835,30,35,E,T,0
1835,30,35,E,R,0
1835,30,35,S,L,0
1835,30,35,S,T,1
1835,30,35,S,R,0
1835,30,35,W,L,0
1835,30,35,W,T,0
1835,30,35,W,R,0
1836,30,36,N,L,0
1836,30,36,N,T,0
1836,30,36,N,R,0
1836,30,36,E,L,0
1836,30,36,E,T,0
1836,30,36,E,R,0
1836,30,36,S,L,1
1836,30,36,S,T,0
1836,30,36,S,R,0
1836,30,36,W,L,0
1836,30,36,W,T,0
1836,30,36,W,R,0
1837,30,37,N,L,0
1837,30,37,N,T,0
1837,30,37,N,R,0
1837,30,37,E,L,0
1837,30,37,E,T,0
1837,30,37,E,R,0
1837,30,37,S,L,0
1837,30,37,S,T,0
1837,30,37,S,R,0
1837,30,37,W,L,0
1837,30,37,W,T,0
1837,30,37,W,R,0
1838,30,38,N,L,0
1838,30,38,N,T,1
1838,30,38,N,R,0
1838,30,38,E,L,0
1838,30,38,E,T,0
1838,30,38,E,R,0
1838,30,38,S,L,0
1838,30,38,S,T,0
1838,30,38,S,R,0
1838,30,38,W,L,0
1838,30,38,W,T,0
1838,30,38,W,R,0
1839,30,39,N,L,0
1839,30,39,N,T,0
1839,30,39,N,R,0
1839,30,39,E,L,0
1839,30,39,E,T,0
1839,30,39,E,R,0
1839,30,39,S,L,0
1839,30,39,S,T,0
1839,30,39,S,R,1
1839,30,39,W,L,0
1839,30,39,W,T,0
1839,30,39,W,R,0
1840,30,40,N,L,0
1840,30,40,N,T,0
1840,30,40,N,R,0
1840,30,40,E,L,0
1840,30,40,E,T,0
1840,30,40,E,R,0
1840,30,40,S,L,0
1840,30,40,S,T,0
1840,30,40,S,R,0
1840,30,40,W,L,0
1840,30,40,W,T,0
1840,30,40,W,R,0
1841,30,41,N,L,1
1841,30,41,N,T,0
1841,30,41,N,R,0
1841,30,41,E,L,0
1841,30,41,E,T,1
1841,30,41,E,R,1
1841,30,41,S,L,0
1841,30,41,S,T,1
1841,30,41,S,R,0
1841,30,41,W,L,0
1841,30,41,W,T,0
1841,30,41,W,R,0
1842,30,42,N,L,0
1842,30,42,N,T,0
1842,30,42,N,R,0
1842,30,42,E,L,0
1842,30,42,E,T,0
1842,30,42,E,R,0
1842,30,42,S,L,0
1842,30,42,S,T,0
1842,30,42,S,R,0
1842,30,42,W,L,0
1842,30,42,W,T,2
1842,30,42,W,R,0
1843,30,43,N,L,1
1843,30,43,N,T,0
1843,30,43,N,R,0
1843,30,43,E,L,0
1843,30,43,E,T,0
1843,30,43,E,R,0
1843,30,43,S,L,0
1843,30,43,S,T,2
1843,30,43,S,R,0
1843,30,43,W,L,0
1843,30,43,W,T,0
1843,30,43,W,R,0
1844,30,44,N,L,0
1844,30,44,N,T,0
1844,30,44,N,R,0
1844,30,44,E,L,1
1844,30,44,E,T,0
1844,30,44,E,R,0
1844,30,44,S,L,0
1844,30,44,S,T,0
1844,30,44,S,R,0
1844,30,44,W,L,0
1844,30,44,W,T,0
1844,30,44,W,R,0
1845,30,45,N,L,0
1845,30,45,N,T,1
1845,30,45,N,R,0
1845,30,45,E,L,0
1845,30,45,E,T,1
1845,30,45,E,R,0
1845,30,45,S,L,0
1845,30,45,S,T,1
1845,30,45,S,R,0
1845,30,45,W,L,0
1845,30,45,W,T,1
1845,30,45,W,R,0
1846,30,46,N,L,0
1846,30,46,N,T,0
1846,30,46,N,R,0
1846,30,46,E,L,0
1846,30,46,E,T,0
1846,30,46,E,R,0
1846,30,46,S,L,0
1846,30,46,S,T,0
1846,30,46,S,R,0
1846,30,46,W,L,0
1846,30,46,W,T,0
1846,30,46,W,R,0
1847,30,47,N,L,0
1847,30,47,N,T,0
1847,30,47,N,R,0
1847,30,47,E,L,0
1847,30,47,E,T,0
1847,30,47,E,R,0
1847,30,47,S,L,0
1847,30,47,S,T,1
1847,30,47,S,R,0
1847,30,47,W,L,0
1847,30,47,W,T,0
1847,30,47,W,R,0
1848,30,48,N,L,0
1848,30,48,N,T,1
1848,30,48,N,R,0
1848,30,48,E,L,0
1848,30,48,E,T,1
1848,30,48,E,R,0
1848,30,48,S,L,0
1848,30,48,S,T,0
1848,30,48,S,R,0
1848,30,48,W,L,0
1848,30,48,W,T,0
1848,30,48,W,R,1
1849,30,49,N,L,0
1849,30,49,N,T,0
1849,30,49,N,R,0
1849,30,49,E,L,0
1849,30,49,E,T,0
1849,30,49,E,R,0
1849,30,49,S,L,0
1849,30,49,S,T,0
1849,30,49,S,R,0
1849,30,49,W,L,0
1849,30,49,W,T,0
1849,30,49,W,R,0
1850,30,50,N,L,0
1850,30,50,N,T,0
1850,30,50,N,R,0
1850,30,50,E,L,0
1850,30,50,E,T,0
1850,30,50,E,R,0
1850,30,50,S,L,0
1850,30,50,S,T,0
1850,30,50,S,R,0
1850,30,50,W,L,0
1850,30,50,W,T,0
1850,30,50,W,R,0
1851,30,51,N,L,0
1851,30,51,N,T,0
1851,30,51,N,R,0
1851,30,51,E,L,0
1851,30,51,E,T,0
1851,30,51,E,R,0
1851,30,51,S,L,1
1851,30,51,S,T,0
1851,30,51,S,R,0
1851,30,51,W,L,0
1851,30,51,W,T,1
1851,30,51,W,R,0
1852,30,52,N,L,0
1852,30,52,N,T,0
1852,30,52,N,R,0
1852,30,52,E,L,0
1852,30,52,E,T,0
1852,30,52,E,R,0
1852,30,52,S,L,0
1852,30,52,S,T,1
1852,30,52,S,R,0
1852,30,52,W,L,0
1852,30,52,W,T,0
1852,30,52,W,R,0
1853,30,53,N,L,0
1853,30,53,N,T,0
1853,30,53,N,R,0
1853,30,53,E,L,0
1853,30,53,E,T,0
1853,30,53,E,R,0
1853,30,53,S,L,0
1853,30,53,S,T,0
1853,30,53,S,R,0
1853,30,53,W,L,0
1853,30,53,W,T,0
1853,30,53,W,R,0
1854,30,54,N,L,0
1854,30,54,N,T,0
1854,30,54,N,R,0
1854,30,54,E,L,0
1854,30,54,E,T,0
1854,30,54,E,R,0
1854,30,54,S,L,0
1854,30,54,S,T,0
1854,30,54,S,R,0
1854,30,54,W,L,0
1854,30,54,W,T,0
1854,30,54,W,R,0
1855,30,55,N,L,0
1855,30,55,N,T,0
1855,30,55,N,R,0
1855,30,55,E,L,0
1855,30,55,E,T,0
1855,30,55,E,R,0
1855,30,55,S,L,0
1855,30,55,S,T,0
1855,30,55,S,R,0
1855,30,55,W,L,0
1855,30,55,W,T,1
1855,30,55,W,R,0
1856,30,56,N,L,0
1856,30,56,N,T,0
1856,30,56,N,R,0
1856,30,56,E,L,0
1856,30,56,E,T,0
1856,30,56,E,R,0
1856,30,56,S,L,0
1856,30,56,S,T,1
1856,30,56,S,R,0
1856,30,56,W,L,0
1856,30,56,W,T,0
1856,30,56,W,R,0
1857,30,57,N,L,0
1857,30,57,N,T,1
1857,30,57,N,R,0
1857,30,57,E,L,0
1857,30,57,E,T,0
1857,30,57,E,R,0
1857,30,57,S,L,0
1857,30,57,S,T,0
1857,30,57,S,R,0
1857,30,57,W,L,0
1857,30,57,W,T,1
1857,30,57,W,R,0
1858,30,58,N,L,0
1858,30,58,N,T,0
1858,30,58,N,R,0
1858,30,58,E,L,0
1858,30,58,E,T,0
1858,30,58,E,R,0
1858,30,58,S,L,0
1858,30,58,S,T,0
1858,30,58,S,R,0
1858,30,58,W,L,1
1858,30,58,W,T,0
1858,30,58,W,R,0
1859,30,59,N,L,0
1859,30,59,N,T,1
1859,30,59,N,R,0
1859,30,59,E,L,0
1859,30,59,E,T,0
1859,30,59,E,R,0
1859,30,59,S,L,0
1859,30,59,S,T,0
1859,30,59,S,R,0
1859,30,59,W,L,0
1859,30,59,W,T,1
1859,30,59,W,R,0
1860,31,00,N,L,0
1860,31,00,N,T,0
1860,31,00,N,R,0
1860,31,00,E,L,0
1860,31,00,E,T,1
1860,31,00,E,R,0
1860,31,00,S,L,0
1860,31,00,S,T,2
1860,31,00,S,R,0
1860,31,00,W,L,0
1860,31,00,W,T,0
1860,31,00,W,R,0
1861,31,01,N,L,0
1861,31,01,N,T,0
1861,31,01,N,R,0
1861,31,01,E,L,0
1861,31,01,E,T,0
1861,31,01,E,R,0
1861,31,01,S,L,0
1861,31,01,S,T,0
1861,31,01,S,R,0
1861,31,01,W,L,0
1861,31,01,W,T,0
1861,31,01,W,R,0
1862,31,02,N,L,0
1862,31,02,N,T,0
1862,31,02,N,R,0
1862,31,02,E,L,0
1862,31,02,E,T,0
1862,31,02,E,R,0
1862,31,02,S,L,0
1862,31,02,S,T,0
1862,31,02,S,R,0
1862,31,02,W,L,0
1862,31,02,W,T,0
1862,31,02,W,R,0
1863,31,03,N,L,0
1863,31,03,N,T,0
1863,31,03,N,R,0
1863,31,03,E,L,0
1863,31,03,E,T,0
1863,31,03,E,R,0
1863,31,03,S,L,0
1863,31,03,S,T,0
1863,31,03,S,R,0
1863,31,03,W,L,0
1863,31,03,W,T,0
1863,31,03,W,R,0
1864,31,04,N,L,0
1864,31,04,N,T,1
1864,31,04,N,R,0
1864,31,04,E,L,0
1864,31,04,E,T,1
1864,31,04,E,R,0
1864,31,04,S,L,0
1864,31,04,S,T,1
1864,31,04,S,R,0
1864,31,04,W,L,0
1864,31,04,W,T,0
1864,31,04,W,R,0
1865,31,05,N,L,0
1865,31,05,N,T,0
1865,31,05,N,R,0
1865,31,05,E,L,0
1865,31,05,E,T,0
1865,31,05,E,R,0
1865,31,05,S,L,0
1865,31,05,S,T,0
1865,31,05,S,R,0
1865,31,05,W,L,0
1865,31,05,W,T,0
1865,31,05,W,R,0
1866,31,06,N,L,0
1866,31,06,N,T,0
1866,31,06,N,R,0
1866,31,06,E,L,0
1866,31,06,E,T,0
1866,31,06,E,R,0
1866,31,06,S,L,0
1866,31,06,S,T,1
1866,31,06,S,R,0
1866,31,06,W,L,0
1866,31,06,W,T,0
1866,31,06,W,R,0
1867,31,07,N,L,0
1867,31,07,N,T,0
1867,31,07,N,R,0
1867,31,07,E,L,0
1867,31,07,E,T,0
1867,31,07,E,R,0
1867,31,07,S,L,0
1867,31,07,S,T,0
1867,31,07,S,R,0
1867,31,07,W,L,0
1867,31,07,W,T,0
1867,31,07,W,R,0
1868,31,08,N,L,0
1868,31,08,N,T,0
1868,31,08,N,R,0
1868,31,08,E,L,0
1868,31,08,E,T,0
1868,31,08,E,R,0
1868,31,08,S,L,0
1868,31,08,S,T,0
1868,31,08,S,R,0
1868,31,08,W,L,0
1868,31,08,W,T,0
1868,31,08,W,R,0
1869,31,09,N,L,0
1869,31,09,N,T,1
1869,31,09,N,R,1
1869,31,09,E,L,0
1869,31,09,E,T,0
1869,31,09,E,R,0
1869,31,09,S,L,0
1869,31,09,S,T,0
1869,31,09,S,R,0
1869,31,09,W,L,0
1869,31,09,W,T,0
1869,31,09,W,R,0
1870,31,10,N,L,0
1870,31,10,N,T,0
1870,31,10,N,R,1
1870,31,10,E,L,0
1870,31,10,E,T,0
1870,31,10,E,R,0
1870,31,10,S,L,0
1870,31,10,S,T,0
1870,31,10,S,R,0
1870,31,10,W,L,1
1870,31,10,W,T,1
1870,31,10,W,R,0
1871,31,11,N,L,0
1871,31,11,N,T,0
1871,31,11,N,R,0
1871,31,11,E,L,0
1871,31,11,E,T,0
1871,31,11,E,R,0
1871,31,11,S,L,0
1871,31,11,S,T,0
1871,31,11,S,R,0
1871,31,11,W,L,0
1871,31,11,W,T,0
1871,31,11,W,R,0
1872,31,12,N,L,0
1872,31,12,N,T,0
1872,31,12,N,R,0
1872,31,12,E,L,0
1872,31,12,E,T,0
1872,31,12,E,R,0
1872,31,12,S,L,0
1872,31,12,S,T,0
1872,31,12,S,R,0
1872,31,12,W,L,1
1872,31,12,W,T,0
1872,31,12,W,R,0
1873,31,13,N,L,0
1873,31,13,N,T,2
1873,31,13,N,R,1
1873,31,13,E,L,0
1873,31,13,E,T,2
1873,31,13,E,R,0
1873,31,13,S,L,0
1873,31,13,S,T,0
1873,31,13,S,R,0
1873,31,13,W,L,0
1873,31,13,W,T,1
1873,31,13,W,R,0
1874,31,14,N,L,0
1874,31,14,N,T,0
1874,31,14,N,R,0
1874,31,14,E,L,0
1874,31,14,E,T,0
1874,31,14,E,R,0
1874,31,14,S,L,0
1874,31,14,S,T,0
1874,31,14,S,R,0
1874,31,14,W,L,0
1874,31,14,W,T,0
1874,31,14,W,R,0
1875,31,15,N,L,0
1875,31,15,N,T,0
1875,31,15,N,R,0
1875,31,15,E,L,0
1875,31,15,E,T,1
1875,31,15,E,R,0
1875,31,15,S,L,0
1875,31,15,S,T,1
1875,31,15,S,R,0
1875,31,15,W,L,0
1875,31,15,W,T,0
1875,31,15,W,R,0
1876,31,16,N,L,1
1876,31,16,N,T,0
1876,31,16,N,R,2
1876,31,16,E,L,0
1876,31,16,E,T,1
1876,31,16,E,R,0
1876,31,16,S,L,1
1876,31,16,S,T,0
1876,31,16,S,R,0
1876,31,16,W,L,0
1876,31,16,W,T,0
1876,31,16,W,R,0
1877,31,17,N,L,0
1877,31,17,N,T,1
1877,31,17,N,R,0
1877,31,17,E,L,0
1877,31,17,E,T,0
1877,31,17,E,R,0
1877,31,17,S,L,0
1877,31,17,S,T,0
1877,31,17,S,R,0
1877,31,17,W,L,0
1877,31,17,W,T,0
1877,31,17,W,R,0
1878,31,18,N,L,0
1878,31,18,N,T,1
1878,31,18,N,R,0
1878,31,18,E,L,0
1878,31,18,E,T,1
1878,31,18,E,R,0
1878,31,18,S,L,0
1878,31,18,S,T,1
1878,31,18,S,R,0
1878,31,18,W,L,0
1878,31,18,W,T,0
1878,31,18,W,R,0
1879,31,19,N,L,0
1879,31,19,N,T,0
1879,31,19,N,R,0
1879,31,19,E,L,0
1879,31,19,E,T,1
1879,31,19,E,R,0
1879,31,19,S,L,0
1879,31,19,S,T,0
1879,31,19,S,R,0
1879,31,19,W,L,0
1879,31,19,W,T,0
1879,31,19,W,R,0
1880,31,20,N,L,0
1880,31,20,N,T,0
1880,31,20,N,R,0
1880,31,20,E,L,0
1880,31,20,E,T,0
1880,31,20,E,R,0
1880,31,20,S,L,0
1880,31,20,S,T,0
1880,31,20,S,R,0
1880,31,20,W,L,0
1880,31,20,W,T,0
1880,31,20,W,R,0
1881,31,21,N,L,0
1881,31,21,N,T,0
1881,31,21,N,R,0
1881,31,21,E,L,0
1881,31,21,E,T,0
1881,31,21,E,R,0
1881,31,21,S,L,0
1881,31,21,S,T,0
1881,31,21,S,R,0
1881,31,21,W,L,0
1881,31,21,W,T,0
1881,31,21,W,R,0
1882,31,22,N,L,0
1882,31,22,N,T,0
1882,31,22,N,R,0
1882,31,22,E,L,0
1882,31,22,E,T,0
1882,31,22,E,R,0
1882,31,22,S,L,0
1882,31,22,S,T,0
1882,31,22,S,R,0
1882,31,22,W,L,0
1882,31,22,W,T,0
1882,31,22,W,R,0
1883,31,23,N,L,0
1883,31,23,N,T,0
1883,31,23,N,R,0
1883,31,23,E,L,0
1883,31,23,E,T,1
1883,31,23,E,R,0
1883,31,23,S,L,0
1883,31,23,S,T,0
1883,31,23,S,R,0
1883,31,23,W,L,0
1883,31,23,W,T,0
1883,31,23,W,R,0
1884,31,24,N,L,0
1884,31,24,N,T,0
1884,31,24,N,R,0
1884,31,24,E,L,0
1884,31,24,E,T,0
1884,31,24,E,R,0
1884,31,24,S,L,0
1884,31,24,S,T,0
1884,31,24,S,R,0
1884,31,24,W,L,0
1884,31,24,W,T,0
1884,31,24,W,R,0
1885,31,25,N,L,0
1885,31,25,N,T,2
1885,31,25,N,R,0
1885,31,25,E,L,0
1885,31,25,E,T,0
1885,31,25,E,R,0
1885,31,25,S,L,0
1885,31,25,S,T,0
1885,31,25,S,R,0
1885,31,25,W,L,0
1885,31,25,W,T,1
1885,31,25,W,R,0
1886,31,26,N,L,0
1886,31,26,N,T,0
1886,31,26,N,R,0
1886,31,26,E,L,0
1886,31,26,E,T,0
1886,31,26,E,R,0
1886,31,26,S,L,0
1886,31,26,S,T,0
1886,31,26,S,R,0
1886,31,26,W,L,0
1886,31,26,W,T,0
1886,31,26,W,R,0
1887,31,27,N,L,0
1887,31,27,N,T,1
1887,31,27,N,R,0
1887,31,27,E,L,0
1887,31,27,E,T,0
1887,31,27,E,R,0
1887,31,27,S,L,0
1887,31,27,S,T,0
1887,31,27,S,R,0
1887,31,27,W,L,0
1887,31,27,W,T,0
1887,31,27,W,R,0
1888,31,28,N,L,0
1888,31,28,N,T,0
1888,31,28,N,R,0
1888,31,28,E,L,1
1888,31,28,E,T,0
1888,31,28,E,R,0
1888,31,28,S,L,0
1888,31,28,S,T,0
1888,31,28,S,R,0
1888,31,28,W,L,0
1888,31,28,W,T,1
1888,31,28,W,R,0
1889,31,29,N,L,0
1889,31,29,N,T,1
1889,31,29,N,R,0
1889,31,29,E,L,0
1889,31,29,E,T,0
1889,31,29,E,R,0
1889,31,29,S,L,0
1889,31,29,S,T,0
1889,31,29,S,R,0
1889,31,29,W,L,0
1889,31,29,W,T,0
1889,31,29,W,R,0
1890,31,30,N,L,0
1890,31,30,N,T,0
1890,31,30,N,R,0
1890,31,30,E,L,0
1890,31,30,E,T,0
1890,31,30,E,R,0
1890,31,30,S,L,0
1890,31,30,S,T,0
1890,31,30,S,R,0
1890,31,30,W,L,0
1890,31,30,W,T,0
1890,31,30,W,R,0
1891,31,31,N,L,0
1891,31,31,N,T,0
1891,31,31,N,R,0
1891,31,31,E,L,0
1891,31,31,E,T,1
1891,31,31,E,R,0
1891,31,31,S,L,0
1891,31,31,S,T,1
1891,31,31,S,R,0
1891,31,31,W,L,0
1891,31,31,W,T,1
1891,31,31,W,R,0
1892,31,32,N,L,0
1892,31,32,N,T,1
1892,31,32,N,R,0
1892,31,32,E,L,0
1892,31,32,E,T,0
1892,31,32,E,R,0
1892,31,32,S,L,0
1892,31,32,S,T,1
1892,31,32,S,R,0
1892,31,32,W,L,0
1892,31,32,W,T,1
1892,31,32,W,R,0
1893,31,33,N,L,0
1893,31,33,N,T,0
1893,31,33,N,R,0
1893,31,33,E,L,0
1893,31,33,E,T,1
1893,31,33,E,R,0
1893,31,33,S,L,0
1893,31,33,S,T,2
1893,31,33,S,R,0
1893,31,33,W,L,0
1893,31,33,W,T,0
1893,31,33,W,R,0
1894,31,34,N,L,0
1894,31,34,N,T,1
1894,31,34,N,R,0
1894,31,34,E,L,0
1894,31,34,E,T,0
1894,31,34,E,R,0
1894,31,34,S,L,0
1894,31,34,S,T,0
1894,31,34,S,R,0
1894,31,34,W,L,0
1894,31,34,W,T,0
1894,31,34,W,R,0
1895,31,35,N,L,0
1895,31,35,N,T,1
1895,31,35,N,R,0
1895,31,35,E,L,0
1895,31,35,E,T,0
1895,31,35,E,R,0
1895,31,35,S,L,0
1895,31,35,S,T,0
1895,31,35,S,R,0
1895,31,35,W,L,0
1895,31,35,W,T,0
1895,31,35,W,R,0
1896,31,36,N,L,0
1896,31,36,N,T,0
1896,31,36,N,R,0
1896,31,36,E,L,0
1896,31,36,E,T,0
1896,31,36,E,R,0
1896,31,36,S,L,0
1896,31,36,S,T,1
1896,31,36,S,R,0
1896,31,36,W,L,0
1896,31,36,W,T,0
1896,31,36,W,R,0
1897,31,37,N,L,0
1897,31,37,N,T,0
1897,31,37,N,R,0
1897,31,37,E,L,0
1897,31,37,E,T,0
1897,31,37,E,R,0
1897,31,37,S,L,0
1897,31,37,S,T,1
1897,31,37,S,R,0
1897,31,37,W,L,0
1897,31,37,W,T,0
1897,31,37,W,R,0
1898,31,38,N,L,0
1898,31,38,N,T,0
1898,31,38,N,R,0
1898,31,38,E,L,0
1898,31,38,E,T,0
1898,31,38,E,R,0
1898,31,38,S,L,0
1898,31,38,S,T,0
1898,31,38,S,R,0
1898,31,38,W,L,0
1898,31,38,W,T,0
1898,31,38,W,R,0
1899,31,39,N,L,0
1899,31,39,N,T,0
1899,31,39,N,R,0
1899,31,39,E,L,0
1899,31,39,E,T,0
1899,31,39,E,R,0
1899,31,39,S,L,0
1899,31,39,S,T,0
1899,31,39,S,R,0
1899,31,39,W,L,0
1899,31,39,W,T,0
1899,31,39,W,R,0
1900,31,40,N,L,0
1900,31,40,N,T,0
1900,31,40,N,R,0
1900,31,40,E,L,0
1900,31,40,E,T,1
1900,31,40,E,R,0
1900,31,40,S,L,0
1900,31,40,S,T,0
1900,31,40,S,R,0
1900,31,40,W,L,0
1900,31,40,W,T,0
1900,31,40,W,R,0
1901,31,41,N,L,0
1901,31,41,N,T,0
1901,31,41,N,R,0
1901,31,41,E,L,1
1901,31,41,E,T,0
1901,31,41,E,R,0
1901,31,41,S,L,0
1901,31,41,S,T,0
1901,31,41,S,R,0
1901,31,41,W,L,0
1901,31,41,W,T,0
1901,31,41,W,R,0
1902,31,42,N,L,0
1902,31,42,N,T,0
1902,31,42,N,R,0
1902,31,42,E,L,0
1902,31,42,E,T,0
1902,31,42,E,R,0
1902,31,42,S,L,0
1902,31,42,S,T,0
1902,31,42,S,R,0
1902,31,42,W,L,0
1902,31,42,W,T,0
1902,31,42,W,R,1
1903,31,43,N,L,0
1903,31,43,N,T,1
1903,31,43,N,R,0
1903,31,43,E,L,0
1903,31,43,E,T,2
1903,31,43,E,R,0
1903,31,43,S,L,0
1903,31,43,S,T,1
1903,31,43,S,R,0
1903,31,43,W,L,0
1903,31,43,W,T,1
1903,31,43,W,R,0
1904,31,44,N,L,0
1904,31,44,N,T,1
1904,31,44,N,R,0
1904,31,44,E,L,0
1904,31,44,E,T,0
1904,31,44,E,R,0
1904,31,44,S,L,0
1904,31,44,S,T,0
1904,31,44,S,R,0
1904,31,44,W,L,0
1904,31,44,W,T,0
1904,31,44,W,R,0
1905,31,45,N,L,1
1905,31,45,N,T,0
1905,31,45,N,R,0
1905,31,45,E,L,0
1905,31,45,E,T,0
1905,31,45,E,R,0
1905,31,45,S,L,0
1905,31,45,S,T,0
1905,31,45,S,R,0
1905,31,45,W,L,1
1905,31,45,W,T,0
1905,31,45,W,R,0
1906,31,46,N,L,0
1906,31,46,N,T,0
1906,31,46,N,R,0
1906,31,46,E,L,0
1906,31,46,E,T,0
1906,31,46,E,R,0
1906,31,46,S,L,0
1906,31,46,S,T,0
1906,31,46,S,R,0
1906,31,46,W,L,0
1906,31,46,W,T,0
1906,31,46,W,R,0
1907,31,47,N,L,0
1907,31,47,N,T,1
1907,31,47,N,R,1
1907,31,47,E,L,0
1907,31,47,E,T,0
1907,31,47,E,R,0
1907,31,47,S,L,0
1907,31,47,S,T,0
1907,31,47,S,R,0
1907,31,47,W,L,0
1907,31,47,W,T,0
1907,31,47,W,R,0
1908,31,48,N,L,0
1908,31,48,N,T,0
1908,31,48,N,R,0
1908,31,48,E,L,0
1908,31,48,E,T,0
1908,31,48,E,R,0
1908,31,48,S,L,0
1908,31,48,S,T,0
1908,31,48,S,R,0
1908,31,48,W,L,0
1908,31,48,W,T,0
1908,31,48,W,R,0
1909,31,49,N,L,0
1909,31,49,N,T,0
1909,31,49,N,R,0
1909,31,49,E,L,0
1909,31,49,E,T,0
1909,31,49,E,R,0
1909,31,49,S,L,0
1909,31,49,S,T,0
1909,31,49,S,R,0
1909,31,49,W,L,0
1909,31,49,W,T,0
1909,31,49,W,R,0
1910,31,50,N,L,0
1910,31,50,N,T,0
1910,31,50,N,R,1
1910,31,50,E,L,1
1910,31,50,E,T,0
1910,31,50,E,R,0
1910,31,50,S,L,0
1910,31,50,S,T,0
1910,31,50,S,R,0
1910,31,50,W,L,0
1910,31,50,W,T,0
1910,31,50,W,R,0
1911,31,51,N,L,0
1911,31,51,N,T,0
1911,31,51,N,R,0
1911,31,51,E,L,0
1911,31,51,E,T,0
1911,31,51,E,R,0
1911,31,51,S,L,0
1911,31,51,S,T,1
1911,31,51,S,R,0
1911,31,51,W,L,0
1911,31,51,W,T,1
1911,31,51,W,R,0
1912,31,52,N,L,0
1912,31,52,N,T,0
1912,31,52,N,R,0
1912,31,52,E,L,0
1912,31,52,E,T,0
1912,31,52,E,R,0
1912,31,52,S,L,0
1912,31,52,S,T,1
1912,31,52,S,R,0
1912,31,52,W,L,0
1912,31,52,W,T,0
1912,31,52,W,R,0
1913,31,53,N,L,1
1913,31,53,N,T,0
1913,31,53,N,R,0
1913,31,53,E,L,0
1913,31,53,E,T,0
1913,31,53,E,R,0
1913,31,53,S,L,0
1913,31,53,S,T,1
1913,31,53,S,R,0
1913,31,53,W,L,0
1913,31,53,W,T,0
1913,31,53,W,R,0
1914,31,54,N,L,0
1914,31,54,N,T,2
1914,31,54,N,R,0
1914,31,54,E,L,0
1914,31,54,E,T,0
1914,31,54,E,R,0
1914,31,54,S,L,0
1914,31,54,S,T,0
1914,31,54,S,R,0
1914,31,54,W,L,0
1914,31,54,W,T,0
1914,31,54,W,R,0
1915,31,55,N,L,1
1915,31,55,N,T,0
1915,31,55,N,R,0
1915,31,55,E,L,0
1915,31,55,E,T,0
1915,31,55,E,R,0
1915,31,55,S,L,0
1915,31,55,S,T,0
1915,31,55,S,R,0
1915,31,55,W,L,0
1915,31,55,W,T,0
1915,31,55,W,R,0
1916,31,56,N,L,0
1916,31,56,N,T,0
1916,31,56,N,R,0
1916,31,56,E,L,0
1916,31,56,E,T,0
1916,31,56,E,R,0
1916,31,56,S,L,0
1916,31,56,S,T,0
1916,31,56,S,R,0
1916,31,56,W,L,0
1916,31,56,W,T,0
1916,31,56,W,R,0
1917,31,57,N,L,0
1917,31,57,N,T,0
1917,31,57,N,R,0
1917,31,57,E,L,0
1917,31,57,E,T,0
1917,31,57,E,R,0
1917,31,57,S,L,0
1917,31,57,S,T,0
1917,31,57,S,R,0
1917,31,57,W,L,0
1917,31,57,W,T,0
1917,31,57,W,R,0
1918,31,58,N,L,0
1918,31,58,N,T,1
1918,31,58,N,R,0
1918,31,58,E,L,0
1918,31,58,E,T,0
1918,31,58,E,R,0
1918,31,58,S,L,0
1918,31,58,S,T,0
1918,31,58,S,R,0
1918,31,58,W,L,0
1918,31,58,W,T,0
1918,31,58,W,R,0
1919,31,59,N,L,0
1919,31,59,N,T,0
1919,31,59,N,R,0
1919,31,59,E,L,0
1919,31,59,E,T,0
1919,31,59,E,R,0
1919,31,59,S,L,0
1919,31,59,S,T,0
1919,31,59,S,R,0
1919,31,59,W,L,0
1919,31,59,W,T,0
1919,31,59,W,R,0
1920,32,00,N,L,0
1920,32,00,N,T,1
1920,32,00,N,R,0
1920,32,00,E,L,0
1920,32,00,E,T,1
1920,32,00,E,R,0
1920,32,00,S,L,0
1920,32,00,S,T,0
1920,32,00,S,R,0
1920,32,00,W,L,0
1920,32,00,W,T,0
1920,32,00,W,R,0
1921,32,01,N,L,0
1921,32,01,N,T,0
1921,32,01,N,R,0
1921,32,01,E,L,0
1921,32,01,E,T,0
1921,32,01,E,R,0
1921,32,01,S,L,0
1921,32,01,S,T,1
1921,32,01,S,R,0
1921,32,01,W,L,0
1921,32,01,W,T,0
1921,32,01,W,R,0
1922,32,02,N,L,0
1922,32,02,N,T,1
1922,32,02,N,R,0
1922,32,02,E,L,0
1922,32,02,E,T,0
1922,32,02,E,R,1
1922,32,02,S,L,0
1922,32,02,S,T,1
1922,32,02,S,R,0
1922,32,02,W,L,0
1922,32,02,W,T,0
1922,32,02,W,R,0
1923,32,03,N,L,0
1923,32,03,N,T,0
1923,32,03,N,R,0
1923,32,03,E,L,0
1923,32,03,E,T,0
1923,32,03,E,R,0
1923,32,03,S,L,0
1923,32,03,S,T,0
1923,32,03,S,R,0
1923,32,03,W,L,0
1923,32,03,W,T,0
1923,32,03,W,R,0
1924,32,04,N,L,0
1924,32,04,N,T,0
1924,32,04,N,R,0
1924,32,04,E,L,0
1924,32,04,E,T,1
1924,32,04,E,R,0
1924,32,04,S,L,0
1924,32,04,S,T,0
1924,32,04,S,R,0
1924,32,04,W,L,0
1924,32,04,W,T,0
1924,32,04,W,R,0
1925,32,05,N,L,0
1925,32,05,N,T,0
1925,32,05,N,R,0
1925,32,05,E,L,0
1925,32,05,E,T,0
1925,32,05,E,R,0
1925,32,05,S,L,0
1925,32,05,S,T,1
1925,32,05,S,R,0
1925,32,05,W,L,0
1925,32,05,W,T,0
1925,32,05,W,R,0
1926,32,06,N,L,0
1926,32,06,N,T,0
1926,32,06,N,R,1
1926,32,06,E,L,0
1926,32,06,E,T,0
1926,32,06,E,R,0
1926,32,06,S,L,0
1926,32,06,S,T,2
1926,32,06,S,R,0
1926,32,06,W,L,0
1926,32,06,W,T,0
1926,32,06,W,R,0
1927,32,07,N,L,0
1927,32,07,N,T,1
1927,32,07,N,R,0
1927,32,07,E,L,0
1927,32,07,E,T,0
1927,32,07,E,R,0
1927,32,07,S,L,0
1927,32,07,S,T,0
1927,32,07,S,R,0
1927,32,07,W,L,0
1927,32,07,W,T,1
1927,32,07,W,R,0
1928,32,08,N,L,0
1928,32,08,N,T,0
1928,32,08,N,R,0
1928,32,08,E,L,0
1928,32,08,E,T,0
1928,32,08,E,R,0
1928,32,08,S,L,0
1928,32,08,S,T,0
1928,32,08,S,R,0
1928,32,08,W,L,0
1928,32,08,W,T,0
1928,32,08,W,R,0
1929,32,09,N,L,0
1929,32,09,N,T,0
1929,32,09,N,R,0
1929,32,09,E,L,0
1929,32,09,E,T,0
1929,32,09,E,R,0
1929,32,09,S,L,0
1929,32,09,S,T,0
1929,32,09,S,R,0
1929,32,09,W,L,0
1929,32,09,W,T,1
1929,32,09,W,R,0
1930,32,10,N,L,0
1930,32,10,N,T,0
1930,32,10,N,R,0
1930,32,10,E,L,0
1930,32,10,E,T,1
1930,32,10,E,R,0
1930,32,10,S,L,0
1930,32,10,S,T,0
1930,32,10,S,R,0
1930,32,10,W,L,0
1930,32,10,W,T,0
1930,32,10,W,R,0
1931,32,11,N,L,0
1931,32,11,N,T,1
1931,32,11,N,R,0
1931,32,11,E,L,0
1931,32,11,E,T,0
1931,32,11,E,R,0
1931,32,11,S,L,0
1931,32,11,S,T,0
1931,32,11,S,R,0
1931,32,11,W,L,0
1931,32,11,W,T,0
1931,32,11,W,R,0
1932,32,12,N,L,0
1932,32,12,N,T,1
1932,32,12,N,R,0
1932,32,12,E,L,0
1932,32,12,E,T,0
1932,32,12,E,R,0
1932,32,12,S,L,0
1932,32,12,S,T,2
1932,32,12,S,R,0
1932,32,12,W,L,1
1932,32,12,W,T,0
1932,32,12,W,R,0
1933,32,13,N,L,0
1933,32,13,N,T,0
1933,32,13,N,R,0
1933,32,13,E,L,0
1933,32,13,E,T,1
1933,32,13,E,R,0
1933,32,13,S,L,0
1933,32,13,S,T,1
1933,32,13,S,R,0
1933,32,13,W,L,0
1933,32,13,W,T,0
1933,32,13,W,R,0
1934,32,14,N,L,1
1934,32,14,N,T,0
1934,32,14,N,R,0
1934,32,14,E,L,0
1934,32,14,E,T,0
1934,32,14,E,R,0
1934,32,14,S,L,0
1934,32,14,S,T,2
1934,32,14,S,R,0
1934,32,14,W,L,0
1934,32,14,W,T,0
1934,32,14,W,R,0
1935,32,15,N,L,0
1935,32,15,N,T,1
1935,32,15,N,R,0
1935,32,15,E,L,0
1935,32,15,E,T,0
1935,32,15,E,R,0
1935,32,15,S,L,0
1935,32,15,S,T,0
1935,32,15,S,R,0
1935,32,15,W,L,0
1935,32,15,W,T,0
1935,32,15,W,R,0
1936,32,16,N,L,0
1936,32,16,N,T,1
1936,32,16,N,R,0
1936,32,16,E,L,1
1936,32,16,E,T,0
1936,32,16,E,R,0
1936,32,16,S,L,0
1936,32,16,S,T,0
1936,32,16,S,R,0
1936,32,16,W,L,0
1936,32,16,W,T,1
1936,32,16,W,R,0
1937,32,17,N,L,0
1937,32,17,N,T,0
1937,32,17,N,R,0
1937,32,17,E,L,0
1937,32,17,E,T,0
1937,32,17,E,R,0
1937,32,17,S,L,0
1937,32,17,S,T,0
1937,32,17,S,R,0
1937,32,17,W,L,0
1937,32,17,W,T,0
1937,32,17,W,R,0
1938,32,18,N,L,0
1938,32,18,N,T,0
1938,32,18,N,R,1
1938,32,18,E,L,0
1938,32,18,E,T,1
1938,32,18,E,R,0
1938,32,18,S,L,0
1938,32,18,S,T,0
1938,32,18,S,R,0
1938,32,18,W,L,0
1938,32,18,W,T,0
1938,32,18,W,R,0
1939,32,19,N,L,0
1939,32,19,N,T,0
1939,32,19,N,R,0
1939,32,19,E,L,0
1939,32,19,E,T,1
1939,32,19,E,R,0
1939,32,19,S,L,0
1939,32,19,S,T,1
1939,32,19,S,R,0
1939,32,19,W,L,1
1939,32,19,W,T,0
1939,32,19,W,R,0
1940,32,20,N,L,1
1940,32,20,N,T,2
1940,32,20,N,R,0
1940,32,20,E,L,0
1940,32,20,E,T,0
1940,32,20,E,R,1
1940,32,20,S,L,0
1940,32,20,S,T,0
1940,32,20,S,R,0
1940,32,20,W,L,0
1940,32,20,W,T,0
1940,32,20,W,R,0
1941,32,21,N,L,0
1941,32,21,N,T,0
1941,32,21,N,R,0
1941,32,21,E,L,0
1941,32,21,E,T,0
1941,32,21,E,R,0
1941,32,21,S,L,0
1941,32,21,S,T,0
1941,32,21,S,R,0
1941,32,21,W,L,0
1941,32,21,W,T,0
1941,32,21,W,R,0
1942,32,22,N,L,0
1942,32,22,N,T,0
1942,32,22,N,R,0
1942,32,22,E,L,0
1942,32,22,E,T,0
1942,32,22,E,R,0
1942,32,22,S,L,0
1942,32,22,S,T,1
1942,32,22,S,R,0
1942,32,22,W,L,0
1942,32,22,W,T,0
1942,32,22,W,R,0
1943,32,23,N,L,0
1943,32,23,N,T,0
1943,32,23,N,R,0
1943,32,23,E,L,0
1943,32,23,E,T,0
1943,32,23,E,R,0
1943,32,23,S,L,0
1943,32,23,S,T,0
1943,32,23,S,R,0
1943,32,23,W,L,0
1943,32,23,W,T,1
1943,32,23,W,R,0
1944,32,24,N,L,0
1944,32,24,N,T,1
1944,32,24,N,R,0
1944,32,24,E,L,0
1944,32,24,E,T,1
1944,32,24,E,R,0
1944,32,24,S,L,0
1944,32,24,S,T,1
1944,32,24,S,R,0
1944,32,24,W,L,0
1944,32,24,W,T,0
1944,32,24,W,R,0
1945,32,25,N,L,0
1945,32,25,N,T,0
1945,32,25,N,R,0
1945,32,25,E,L,0
1945,32,25,E,T,1
1945,32,25,E,R,0
1945,32,25,S,L,0
1945,32,25,S,T,0
1945,32,25,S,R,0
1945,32,25,W,L,0
1945,32,25,W,T,0
1945,32,25,W,R,0
1946,32,26,N,L,0
1946,32,26,N,T,2
1946,32,26,N,R,0
1946,32,26,E,L,0
1946,32,26,E,T,1
1946,32,26,E,R,0
1946,32,26,S,L,0
1946,32,26,S,T,0
1946,32,26,S,R,1
1946,32,26,W,L,0
1946,32,26,W,T,1
1946,32,26,W,R,0
1947,32,27,N,L,0
1947,32,27,N,T,0
1947,32,27,N,R,0
1947,32,27,E,L,0
1947,32,27,E,T,0
1947,32,27,E,R,0
1947,32,27,S,L,0
1947,32,27,S,T,0
1947,32,27,S,R,0
1947,32,27,W,L,0
1947,32,27,W,T,0
1947,32,27,W,R,0
1948,32,28,N,L,0
1948,32,28,N,T,1
1948,32,28,N,R,0
1948,32,28,E,L,0
1948,32,28,E,T,0
1948,32,28,E,R,0
1948,32,28,S,L,0
1948,32,28,S,T,2
1948,32,28,S,R,0
1948,32,28,W,L,0
1948,32,28,W,T,0
1948,32,28,W,R,0
1949,32,29,N,L,0
1949,32,29,N,T,0
1949,32,29,N,R,1
1949,32,29,E,L,0
1949,32,29,E,T,0
1949,32,29,E,R,0
1949,32,29,S,L,0
1949,32,29,S,T,0
1949,32,29,S,R,0
1949,32,29,W,L,0
1949,32,29,W,T,0
1949,32,29,W,R,0
1950,32,30,N,L,0
1950,32,30,N,T,0
1950,32,30,N,R,0
1950,32,30,E,L,0
1950,32,30,E,T,1
1950,32,30,E,R,0
1950,32,30,S,L,0
1950,32,30,S,T,0
1950,32,30,S,R,0
1950,32,30,W,L,0
1950,32,30,W,T,0
1950,32,30,W,R,0
1951,32,31,N,L,0
1951,32,31,N,T,0
1951,32,31,N,R,0
1951,32,31,E,L,0
1951,32,31,E,T,0
1951,32,31,E,R,0
1951,32,31,S,L,0
1951,32,31,S,T,0
1951,32,31,S,R,0
1951,32,31,W,L,0
1951,32,31,W,T,0
1951,32,31,W,R,0
1952,32,32,N,L,0
1952,32,32,N,T,0
1952,32,32,N,R,0
1952,32,32,E,L,0
1952,32,32,E,T,0
1952,32,32,E,R,0
1952,32,32,S,L,0
1952,32,32,S,T,0
1952,32,32,S,R,0
1952,32,32,W,L,0
1952,32,32,W,T,0
1952,32,32,W,R,0
1953,32,33,N,L,1
1953,32,33,N,T,0
1953,32,33,N,R,0
1953,32,33,E,L,0
1953,32,33,E,T,0
1953,32,33,E,R,0
1953,32,33,S,L,0
1953,32,33,S,T,0
1953,32,33,S,R,0
1953,32,33,W,L,0
1953,32,33,W,T,0
1953,32,33,W,R,0
1954,32,34,N,L,0
1954,32,34,N,T,0
1954,32,34,N,R,0
1954,32,34,E,L,0
1954,32,34,E,T,0
1954,32,34,E,R,0
1954,32,34,S,L,0
1954,32,34,S,T,0
1954,32,34,S,R,0
1954,32,34,W,L,1
1954,32,34,W,T,0
1954,32,34,W,R,0
1955,32,35,N,L,0
1955,32,35,N,T,1
1955,32,35,N,R,0
1955,32,35,E,L,0
1955,32,35,E,T,0
1955,32,35,E,R,0
1955,32,35,S,L,0
1955,32,35,S,T,0
1955,32,35,S,R,0
1955,32,35,W,L,0
1955,32,35,W,T,0
1955,32,35,W,R,0
1956,32,36,N,L,0
1956,32,36,N,T,0
1956,32,36,N,R,0
1956,32,36,E,L,1
1956,32,36,E,T,0
1956,32,36,E,R,0
1956,32,36,S,L,0
1956,32,36,S,T,0
1956,32,36,S,R,0
1956,32,36,W,L,0
1956,32,36,W,T,0
1956,32,36,W,R,0
1957,32,37,N,L,0
1957,32,37,N,T,0
1957,32,37,N,R,0
1957,32,37,E,L,0
1957,32,37,E,T,0
1957,32,37,E,R,0
1957,32,37,S,L,0
1957,32,37,S,T,0
1957,32,37,S,R,0
1957,32,37,W,L,1
1957,32,37,W,T,0
1957,32,37,W,R,0
1958,32,38,N,L,0
1958,32,38,N,T,0
1958,32,38,N,R,1
1958,32,38,E,L,0
1958,32,38,E,T,0
1958,32,38,E,R,1
1958,32,38,S,L,0
1958,32,38,S,T,0
1958,32,38,S,R,0
1958,32,38,W,L,0
1958,32,38,W,T,0
1958,32,38,W,R,0
1959,32,39,N,L,0
1959,32,39,N,T,0
1959,32,39,N,R,0
1959,32,39,E,L,0
1959,32,39,E,T,0
1959,32,39,E,R,0
1959,32,39,S,L,0
1959,32,39,S,T,0
1959,32,39,S,R,0
1959,32,39,W,L,0
1959,32,39,W,T,0
1959,32,39,W,R,0
1960,32,40,N,L,0
1960,32,40,N,T,0
1960,32,40,N,R,0
1960,32,40,E,L,0
1960,32,40,E,T,1
1960,32,40,E,R,0
1960,32,40,S,L,0
1960,32,40,S,T,0
1960,32,40,S,R,1
1960,32,40,W,L,0
1960,32,40,W,T,1
1960,32,40,W,R,0
1961,32,41,N,L,0
1961,32,41,N,T,0
1961,32,41,N,R,0
1961,32,41,E,L,0
1961,32,41,E,T,0
1961,32,41,E,R,0
1961,32,41,S,L,0
1961,32,41,S,T,0
1961,32,41,S,R,0
1961,32,41,W,L,0
1961,32,41,W,T,0
1961,32,41,W,R,0
1962,32,42,N,L,1
1962,32,42,N,T,1
1962,32,42,N,R,0
1962,32,42,E,L,0
1962,32,42,E,T,0
1962,32,42,E,R,0
1962,32,42,S,L,0
1962,32,42,S,T,0
1962,32,42,S,R,0
1962,32,42,W,L,0
1962,32,42,W,T,0
1962,32,42,W,R,0
1963,32,43,N,L,0
1963,32,43,N,T,0
1963,32,43,N,R,0
1963,32,43,E,L,0
1963,32,43,E,T,0
1963,32,43,E,R,0
1963,32,43,S,L,0
1963,32,43,S,T,0
1963,32,43,S,R,1
1963,32,43,W,L,0
1963,32,43,W,T,0
1963,32,43,W,R,0
1964,32,44,N,L,0
1964,32,44,N,T,1
1964,32,44,N,R,0
1964,32,44,E,L,0
1964,32,44,E,T,0
1964,32,44,E,R,0
1964,32,44,S,L,0
1964,32,44,S,T,0
1964,32,44,S,R,0
1964,32,44,W,L,1
1964,32,44,W,T,1
1964,32,44,W,R,0
1965,32,45,N,L,0
1965,32,45,N,T,0
1965,32,45,N,R,0
1965,32,45,E,L,0
1965,32,45,E,T,0
1965,32,45,E,R,0
1965,32,45,S,L,0
1965,32,45,S,T,0
1965,32,45,S,R,0
1965,32,45,W,L,0
1965,32,45,W,T,0
1965,32,45,W,R,0
1966,32,46,N,L,0
1966,32,46,N,T,0
1966,32,46,N,R,0
1966,32,46,E,L,0
1966,32,46,E,T,0
1966,32,46,E,R,0
1966,32,46,S,L,1
1966,32,46,S,T,1
1966,32,46,S,R,0
1966,32,46,W,L,0
1966,32,46,W,T,0
1966,32,46,W,R,1
1967,32,47,N,L,0
1967,32,47,N,T,0
1967,32,47,N,R,0
1967,32,47,E,L,0
1967,32,47,E,T,0
1967,32,47,E,R,1
1967,32,47,S,L,0
1967,32,47,S,T,0
1967,32,47,S,R,0
1967,32,47,W,L,0
1967,32,47,W,T,0
1967,32,47,W,R,0
1968,32,48,N,L,0
1968,32,48,N,T,0
1968,32,48,N,R,0
1968,32,48,E,L,0
1968,32,48,E,T,0
1968,32,48,E,R,0
1968,32,48,S,L,0
1968,32,48,S,T,0
1968,32,48,S,R,0
1968,32,48,W,L,0
1968,32,48,W,T,0
1968,32,48,W,R,0
1969,32,49,N,L,0
1969,32,49,N,T,2
1969,32,49,N,R,0
1969,32,49,E,L,0
1969,32,49,E,T,0
1969,32,49,E,R,0
1969,32,49,S,L,0
1969,32,49,S,T,0
1969,32,49,S,R,0
1969,32,49,W,L,1
1969,32,49,W,T,0
1969,32,49,W,R,0
1970,32,50,N,L,0
1970,32,50,N,T,0
1970,32,50,N,R,0
1970,32,50,E,L,2
1970,32,50,E,T,1
1970,32,50,E,R,0
1970,32,50,S,L,0
1970,32,50,S,T,0
1970,32,50,S,R,0
1970,32,50,W,L,0
1970,32,50,W,T,0
1970,32,50,W,R,0
1971,32,51,N,L,0
1971,32,51,N,T,0
1971,32,51,N,R,0
1971,32,51,E,L,0
1971,32,51,E,T,0
1971,32,51,E,R,0
1971,32,51,S,L,0
1971,32,51,S,T,0
1971,32,51,S,R,0
1971,32,51,W,L,0
1971,32,51,W,T,0
1971,32,51,W,R,0
1972,32,52,N,L,0
1972,32,52,N,T,0
1972,32,52,N,R,0
1972,32,52,E,L,0
1972,32,52,E,T,0
1972,32,52,E,R,0
1972,32,52,S,L,0
1972,32,52,S,T,0
1972,32,52,S,R,0
1972,32,52,W,L,0
1972,32,52,W,T,0
1972,32,52,W,R,0
1973,32,53,N,L,0
1973,32,53,N,T,0
1973,32,53,N,R,0
1973,32,53,E,L,0
1973,32,53,E,T,0
1973,32,53,E,R,0
1973,32,53,S,L,0
1973,32,53,S,T,1
1973,32,53,S,R,0
1973,32,53,W,L,0
1973,32,53,W,T,0
1973,32,53,W,R,0
1974,32,54,N,L,0
1974,32,54,N,T,1
1974,32,54,N,R,0
1974,32,54,E,L,0
1974,32,54,E,T,0
1974,32,54,E,R,0
1974,32,54,S,L,0
1974,32,54,S,T,1
1974,32,54,S,R,0
1974,32,54,W,L,0
1974,32,54,W,T,0
1974,32,54,W,R,0
1975,32,55,N,L,0
1975,32,55,N,T,0
1975,32,55,N,R,0
1975,32,55,E,L,0
1975,32,55,E,T,0
1975,32,55,E,R,0
1975,32,55,S,L,0
1975,32,55,S,T,0
1975,32,55,S,R,0
1975,32,55,W,L,0
1975,32,55,W,T,0
1975,32,55,W,R,0
1976,32,56,N,L,0
1976,32,56,N,T,0
1976,32,56,N,R,0
1976,32,56,E,L,0
1976,32,56,E,T,0
1976,32,56,E,R,0
1976,32,56,S,L,0
1976,32,56,S,T,0
1976,32,56,S,R,0
1976,32,56,W,L,0
1976,32,56,W,T,0
1976,32,56,W,R,0
1977,32,57,N,L,0
1977,32,57,N,T,1
1977,32,57,N,R,0
1977,32,57,E,L,0
1977,32,57,E,T,0
1977,32,57,E,R,0
1977,32,57,S,L,0
1977,32,57,S,T,1
1977,32,57,S,R,1
1977,32,57,W,L,0
1977,32,57,W,T,0
1977,32,57,W,R,0
1978,32,58,N,L,0
1978,32,58,N,T,0
1978,32,58,N,R,0
1978,32,58,E,L,0
1978,32,58,E,T,1
1978,32,58,E,R,0
1978,32,58,S,L,0
1978,32,58,S,T,0
1978,32,58,S,R,0
1978,32,58,W,L,0
1978,32,58,W,T,1
1978,32,58,W,R,0
1979,32,59,N,L,0
1979,32,59,N,T,0
1979,32,59,N,R,0
1979,32,59,E,L,0
1979,32,59,E,T,0
1979,32,59,E,R,0
1979,32,59,S,L,0
1979,32,59,S,T,0
1979,32,59,S,R,0
1979,32,59,W,L,0
1979,32,59,W,T,0
1979,32,59,W,R,0
1980,33,00,N,L,1
1980,33,00,N,T,0
1980,33,00,N,R,0
1980,33,00,E,L,0
1980,33,00,E,T,1
1980,33,00,E,R,0
1980,33,00,S,L,1
1980,33,00,S,T,0
1980,33,00,S,R,1
1980,33,00,W,L,0
1980,33,00,W,T,0
1980,33,00,W,R,0
1981,33,01,N,L,0
1981,33,01,N,T,0
1981,33,01,N,R,0
1981,33,01,E,L,0
1981,33,01,E,T,0
1981,33,01,E,R,0
1981,33,01,S,L,0
1981,33,01,S,T,0
1981,33,01,S,R,0
1981,33,01,W,L,0
1981,33,01,W,T,0
1981,33,01,W,R,0
1982,33,02,N,L,0
1982,33,02,N,T,1
1982,33,02,N,R,0
1982,33,02,E,L,0
1982,33,02,E,T,0
1982,33,02,E,R,0
1982,33,02,S,L,0
1982,33,02,S,T,1
1982,33,02,S,R,0
1982,33,02,W,L,0
1982,33,02,W,T,0
1982,33,02,W,R,0
1983,33,03,N,L,0
1983,33,03,N,T,0
1983,33,03,N,R,0
1983,33,03,E,L,0
1983,33,03,E,T,0
1983,33,03,E,R,0
1983,33,03,S,L,0
1983,33,03,S,T,0
1983,33,03,S,R,0
1983,33,03,W,L,0
1983,33,03,W,T,0
1983,33,03,W,R,0
1984,33,04,N,L,0
1984,33,04,N,T,0
1984,33,04,N,R,0
1984,33,04,E,L,0
1984,33,04,E,T,0
1984,33,04,E,R,0
1984,33,04,S,L,0
1984,33,04,S,T,0
1984,33,04,S,R,0
1984,33,04,W,L,0
1984,33,04,W,T,0
1984,33,04,W,R,0
1985,33,05,N,L,1
1985,33,05,N,T,0
1985,33,05,N,R,0
1985,33,05,E,L,0
1985,33,05,E,T,0
1985,33,05,E,R,0
1985,33,05,S,L,0
1985,33,05,S,T,0
1985,33,05,S,R,0
1985,33,05,W,L,0
1985,33,05,W,T,0
1985,33,05,W,R,0
1986,33,06,N,L,0
1986,33,06,N,T,1
1986,33,06,N,R,0
1986,33,06,E,L,0
1986,33,06,E,T,2
1986,33,06,E,R,0
1986,33,06,S,L,0
1986,33,06,S,T,2
1986,33,06,S,R,0
1986,33,06,W,L,0
1986,33,06,W,T,0
1986,33,06,W,R,0
1987,33,07,N,L,0
1987,33,07,N,T,1
1987,33,07,N,R,0
1987,33,07,E,L,0
1987,33,07,E,T,0
1987,33,07,E,R,0
1987,33,07,S,L,0
1987,33,07,S,T,0
1987,33,07,S,R,0
1987,33,07,W,L,0
1987,33,07,W,T,0
1987,33,07,W,R,0
1988,33,08,N,L,0
1988,33,08,N,T,0
1988,33,08,N,R,0
1988,33,08,E,L,0
1988,33,08,E,T,0
1988,33,08,E,R,0
1988,33,08,S,L,0
1988,33,08,S,T,1
1988,33,08,S,R,0
1988,33,08,W,L,0
1988,33,08,W,T,0
1988,33,08,W,R,0
1989,33,09,N,L,0
1989,33,09,N,T,0
1989,33,09,N,R,0
1989,33,09,E,L,0
1989,33,09,E,T,0
1989,33,09,E,R,0
1989,33,09,S,L,0
1989,33,09,S,T,0
1989,33,09,S,R,0
1989,33,09,W,L,0
1989,33,09,W,T,0
1989,33,09,W,R,0
1990,33,10,N,L,0
1990,33,10,N,T,0
1990,33,10,N,R,0
1990,33,10,E,L,0
1990,33,10,E,T,0
1990,33,10,E,R,0
1990,33,10,S,L,0
1990,33,10,S,T,0
1990,33,10,S,R,0
1990,33,10,W,L,0
1990,33,10,W,T,0
1990,33,10,W,R,0
1991,33,11,N,L,0
1991,33,11,N,T,0
1991,33,11,N,R,0
1991,33,11,E,L,0
1991,33,11,E,T,0
1991,33,11,E,R,0
1991,33,11,S,L,0
1991,33,11,S,T,0
1991,33,11,S,R,1
1991,33,11,W,L,0
1991,33,11,W,T,1
1991,33,11,W,R,0
1992,33,12,N,L,0
1992,33,12,N,T,1
1992,33,12,N,R,0
1992,33,12,E,L,0
1992,33,12,E,T,0
1992,33,12,E,R,0
1992,33,12,S,L,0
1992,33,12,S,T,0
1992,33,12,S,R,0
1992,33,12,W,L,0
1992,33,12,W,T,0
1992,33,12,W,R,0
1993,33,13,N,L,0
1993,33,13,N,T,0
1993,33,13,N,R,0
1993,33,13,E,L,0
1993,33,13,E,T,1
1993,33,13,E,R,0
1993,33,13,S,L,0
1993,33,13,S,T,0
1993,33,13,S,R,1
1993,33,13,W,L,0
1993,33,13,W,T,0
1993,33,13,W,R,0
1994,33,14,N,L,0
1994,33,14,N,T,0
1994,33,14,N,R,1
1994,33,14,E,L,0
1994,33,14,E,T,0
1994,33,14,E,R,0
1994,33,14,S,L,0
1994,33,14,S,T,1
1994,33,14,S,R,0
1994,33,14,W,L,0
1994,33,14,W,T,0
1994,33,14,W,R,0
1995,33,15,N,L,0
1995,33,15,N,T,0
1995,33,15,N,R,0
1995,33,15,E,L,0
1995,33,15,E,T,0
1995,33,15,E,R,0
1995,33,15,S,L,0
1995,33,15,S,T,0
1995,33,15,S,R,0
1995,33,15,W,L,0
1995,33,15,W,T,0
1995,33,15,W,R,0
1996,33,16,N,L,1
1996,33,16,N,T,0
1996,33,16,N,R,0
1996,33,16,E,L,0
1996,33,16,E,T,0
1996,33,16,E,R,0
1996,33,16,S,L,0
1996,33,16,S,T,1
1996,33,16,S,R,0
1996,33,16,W,L,0
1996,33,16,W,T,0
1996,33,16,W,R,0
1997,33,17,N,L,0
1997,33,17,N,T,1
1997,33,17,N,R,0
1997,33,17,E,L,0
1997,33,17,E,T,0
1997,33,17,E,R,0
1997,33,17,S,L,0
1997,33,17,S,T,0
1997,33,17,S,R,0
1997,33,17,W,L,0
1997,33,17,W,T,1
1997,33,17,W,R,0
1998,33,18,N,L,0
1998,33,18,N,T,0
1998,33,18,N,R,0
1998,33,18,E,L,0
1998,33,18,E,T,0
1998,33,18,E,R,0
1998,33,18,S,L,0
1998,33,18,S,T,0
1998,33,18,S,R,1
1998,33,18,W,L,0
1998,33,18,W,T,0
1998,33,18,W,R,0
1999,33,19,N,L,0
1999,33,19,N,T,0
1999,33,19,N,R,2
1999,33,19,E,L,0
1999,33,19,E,T,0
1999,33,19,E,R,0
1999,33,19,S,L,0
1999,33,19,S,T,0
1999,33,19,S,R,0
1999,33,19,W,L,0
1999,33,19,W,T,0
1999,33,19,W,R,0
2000,33,20,N,L,0
2000,33,20,N,T,0
2000,33,20,N,R,1
2000,33,20,E,L,0
2000,33,20,E,T,0
2000,33,20,E,R,0
2000,33,20,S,L,0
2000,33,20,S,T,0
2000,33,20,S,R,0
2000,33,20,W,L,0
2000,33,20,W,T,0
2000,33,20,W,R,0
2001,33,21,N,L,0
2001,33,21,N,T,0
2001,33,21,N,R,0
2001,33,21,E,L,0
2001,33,21,E,T,0
2001,33,21,E,R,0
2001,33,21,S,L,0
2001,33,21,S,T,1
2001,33,21,S,R,0
2001,33,21,W,L,1
2001,33,21,W,T,0
2001,33,21,W,R,0
2002,33,22,N,L,0
2002,33,22,N,T,0
2002,33,22,N,R,0
2002,33,22,E,L,0
2002,33,22,E,T,1
2002,33,22,E,R,0
2002,33,22,S,L,0
2002,33,22,S,T,0
2002,33,22,S,R,0
2002,33,22,W,L,0
2002,33,22,W,T,2
2002,33,22,W,R,0
2003,33,23,N,L,0
2003,33,23,N,T,0
2003,33,23,N,R,0
2003,33,23,E,L,0
2003,33,23,E,T,1
2003,33,23,E,R,0
2003,33,23,S,L,0
2003,33,23,S,T,0
2003,33,23,S,R,0
2003,33,23,W,L,0
2003,33,23,W,T,0
2003,33,23,W,R,0
2004,33,24,N,L,0
2004,33,24,N,T,1
2004,33,24,N,R,0
2004,33,24,E,L,0
2004,33,24,E,T,0
2004,33,24,E,R,0
2004,33,24,S,L,0
2004,33,24,S,T,0
2004,33,24,S,R,1
2004,33,24,W,L,0
2004,33,24,W,T,0
2004,33,24,W,R,0
2005,33,25,N,L,0
2005,33,25,N,T,0
2005,33,25,N,R,0
2005,33,25,E,L,0
2005,33,25,E,T,0
2005,33,25,E,R,0
2005,33,25,S,L,0
2005,33,25,S,T,0
2005,33,25,S,R,0
2005,33,25,W,L,0
2005,33,25,W,T,0
2005,33,25,W,R,0
2006,33,26,N,L,1
2006,33,26,N,T,3
2006,33,26,N,R,0
2006,33,26,E,L,0
2006,33,26,E,T,0
2006,33,26,E,R,0
2006,33,26,S,L,0
2006,33,26,S,T,0
2006,33,26,S,R,0
2006,33,26,W,L,0
2006,33,26,W,T,0
2006,33,26,W,R,0
2007,33,27,N,L,0
2007,33,27,N,T,0
2007,33,27,N,R,0
2007,33,27,E,L,0
2007,33,27,E,T,1
2007,33,27,E,R,0
2007,33,27,S,L,0
2007,33,27,S,T,1
2007,33,27,S,R,0
2007,33,27,W,L,0
2007,33,27,W,T,0
2007,33,27,W,R,0
2008,33,28,N,L,0
2008,33,28,N,T,0
2008,33,28,N,R,0
2008,33,28,E,L,0
2008,33,28,E,T,1
2008,33,28,E,R,0
2008,33,28,S,L,1
2008,33,28,S,T,0
2008,33,28,S,R,0
2008,33,28,W,L,0
2008,33,28,W,T,0
2008,33,28,W,R,0
2009,33,29,N,L,0
2009,33,29,N,T,0
2009,33,29,N,R,0
2009,33,29,E,L,0
2009,33,29,E,T,0
2009,33,29,E,R,0
2009,33,29,S,L,1
2009,33,29,S,T,0
2009,33,29,S,R,0
2009,33,29,W,L,0
2009,33,29,W,T,1
2009,33,29,W,R,0
2010,33,30,N,L,0
2010,33,30,N,T,0
2010,33,30,N,R,0
2010,33,30,E,L,0
2010,33,30,E,T,0
2010,33,30,E,R,0
2010,33,30,S,L,0
2010,33,30,S,T,2
2010,33,30,S,R,0
2010,33,30,W,L,0
2010,33,30,W,T,0
2010,33,30,W,R,0
2011,33,31,N,L,0
2011,33,31,N,T,0
2011,33,31,N,R,0
2011,33,31,E,L,0
2011,33,31,E,T,0
2011,33,31,E,R,0
2011,33,31,S,L,0
2011,33,31,S,T,1
2011,33,31,S,R,0
2011,33,31,W,L,0
2011,33,31,W,T,0
2011,33,31,W,R,0
2012,33,32,N,L,0
2012,33,32,N,T,0
2012,33,32,N,R,0
2012,33,32,E,L,0
2012,33,32,E,T,0
2012,33,32,E,R,0
2012,33,32,S,L,1
2012,33,32,S,T,1
2012,33,32,S,R,0
2012,33,32,W,L,0
2012,33,32,W,T,0
2012,33,32,W,R,0
2013,33,33,N,L,0
2013,33,33,N,T,0
2013,33,33,N,R,0
2013,33,33,E,L,0
2013,33,33,E,T,0
2013,33,33,E,R,0
2013,33,33,S,L,0
2013,33,33,S,T,0
2013,33,33,S,R,0
2013,33,33,W,L,0
2013,33,33,W,T,0
2013,33,33,W,R,0
2014,33,34,N,L,1
2014,33,34,N,T,0
2014,33,34,N,R,0
2014,33,34,E,L,0
2014,33,34,E,T,0
2014,33,34,E,R,0
2014,33,34,S,L,0
2014,33,34,S,T,0
2014,33,34,S,R,0
2014,33,34,W,L,0
2014,33,34,W,T,2
2014,33,34,W,R,0
2015,33,35,N,L,0
2015,33,35,N,T,0
2015,33,35,N,R,0
2015,33,35,E,L,0
2015,33,35,E,T,0
2015,33,35,E,R,0
2015,33,35,S,L,0
2015,33,35,S,T,1
2015,33,35,S,R,0
2015,33,35,W,L,1
2015,33,35,W,T,0
2015,33,35,W,R,0
2016,33,36,N,L,0
2016,33,36,N,T,1
2016,33,36,N,R,0
2016,33,36,E,L,0
2016,33,36,E,T,0
2016,33,36,E,R,0
2016,33,36,S,L,0
2016,33,36,S,T,0
2016,33,36,S,R,1
2016,33,36,W,L,0
2016,33,36,W,T,0
2016,33,36,W,R,0
2017,33,37,N,L,0
2017,33,37,N,T,1
2017,33,37,N,R,0
2017,33,37,E,L,1
2017,33,37,E,T,0
2017,33,37,E,R,0
2017,33,37,S,L,0
2017,33,37,S,T,0
2017,33,37,S,R,0
2017,33,37,W,L,0
2017,33,37,W,T,1
2017,33,37,W,R,0
2018,33,38,N,L,0
2018,33,38,N,T,0
2018,33,38,N,R,0
2018,33,38,E,L,0
2018,33,38,E,T,0
2018,33,38,E,R,0
2018,33,38,S,L,0
2018,33,38,S,T,0
2018,33,38,S,R,0
2018,33,38,W,L,0
2018,33,38,W,T,0
2018,33,38,W,R,0
2019,33,39,N,L,0
2019,33,39,N,T,0
2019,33,39,N,R,0
2019,33,39,E,L,0
2019,33,39,E,T,1
2019,33,39,E,R,0
2019,33,39,S,L,0
2019,33,39,S,T,0
2019,33,39,S,R,0
2019,33,39,W,L,0
2019,33,39,W,T,0
2019,33,39,W,R,0
2020,33,40,N,L,0
2020,33,40,N,T,0
2020,33,40,N,R,0
2020,33,40,E,L,0
2020,33,40,E,T,0
2020,33,40,E,R,0
2020,33,40,S,L,0
2020,33,40,S,T,0
2020,33,40,S,R,0
2020,33,40,W,L,0
2020,33,40,W,T,0
2020,33,40,W,R,0
2021,33,41,N,L,0
2021,33,41,N,T,1
2021,33,41,N,R,0
2021,33,41,E,L,1
2021,33,41,E,T,1
2021,33,41,E,R,0
2021,33,41,S,L,0
2021,33,41,S,T,0
2021,33,41,S,R,0
2021,33,41,W,L,0
2021,33,41,W,T,0
2021,33,41,W,R,0
2022,33,42,N,L,0
2022,33,42,N,T,0
2022,33,42,N,R,0
2022,33,42,E,L,0
2022,33,42,E,T,1
2022,33,42,E,R,0
2022,33,42,S,L,0
2022,33,42,S,T,1
2022,33,42,S,R,0
2022,33,42,W,L,0
2022,33,42,W,T,0
2022,33,42,W,R,0
2023,33,43,N,L,0
2023,33,43,N,T,0
2023,33,43,N,R,0
2023,33,43,E,L,0
2023,33,43,E,T,0
2023,33,43,E,R,0
2023,33,43,S,L,0
2023,33,43,S,T,0
2023,33,43,S,R,0
2023,33,43,W,L,0
2023,33,43,W,T,0
2023,33,43,W,R,0
2024,33,44,N,L,0
2024,33,44,N,T,0
2024,33,44,N,R,0
2024,33,44,E,L,0
2024,33,44,E,T,0
2024,33,44,E,R,0
2024,33,44,S,L,0
2024,33,44,S,T,0
2024,33,44,S,R,0
2024,33,44,W,L,0
2024,33,44,W,T,0
2024,33,44,W,R,0
2025,33,45,N,L,0
2025,33,45,N,T,0
2025,33,45,N,R,0
2025,33,45,E,L,0
2025,33,45,E,T,0
2025,33,45,E,R,0
2025,33,45,S,L,0
2025,33,45,S,T,2
2025,33,45,S,R,0
2025,33,45,W,L,0
2025,33,45,W,T,0
2025,33,45,W,R,0
2026,33,46,N,L,0
2026,33,46,N,T,0
2026,33,46,N,R,0
2026,33,46,E,L,0
2026,33,46,E,T,0
2026,33,46,E,R,0
2026,33,46,S,L,0
2026,33,46,S,T,0
2026,33,46,S,R,0
2026,33,46,W,L,0
2026,33,46,W,T,0
2026,33,46,W,R,0
2027,33,47,N,L,0
2027,33,47,N,T,0
2027,33,47,N,R,0
2027,33,47,E,L,0
2027,33,47,E,T,1
2027,33,47,E,R,0
2027,33,47,S,L,0
2027,33,47,S,T,0
2027,33,47,S,R,0
2027,33,47,W,L,0
2027,33,47,W,T,0
2027,33,47,W,R,0
2028,33,48,N,L,0
2028,33,48,N,T,0
2028,33,48,N,R,0
2028,33,48,E,L,0
2028,33,48,E,T,0
2028,33,48,E,R,0
2028,33,48,S,L,0
2028,33,48,S,T,0
2028,33,48,S,R,0
2028,33,48,W,L,0
2028,33,48,W,T,0
2028,33,48,W,R,0
2029,33,49,N,L,1
2029,33,49,N,T,0
2029,33,49,N,R,0
2029,33,49,E,L,0
2029,33,49,E,T,0
2029,33,49,E,R,0
2029,33,49,S,L,0
2029,33,49,S,T,0
2029,33,49,S,R,0
2029,33,49,W,L,0
2029,33,49,W,T,0
2029,33,49,W,R,0
2030,33,50,N,L,0
2030,33,50,N,T,0
2030,33,50,N,R,0
2030,33,50,E,L,0
2030,33,50,E,T,1
2030,33,50,E,R,0
2030,33,50,S,L,0
2030,33,50,S,T,0
2030,33,50,S,R,0
2030,33,50,W,L,0
2030,33,50,W,T,0
2030,33,50,W,R,0
2031,33,51,N,L,0
2031,33,51,N,T,0
2031,33,51,N,R,0
2031,33,51,E,L,0
2031,33,51,E,T,0
2031,33,51,E,R,0
2031,33,51,S,L,0
2031,33,51,S,T,1
2031,33,51,S,R,0
2031,33,51,W,L,0
2031,33,51,W,T,0
2031,33,51,W,R,0
2032,33,52,N,L,0
2032,33,52,N,T,0
2032,33,52,N,R,1
2032,33,52,E,L,0
2032,33,52,E,T,1
2032,33,52,E,R,0
2032,33,52,S,L,0
2032,33,52,S,T,0
2032,33,52,S,R,0
2032,33,52,W,L,0
2032,33,52,W,T,0
2032,33,52,W,R,0
2033,33,53,N,L,0
2033,33,53,N,T,0
2033,33,53,N,R,0
2033,33,53,E,L,0
2033,33,53,E,T,1
2033,33,53,E,R,0
2033,33,53,S,L,0
2033,33,53,S,T,0
2033,33,53,S,R,0
2033,33,53,W,L,0
2033,33,53,W,T,0
2033,33,53,W,R,0
2034,33,54,N,L,0
2034,33,54,N,T,0
2034,33,54,N,R,0
2034,33,54,E,L,0
2034,33,54,E,T,0
2034,33,54,E,R,0
2034,33,54,S,L,0
2034,33,54,S,T,1
2034,33,54,S,R,0
2034,33,54,W,L,0
2034,33,54,W,T,1
2034,33,54,W,R,0
2035,33,55,N,L,0
2035,33,55,N,T,0
2035,33,55,N,R,0
2035,33,55,E,L,0
2035,33,55,E,T,0
2035,33,55,E,R,0
2035,33,55,S,L,0
2035,33,55,S,T,0
2035,33,55,S,R,0
2035,33,55,W,L,0
2035,33,55,W,T,0
2035,33,55,W,R,0
2036,33,56,N,L,0
2036,33,56,N,T,0
2036,33,56,N,R,0
2036,33,56,E,L,0
2036,33,56,E,T,0
2036,33,56,E,R,0
2036,33,56,S,L,0
2036,33,56,S,T,0
2036,33,56,S,R,0
2036,33,56,W,L,0
2036,33,56,W,T,0
2036,33,56,W,R,0
2037,33,57,N,L,0
2037,33,57,N,T,0
2037,33,57,N,R,0
2037,33,57,E,L,0
2037,33,57,E,T,0
2037,33,57,E,R,0
2037,33,57,S,L,0
2037,33,57,S,T,0
2037,33,57,S,R,1
2037,33,57,W,L,0
2037,33,57,W,T,0
2037,33,57,W,R,0
2038,33,58,N,L,0
2038,33,58,N,T,0
2038,33,58,N,R,0
2038,33,58,E,L,0
2038,33,58,E,T,0
2038,33,58,E,R,0
2038,33,58,S,L,0
2038,33,58,S,T,0
2038,33,58,S,R,0
2038,33,58,W,L,0
2038,33,58,W,T,0
2038,33,58,W,R,0
2039,33,59,N,L,0
2039,33,59,N,T,0
2039,33,59,N,R,0
2039,33,59,E,L,0
2039,33,59,E,T,0
2039,33,59,E,R,0
2039,33,59,S,L,0
2039,33,59,S,T,0
2039,33,59,S,R,0
2039,33,59,W,L,0
2039,33,59,W,T,0
2039,33,59,W,R,0
2040,34,00,N,L,0
2040,34,00,N,T,0
2040,34,00,N,R,0
2040,34,00,E,L,0
2040,34,00,E,T,0
2040,34,00,E,R,1
2040,34,00,S,L,1
2040,34,00,S,T,0
2040,34,00,S,R,0
2040,34,00,W,L,0
2040,34,00,W,T,0
2040,34,00,W,R,0
2041,34,01,N,L,0
2041,34,01,N,T,0
2041,34,01,N,R,0
2041,34,01,E,L,0
2041,34,01,E,T,0
2041,34,01,E,R,1
2041,34,01,S,L,0
2041,34,01,S,T,0
2041,34,01,S,R,0
2041,34,01,W,L,0
2041,34,01,W,T,1
2041,34,01,W,R,0
2042,34,02,N,L,0
2042,34,02,N,T,1
2042,34,02,N,R,0
2042,34,02,E,L,0
2042,34,02,E,T,0
2042,34,02,E,R,0
2042,34,02,S,L,0
2042,34,02,S,T,0
2042,34,02,S,R,0
2042,34,02,W,L,0
2042,34,02,W,T,0
2042,34,02,W,R,0
2043,34,03,N,L,0
2043,34,03,N,T,1
2043,34,03,N,R,0
2043,34,03,E,L,0
2043,34,03,E,T,1
2043,34,03,E,R,0
2043,34,03,S,L,0
2043,34,03,S,T,2
2043,34,03,S,R,1
2043,34,03,W,L,0
2043,34,03,W,T,1
2043,34,03,W,R,0
2044,34,04,N,L,0
2044,34,04,N,T,0
2044,34,04,N,R,0
2044,34,04,E,L,0
2044,34,04,E,T,0
2044,34,04,E,R,0
2044,34,04,S,L,0
2044,34,04,S,T,0
2044,34,04,S,R,0
2044,34,04,W,L,0
2044,34,04,W,T,0
2044,34,04,W,R,0
2045,34,05,N,L,0
2045,34,05,N,T,0
2045,34,05,N,R,0
2045,34,05,E,L,0
2045,34,05,E,T,0
2045,34,05,E,R,0
2045,34,05,S,L,0
2045,34,05,S,T,0
2045,34,05,S,R,0
2045,34,05,W,L,0
2045,34,05,W,T,0
2045,34,05,W,R,0
2046,34,06,N,L,0
2046,34,06,N,T,1
2046,34,06,N,R,0
2046,34,06,E,L,0
2046,34,06,E,T,0
2046,34,06,E,R,0
2046,34,06,S,L,1
2046,34,06,S,T,2
2046,34,06,S,R,0
2046,34,06,W,L,0
2046,34,06,W,T,0
2046,34,06,W,R,0
2047,34,07,N,L,0
2047,34,07,N,T,0
2047,34,07,N,R,0
2047,34,07,E,L,0
2047,34,07,E,T,0
2047,34,07,E,R,0
2047,34,07,S,L,0
2047,34,07,S,T,2
2047,34,07,S,R,0
2047,34,07,W,L,0
2047,34,07,W,T,0
2047,34,07,W,R,0
2048,34,08,N,L,0
2048,34,08,N,T,0
2048,34,08,N,R,0
2048,34,08,E,L,0
2048,34,08,E,T,0
2048,34,08,E,R,0
2048,34,08,S,L,0
2048,34,08,S,T,1
2048,34,08,S,R,0
2048,34,08,W,L,0
2048,34,08,W,T,0
2048,34,08,W,R,0
2049,34,09,N,L,0
2049,34,09,N,T,0
2049,34,09,N,R,0
2049,34,09,E,L,0
2049,34,09,E,T,0
2049,34,09,E,R,0
2049,34,09,S,L,0
2049,34,09,S,T,0
2049,34,09,S,R,0
2049,34,09,W,L,0
2049,34,09,W,T,0
2049,34,09,W,R,0
2050,34,10,N,L,0
2050,34,10,N,T,0
2050,34,10,N,R,0
2050,34,10,E,L,0
2050,34,10,E,T,1
2050,34,10,E,R,0
2050,34,10,S,L,0
2050,34,10,S,T,0
2050,34,10,S,R,1
2050,34,10,W,L,0
2050,34,10,W,T,0
2050,34,10,W,R,0
2051,34,11,N,L,1
2051,34,11,N,T,1
2051,34,11,N,R,0
2051,34,11,E,L,0
2051,34,11,E,T,0
2051,34,11,E,R,0
2051,34,11,S,L,0
2051,34,11,S,T,1
2051,34,11,S,R,0
2051,34,11,W,L,1
2051,34,11,W,T,1
2051,34,11,W,R,0
2052,34,12,N,L,0
2052,34,12,N,T,0
2052,34,12,N,R,0
2052,34,12,E,L,0
2052,34,12,E,T,0
2052,34,12,E,R,0
2052,34,12,S,L,0
2052,34,12,S,T,0
2052,34,12,S,R,0
2052,34,12,W,L,0
2052,34,12,W,T,0
2052,34,12,W,R,0
2053,34,13,N,L,0
2053,34,13,N,T,0
2053,34,13,N,R,0
2053,34,13,E,L,0
2053,34,13,E,T,0
2053,34,13,E,R,0
2053,34,13,S,L,0
2053,34,13,S,T,0
2053,34,13,S,R,0
2053,34,13,W,L,0
2053,34,13,W,T,0
2053,34,13,W,R,0
2054,34,14,N,L,0
2054,34,14,N,T,1
2054,34,14,N,R,1
2054,34,14,E,L,0
2054,34,14,E,T,1
2054,34,14,E,R,0
2054,34,14,S,L,0
2054,34,14,S,T,1
2054,34,14,S,R,0
2054,34,14,W,L,0
2054,34,14,W,T,0
2054,34,14,W,R,0
2055,34,15,N,L,0
2055,34,15,N,T,0
2055,34,15,N,R,0
2055,34,15,E,L,0
2055,34,15,E,T,1
2055,34,15,E,R,0
2055,34,15,S,L,0
2055,34,15,S,T,0
2055,34,15,S,R,0
2055,34,15,W,L,0
2055,34,15,W,T,0
2055,34,15,W,R,0
2056,34,16,N,L,0
2056,34,16,N,T,0
2056,34,16,N,R,0
2056,34,16,E,L,0
2056,34,16,E,T,0
2056,34,16,E,R,0
2056,34,16,S,L,0
2056,34,16,S,T,0
2056,34,16,S,R,0
2056,34,16,W,L,0
2056,34,16,W,T,0
2056,34,16,W,R,0
2057,34,17,N,L,0
2057,34,17,N,T,0
2057,34,17,N,R,0
2057,34,17,E,L,0
2057,34,17,E,T,0
2057,34,17,E,R,0
2057,34,17,S,L,0
2057,34,17,S,T,1
2057,34,17,S,R,0
2057,34,17,W,L,0
2057,34,17,W,T,0
2057,34,17,W,R,0
2058,34,18,N,L,0
2058,34,18,N,T,0
2058,34,18,N,R,0
2058,34,18,E,L,0
2058,34,18,E,T,1
2058,34,18,E,R,0
2058,34,18,S,L,0
2058,34,18,S,T,1
2058,34,18,S,R,0
2058,34,18,W,L,0
2058,34,18,W,T,0
2058,34,18,W,R,0
2059,34,19,N,L,0
2059,34,19,N,T,0
2059,34,19,N,R,0
2059,34,19,E,L,0
2059,34,19,E,T,1
2059,34,19,E,R,0
2059,34,19,S,L,1
2059,34,19,S,T,0
2059,34,19,S,R,0
2059,34,19,W,L,0
2059,34,19,W,T,1
2059,34,19,W,R,0
2060,34,20,N,L,0
2060,34,20,N,T,0
2060,34,20,N,R,0
2060,34,20,E,L,0
2060,34,20,E,T,0
2060,34,20,E,R,0
2060,34,20,S,L,0
2060,34,20,S,T,0
2060,34,20,S,R,0
2060,34,20,W,L,0
2060,34,20,W,T,0
2060,34,20,W,R,0
2061,34,21,N,L,1
2061,34,21,N,T,0
2061,34,21,N,R,1
2061,34,21,E,L,0
2061,34,21,E,T,0
2061,34,21,E,R,0
2061,34,21,S,L,0
2061,34,21,S,T,1
2061,34,21,S,R,0
2061,34,21,W,L,0
2061,34,21,W,T,0
2061,34,21,W,R,0
2062,34,22,N,L,0
2062,34,22,N,T,0
2062,34,22,N,R,0
2062,34,22,E,L,0
2062,34,22,E,T,0
2062,34,22,E,R,0
2062,34,22,S,L,1
2062,34,22,S,T,1
2062,34,22,S,R,0
2062,34,22,W,L,0
2062,34,22,W,T,1
2062,34,22,W,R,0
2063,34,23,N,L,0
2063,34,23,N,T,0
2063,34,23,N,R,0
2063,34,23,E,L,0
2063,34,23,E,T,0
2063,34,23,E,R,0
2063,34,23,S,L,0
2063,34,23,S,T,1
2063,34,23,S,R,2
2063,34,23,W,L,0
2063,34,23,W,T,0
2063,34,23,W,R,0
2064,34,24,N,L,1
2064,34,24,N,T,0
2064,34,24,N,R,0
2064,34,24,E,L,0
2064,34,24,E,T,2
2064,34,24,E,R,0
2064,34,24,S,L,0
2064,34,24,S,T,0
2064,34,24,S,R,0
2064,34,24,W,L,0
2064,34,24,W,T,0
2064,34,24,W,R,0
2065,34,25,N,L,0
2065,34,25,N,T,0
2065,34,25,N,R,0
2065,34,25,E,L,0
2065,34,25,E,T,0
2065,34,25,E,R,0
2065,34,25,S,L,0
2065,34,25,S,T,0
2065,34,25,S,R,0
2065,34,25,W,L,0
2065,34,25,W,T,1
2065,34,25,W,R,0
2066,34,26,N,L,1
2066,34,26,N,T,1
2066,34,26,N,R,0
2066,34,26,E,L,0
2066,34,26,E,T,0
2066,34,26,E,R,0
2066,34,26,S,L,0
2066,34,26,S,T,0
2066,34,26,S,R,0
2066,34,26,W,L,0
2066,34,26,W,T,0
2066,34,26,W,R,0
2067,34,27,N,L,0
2067,34,27,N,T,0
2067,34,27,N,R,0
2067,34,27,E,L,0
2067,34,27,E,T,0
2067,34,27,E,R,0
2067,34,27,S,L,0
2067,34,27,S,T,0
2067,34,27,S,R,0
2067,34,27,W,L,0
2067,34,27,W,T,0
2067,34,27,W,R,0
2068,34,28,N,L,0
2068,34,28,N,T,1
2068,34,28,N,R,0
2068,34,28,E,L,0
2068,34,28,E,T,0
2068,34,28,E,R,0
2068,34,28,S,L,0
2068,34,28,S,T,0
2068,34,28,S,R,0
2068,34,28,W,L,0
2068,34,28,W,T,1
2068,34,28,W,R,0
2069,34,29,N,L,0
2069,34,29,N,T,1
2069,34,29,N,R,0
2069,34,29,E,L,0
2069,34,29,E,T,0
2069,34,29,E,R,0
2069,34,29,S,L,0
2069,34,29,S,T,0
2069,34,29,S,R,0
2069,34,29,W,L,0
2069,34,29,W,T,2
2069,34,29,W,R,0
2070,34,30,N,L,0
2070,34,30,N,T,1
2070,34,30,N,R,0
2070,34,30,E,L,0
2070,34,30,E,T,1
2070,34,30,E,R,0
2070,34,30,S,L,0
2070,34,30,S,T,0
2070,34,30,S,R,0
2070,34,30,W,L,0
2070,34,30,W,T,1
2070,34,30,W,R,0
2071,34,31,N,L,0
2071,34,31,N,T,1
2071,34,31,N,R,0
2071,34,31,E,L,0
2071,34,31,E,T,0
2071,34,31,E,R,0
2071,34,31,S,L,0
2071,34,31,S,T,0
2071,34,31,S,R,0
2071,34,31,W,L,0
2071,34,31,W,T,1
2071,34,31,W,R,0
2072,34,32,N,L,1
2072,34,32,N,T,1
2072,34,32,N,R,0
2072,34,32,E,L,0
2072,34,32,E,T,0
2072,34,32,E,R,0
2072,34,32,S,L,0
2072,34,32,S,T,0
2072,34,32,S,R,0
2072,34,32,W,L,0
2072,34,32,W,T,0
2072,34,32,W,R,0
2073,34,33,N,L,0
2073,34,33,N,T,0
2073,34,33,N,R,0
2073,34,33,E,L,0
2073,34,33,E,T,0
2073,34,33,E,R,0
2073,34,33,S,L,0
2073,34,33,S,T,0
2073,34,33,S,R,0
2073,34,33,W,L,0
2073,34,33,W,T,0
2073,34,33,W,R,0
2074,34,34,N,L,0
2074,34,34,N,T,1
2074,34,34,N,R,0
2074,34,34,E,L,0
2074,34,34,E,T,0
2074,34,34,E,R,0
2074,34,34,S,L,0
2074,34,34,S,T,2
2074,34,34,S,R,0
2074,34,34,W,L,0
2074,34,34,W,T,1
2074,34,34,W,R,0
2075,34,35,N,L,0
2075,34,35,N,T,1
2075,34,35,N,R,0
2075,34,35,E,L,0
2075,34,35,E,T,0
2075,34,35,E,R,0
2075,34,35,S,L,0
2075,34,35,S,T,0
2075,34,35,S,R,0
2075,34,35,W,L,0
2075,34,35,W,T,0
2075,34,35,W,R,0
2076,34,36,N,L,0
2076,34,36,N,T,0
2076,34,36,N,R,0
2076,34,36,E,L,0
2076,34,36,E,T,0
2076,34,36,E,R,0
2076,34,36,S,L,0
2076,34,36,S,T,0
2076,34,36,S,R,0
2076,34,36,W,L,0
2076,34,36,W,T,0
2076,34,36,W,R,0
2077,34,37,N,L,0
2077,34,37,N,T,1
2077,34,37,N,R,0
2077,34,37,E,L,0
2077,34,37,E,T,0
2077,34,37,E,R,1
2077,34,37,S,L,0
2077,34,37,S,T,0
2077,34,37,S,R,0
2077,34,37,W,L,0
2077,34,37,W,T,1
2077,34,37,W,R,0
2078,34,38,N,L,0
2078,34,38,N,T,0
2078,34,38,N,R,0
2078,34,38,E,L,0
2078,34,38,E,T,0
2078,34,38,E,R,0
2078,34,38,S,L,0
2078,34,38,S,T,0
2078,34,38,S,R,0
2078,34,38,W,L,0
2078,34,38,W,T,1
2078,34,38,W,R,0
2079,34,39,N,L,0
2079,34,39,N,T,0
2079,34,39,N,R,0
2079,34,39,E,L,0
2079,34,39,E,T,0
2079,34,39,E,R,0
2079,34,39,S,L,0
2079,34,39,S,T,0
2079,34,39,S,R,0
2079,34,39,W,L,0
2079,34,39,W,T,0
2079,34,39,W,R,0
2080,34,40,N,L,0
2080,34,40,N,T,1
2080,34,40,N,R,0
2080,34,40,E,L,0
2080,34,40,E,T,0
2080,34,40,E,R,0
2080,34,40,S,L,0
2080,34,40,S,T,2
2080,34,40,S,R,0
2080,34,40,W,L,0
2080,34,40,W,T,1
2080,34,40,W,R,0
2081,34,41,N,L,0
2081,34,41,N,T,0
2081,34,41,N,R,0
2081,34,41,E,L,0
2081,34,41,E,T,0
2081,34,41,E,R,0
2081,34,41,S,L,0
2081,34,41,S,T,0
2081,34,41,S,R,0
2081,34,41,W,L,0
2081,34,41,W,T,0
2081,34,41,W,R,0
2082,34,42,N,L,0
2082,34,42,N,T,0
2082,34,42,N,R,0
2082,34,42,E,L,0
2082,34,42,E,T,1
2082,34,42,E,R,0
2082,34,42,S,L,0
2082,34,42,S,T,1
2082,34,42,S,R,1
2082,34,42,W,L,0
2082,34,42,W,T,0
2082,34,42,W,R,0
2083,34,43,N,L,0
2083,34,43,N,T,0
2083,34,43,N,R,0
2083,34,43,E,L,0
2083,34,43,E,T,2
2083,34,43,E,R,0
2083,34,43,S,L,0
2083,34,43,S,T,0
2083,34,43,S,R,0
2083,34,43,W,L,0
2083,34,43,W,T,0
2083,34,43,W,R,0
2084,34,44,N,L,0
2084,34,44,N,T,1
2084,34,44,N,R,0
2084,34,44,E,L,0
2084,34,44,E,T,0
2084,34,44,E,R,0
2084,34,44,S,L,0
2084,34,44,S,T,2
2084,34,44,S,R,0
2084,34,44,W,L,0
2084,34,44,W,T,3
2084,34,44,W,R,0
2085,34,45,N,L,0
2085,34,45,N,T,2
2085,34,45,N,R,0
2085,34,45,E,L,0
2085,34,45,E,T,0
2085,34,45,E,R,0
2085,34,45,S,L,0
2085,34,45,S,T,1
2085,34,45,S,R,0
2085,34,45,W,L,0
2085,34,45,W,T,0
2085,34,45,W,R,1
2086,34,46,N,L,1
2086,34,46,N,T,0
2086,34,46,N,R,0
2086,34,46,E,L,0
2086,34,46,E,T,0
2086,34,46,E,R,0
2086,34,46,S,L,0
2086,34,46,S,T,1
2086,34,46,S,R,0
2086,34,46,W,L,0
2086,34,46,W,T,0
2086,34,46,W,R,0
2087,34,47,N,L,0
2087,34,47,N,T,0
2087,34,47,N,R,0
2087,34,47,E,L,0
2087,34,47,E,T,0
2087,34,47,E,R,0
2087,34,47,S,L,1
2087,34,47,S,T,0
2087,34,47,S,R,0
2087,34,47,W,L,0
2087,34,47,W,T,1
2087,34,47,W,R,0
2088,34,48,N,L,0
2088,34,48,N,T,0
2088,34,48,N,R,0
2088,34,48,E,L,0
2088,34,48,E,T,0
2088,34,48,E,R,0
2088,34,48,S,L,0
2088,34,48,S,T,0
2088,34,48,S,R,0
2088,34,48,W,L,0
2088,34,48,W,T,1
2088,34,48,W,R,0
2089,34,49,N,L,0
2089,34,49,N,T,0
2089,34,49,N,R,0
2089,34,49,E,L,0
2089,34,49,E,T,1
2089,34,49,E,R,0
2089,34,49,S,L,0
2089,34,49,S,T,0
2089,34,49,S,R,0
2089,34,49,W,L,0
2089,34,49,W,T,0
2089,34,49,W,R,0
2090,34,50,N,L,0
2090,34,50,N,T,1
2090,34,50,N,R,0
2090,34,50,E,L,0
2090,34,50,E,T,1
2090,34,50,E,R,0
2090,34,50,S,L,0
2090,34,50,S,T,0
2090,34,50,S,R,0
2090,34,50,W,L,0
2090,34,50,W,T,0
2090,34,50,W,R,0
2091,34,51,N,L,0
2091,34,51,N,T,0
2091,34,51,N,R,0
2091,34,51,E,L,0
2091,34,51,E,T,0
2091,34,51,E,R,0
2091,34,51,S,L,0
2091,34,51,S,T,0
2091,34,51,S,R,0
2091,34,51,W,L,0
2091,34,51,W,T,0
2091,34,51,W,R,0
2092,34,52,N,L,0
2092,34,52,N,T,0
2092,34,52,N,R,0
2092,34,52,E,L,0
2092,34,52,E,T,0
2092,34,52,E,R,0
2092,34,52,S,L,0
2092,34,52,S,T,2
2092,34,52,S,R,0
2092,34,52,W,L,0
2092,34,52,W,T,0
2092,34,52,W,R,0
2093,34,53,N,L,0
2093,34,53,N,T,1
2093,34,53,N,R,0
2093,34,53,E,L,0
2093,34,53,E,T,0
2093,34,53,E,R,0
2093,34,53,S,L,0
2093,34,53,S,T,0
2093,34,53,S,R,0
2093,34,53,W,L,0
2093,34,53,W,T,0
2093,34,53,W,R,0
2094,34,54,N,L,0
2094,34,54,N,T,0
2094,34,54,N,R,0
2094,34,54,E,L,1
2094,34,54,E,T,0
2094,34,54,E,R,0
2094,34,54,S,L,0
2094,34,54,S,T,1
2094,34,54,S,R,0
2094,34,54,W,L,0
2094,34,54,W,T,0
2094,34,54,W,R,0
2095,34,55,N,L,0
2095,34,55,N,T,0
2095,34,55,N,R,0
2095,34,55,E,L,0
2095,34,55,E,T,0
2095,34,55,E,R,0
2095,34,55,S,L,0
2095,34,55,S,T,0
2095,34,55,S,R,0
2095,34,55,W,L,0
2095,34,55,W,T,1
2095,34,55,W,R,0
2096,34,56,N,L,0
2096,34,56,N,T,1
2096,34,56,N,R,0
2096,34,56,E,L,0
2096,34,56,E,T,0
2096,34,56,E,R,0
2096,34,56,S,L,0
2096,34,56,S,T,1
2096,34,56,S,R,1
2096,34,56,W,L,0
2096,34,56,W,T,0
2096,34,56,W,R,0
2097,34,57,N,L,0
2097,34,57,N,T,0
2097,34,57,N,R,0
2097,34,57,E,L,0
2097,34,57,E,T,0
2097,34,57,E,R,0
2097,34,57,S,L,0
2097,34,57,S,T,1
2097,34,57,S,R,0
2097,34,57,W,L,0
2097,34,57,W,T,1
2097,34,57,W,R,0
2098,34,58,N,L,0
2098,34,58,N,T,0
2098,34,58,N,R,0
2098,34,58,E,L,0
2098,34,58,E,T,0
2098,34,58,E,R,0
2098,34,58,S,L,0
2098,34,58,S,T,0
2098,34,58,S,R,0
2098,34,58,W,L,0
2098,34,58,W,T,0
2098,34,58,W,R,0
2099,34,59,N,L,0
2099,34,59,N,T,0
2099,34,59,N,R,0
2099,34,59,E,L,0
2099,34,59,E,T,1
2099,34,59,E,R,0
2099,34,59,S,L,0
2099,34,59,S,T,0
2099,34,59,S,R,0
2099,34,59,W,L,1
2099,34,59,W,T,2
2099,34,59,W,R,0
2100,35,00,N,L,0
2100,35,00,N,T,0
2100,35,00,N,R,0
2100,35,00,E,L,0
2100,35,00,E,T,0
2100,35,00,E,R,0
2100,35,00,S,L,0
2100,35,00,S,T,0
2100,35,00,S,R,0
2100,35,00,W,L,0
2100,35,00,W,T,0
2100,35,00,W,R,0
2101,35,01,N,L,0
2101,35,01,N,T,2
2101,35,01,N,R,0
2101,35,01,E,L,0
2101,35,01,E,T,0
2101,35,01,E,R,0
2101,35,01,S,L,1
2101,35,01,S,T,0
2101,35,01,S,R,0
2101,35,01,W,L,0
2101,35,01,W,T,0
2101,35,01,W,R,0
2102,35,02,N,L,0
2102,35,02,N,T,0
2102,35,02,N,R,0
2102,35,02,E,L,0
2102,35,02,E,T,0
2102,35,02,E,R,0
2102,35,02,S,L,0
2102,35,02,S,T,1
2102,35,02,S,R,0
2102,35,02,W,L,0
2102,35,02,W,T,0
2102,35,02,W,R,0
2103,35,03,N,L,0
2103,35,03,N,T,0
2103,35,03,N,R,0
2103,35,03,E,L,0
2103,35,03,E,T,0
2103,35,03,E,R,0
2103,35,03,S,L,0
2103,35,03,S,T,0
2103,35,03,S,R,0
2103,35,03,W,L,0
2103,35,03,W,T,0
2103,35,03,W,R,0
2104,35,04,N,L,0
2104,35,04,N,T,0
2104,35,04,N,R,0
2104,35,04,E,L,0
2104,35,04,E,T,1
2104,35,04,E,R,0
2104,35,04,S,L,0
2104,35,04,S,T,0
2104,35,04,S,R,0
2104,35,04,W,L,0
2104,35,04,W,T,0
2104,35,04,W,R,0
2105,35,05,N,L,0
2105,35,05,N,T,1
2105,35,05,N,R,0
2105,35,05,E,L,0
2105,35,05,E,T,0
2105,35,05,E,R,0
2105,35,05,S,L,0
2105,35,05,S,T,1
2105,35,05,S,R,0
2105,35,05,W,L,0
2105,35,05,W,T,1
2105,35,05,W,R,0
2106,35,06,N,L,1
2106,35,06,N,T,0
2106,35,06,N,R,0
2106,35,06,E,L,0
2106,35,06,E,T,1
2106,35,06,E,R,0
2106,35,06,S,L,0
2106,35,06,S,T,0
2106,35,06,S,R,0
2106,35,06,W,L,0
2106,35,06,W,T,0
2106,35,06,W,R,0
2107,35,07,N,L,0
2107,35,07,N,T,0
2107,35,07,N,R,0
2107,35,07,E,L,0
2107,35,07,E,T,2
2107,35,07,E,R,0
2107,35,07,S,L,0
2107,35,07,S,T,0
2107,35,07,S,R,0
2107,35,07,W,L,0
2107,35,07,W,T,0
2107,35,07,W,R,0
2108,35,08,N,L,0
2108,35,08,N,T,0
2108,35,08,N,R,1
2108,35,08,E,L,0
2108,35,08,E,T,1
2108,35,08,E,R,1
2108,35,08,S,L,0
2108,35,08,S,T,0
2108,35,08,S,R,0
2108,35,08,W,L,0
2108,35,08,W,T,0
2108,35,08,W,R,0
2109,35,09,N,L,0
2109,35,09,N,T,0
2109,35,09,N,R,0
2109,35,09,E,L,0
2109,35,09,E,T,1
2109,35,09,E,R,1
2109,35,09,S,L,0
2109,35,09,S,T,0
2109,35,09,S,R,0
2109,35,09,W,L,1
2109,35,09,W,T,0
2109,35,09,W,R,0
2110,35,10,N,L,0
2110,35,10,N,T,0
2110,35,10,N,R,0
2110,35,10,E,L,0
2110,35,10,E,T,1
2110,35,10,E,R,0
2110,35,10,S,L,0
2110,35,10,S,T,0
2110,35,10,S,R,0
2110,35,10,W,L,0
2110,35,10,W,T,1
2110,35,10,W,R,0
2111,35,11,N,L,0
2111,35,11,N,T,0
2111,35,11,N,R,0
2111,35,11,E,L,0
2111,35,11,E,T,0
2111,35,11,E,R,0
2111,35,11,S,L,0
2111,35,11,S,T,0
2111,35,11,S,R,0
2111,35,11,W,L,0
2111,35,11,W,T,3
2111,35,11,W,R,0
2112,35,12,N,L,0
2112,35,12,N,T,0
2112,35,12,N,R,0
2112,35,12,E,L,0
2112,35,12,E,T,0
2112,35,12,E,R,0
2112,35,12,S,L,0
2112,35,12,S,T,0
2112,35,12,S,R,0
2112,35,12,W,L,0
2112,35,12,W,T,0
2112,35,12,W,R,0
2113,35,13,N,L,0
2113,35,13,N,T,0
2113,35,13,N,R,0
2113,35,13,E,L,0
2113,35,13,E,T,0
2113,35,13,E,R,0
2113,35,13,S,L,0
2113,35,13,S,T,0
2113,35,13,S,R,0
2113,35,13,W,L,0
2113,35,13,W,T,2
2113,35,13,W,R,0
2114,35,14,N,L,1
2114,35,14,N,T,0
2114,35,14,N,R,0
2114,35,14,E,L,0
2114,35,14,E,T,0
2114,35,14,E,R,0
2114,35,14,S,L,0
2114,35,14,S,T,1
2114,35,14,S,R,0
2114,35,14,W,L,0
2114,35,14,W,T,0
2114,35,14,W,R,0
2115,35,15,N,L,0
2115,35,15,N,T,0
2115,35,15,N,R,0
2115,35,15,E,L,0
2115,35,15,E,T,0
2115,35,15,E,R,0
2115,35,15,S,L,0
2115,35,15,S,T,0
2115,35,15,S,R,0
2115,35,15,W,L,0
2115,35,15,W,T,0
2115,35,15,W,R,0
2116,35,16,N,L,0
2116,35,16,N,T,0
2116,35,16,N,R,0
2116,35,16,E,L,0
2116,35,16,E,T,0
2116,35,16,E,R,0
2116,35,16,S,L,0
2116,35,16,S,T,1
2116,35,16,S,R,0
2116,35,16,W,L,0
2116,35,16,W,T,0
2116,35,16,W,R,0
2117,35,17,N,L,0
2117,35,17,N,T,1
2117,35,17,N,R,0
2117,35,17,E,L,0
2117,35,17,E,T,0
2117,35,17,E,R,0
2117,35,17,S,L,0
2117,35,17,S,T,0
2117,35,17,S,R,0
2117,35,17,W,L,0
2117,35,17,W,T,0
2117,35,17,W,R,0
2118,35,18,N,L,1
2118,35,18,N,T,0
2118,35,18,N,R,0
2118,35,18,E,L,0
2118,35,18,E,T,0
2118,35,18,E,R,0
2118,35,18,S,L,0
2118,35,18,S,T,1
2118,35,18,S,R,0
2118,35,18,W,L,0
2118,35,18,W,T,2
2118,35,18,W,R,0
2119,35,19,N,L,0
2119,35,19,N,T,0
2119,35,19,N,R,0
2119,35,19,E,L,0
2119,35,19,E,T,0
2119,35,19,E,R,0
2119,35,19,S,L,0
2119,35,19,S,T,0
2119,35,19,S,R,0
2119,35,19,W,L,0
2119,35,19,W,T,0
2119,35,19,W,R,0
2120,35,20,N,L,0
2120,35,20,N,T,0
2120,35,20,N,R,0
2120,35,20,E,L,0
2120,35,20,E,T,0
2120,35,20,E,R,0
2120,35,20,S,L,0
2120,35,20,S,T,0
2120,35,20,S,R,0
2120,35,20,W,L,0
2120,35,20,W,T,0
2120,35,20,W,R,0
2121,35,21,N,L,0
2121,35,21,N,T,0
2121,35,21,N,R,0
2121,35,21,E,L,0
2121,35,21,E,T,1
2121,35,21,E,R,0
2121,35,21,S,L,0
2121,35,21,S,T,0
2121,35,21,S,R,0
2121,35,21,W,L,0
2121,35,21,W,T,1
2121,35,21,W,R,0
2122,35,22,N,L,0
2122,35,22,N,T,0
2122,35,22,N,R,0
2122,35,22,E,L,0
2122,35,22,E,T,0
2122,35,22,E,R,0
2122,35,22,S,L,0
2122,35,22,S,T,0
2122,35,22,S,R,0
2122,35,22,W,L,0
2122,35,22,W,T,0
2122,35,22,W,R,0
2123,35,23,N,L,0
2123,35,23,N,T,1
2123,35,23,N,R,0
2123,35,23,E,L,0
2123,35,23,E,T,0
2123,35,23,E,R,0
2123,35,23,S,L,0
2123,35,23,S,T,0
2123,35,23,S,R,0
2123,35,23,W,L,0
2123,35,23,W,T,0
2123,35,23,W,R,0
2124,35,24,N,L,0
2124,35,24,N,T,0
2124,35,24,N,R,0
2124,35,24,E,L,0
2124,35,24,E,T,1
2124,35,24,E,R,0
2124,35,24,S,L,0
2124,35,24,S,T,0
2124,35,24,S,R,0
2124,35,24,W,L,1
2124,35,24,W,T,0
2124,35,24,W,R,0
2125,35,25,N,L,0
2125,35,25,N,T,0
2125,35,25,N,R,0
2125,35,25,E,L,0
2125,35,25,E,T,0
2125,35,25,E,R,0
2125,35,25,S,L,0
2125,35,25,S,T,0
2125,35,25,S,R,1
2125,35,25,W,L,0
2125,35,25,W,T,0
2125,35,25,W,R,0
2126,35,26,N,L,0
2126,35,26,N,T,0
2126,35,26,N,R,0
2126,35,26,E,L,0
2126,35,26,E,T,1
2126,35,26,E,R,0
2126,35,26,S,L,0
2126,35,26,S,T,0
2126,35,26,S,R,0
2126,35,26,W,L,0
2126,35,26,W,T,0
2126,35,26,W,R,0
2127,35,27,N,L,0
2127,35,27,N,T,0
2127,35,27,N,R,0
2127,35,27,E,L,0
2127,35,27,E,T,0
2127,35,27,E,R,0
2127,35,27,S,L,0
2127,35,27,S,T,1
2127,35,27,S,R,0
2127,35,27,W,L,0
2127,35,27,W,T,1
2127,35,27,W,R,0
2128,35,28,N,L,0
2128,35,28,N,T,0
2128,35,28,N,R,0
2128,35,28,E,L,0
2128,35,28,E,T,0
2128,35,28,E,R,0
2128,35,28,S,L,0
2128,35,28,S,T,1
2128,35,28,S,R,0
2128,35,28,W,L,0
2128,35,28,W,T,0
2128,35,28,W,R,0
2129,35,29,N,L,1
2129,35,29,N,T,0
2129,35,29,N,R,0
2129,35,29,E,L,1
2129,35,29,E,T,0
2129,35,29,E,R,0
2129,35,29,S,L,0
2129,35,29,S,T,1
2129,35,29,S,R,0
2129,35,29,W,L,0
2129,35,29,W,T,0
2129,35,29,W,R,0
2130,35,30,N,L,0
2130,35,30,N,T,1
2130,35,30,N,R,0
2130,35,30,E,L,0
2130,35,30,E,T,0
2130,35,30,E,R,0
2130,35,30,S,L,0
2130,35,30,S,T,0
2130,35,30,S,R,0
2130,35,30,W,L,0
2130,35,30,W,T,0
2130,35,30,W,R,0
2131,35,31,N,L,0
2131,35,31,N,T,2
2131,35,31,N,R,0
2131,35,31,E,L,0
2131,35,31,E,T,0
2131,35,31,E,R,0
2131,35,31,S,L,0
2131,35,31,S,T,1
2131,35,31,S,R,0
2131,35,31,W,L,0
2131,35,31,W,T,0
2131,35,31,W,R,0
2132,35,32,N,L,0
2132,35,32,N,T,0
2132,35,32,N,R,0
2132,35,32,E,L,0
2132,35,32,E,T,0
2132,35,32,E,R,0
2132,35,32,S,L,0
2132,35,32,S,T,0
2132,35,32,S,R,0
2132,35,32,W,L,0
2132,35,32,W,T,0
2132,35,32,W,R,0
2133,35,33,N,L,0
2133,35,33,N,T,0
2133,35,33,N,R,0
2133,35,33,E,L,0
2133,35,33,E,T,0
2133,35,33,E,R,0
2133,35,33,S,L,0
2133,35,33,S,T,0
2133,35,33,S,R,0
2133,35,33,W,L,0
2133,35,33,W,T,1
2133,35,33,W,R,0
2134,35,34,N,L,0
2134,35,34,N,T,0
2134,35,34,N,R,0
2134,35,34,E,L,0
2134,35,34,E,T,1
2134,35,34,E,R,0
2134,35,34,S,L,0
2134,35,34,S,T,1
2134,35,34,S,R,0
2134,35,34,W,L,0
2134,35,34,W,T,2
2134,35,34,W,R,0
2135,35,35,N,L,0
2135,35,35,N,T,2
2135,35,35,N,R,0
2135,35,35,E,L,0
2135,35,35,E,T,0
2135,35,35,E,R,0
2135,35,35,S,L,0
2135,35,35,S,T,1
2135,35,35,S,R,1
2135,35,35,W,L,0
2135,35,35,W,T,0
2135,35,35,W,R,0
2136,35,36,N,L,0
2136,35,36,N,T,0
2136,35,36,N,R,0
2136,35,36,E,L,0
2136,35,36,E,T,0
2136,35,36,E,R,0
2136,35,36,S,L,0
2136,35,36,S,T,0
2136,35,36,S,R,0
2136,35,36,W,L,0
2136,35,36,W,T,0
2136,35,36,W,R,0
2137,35,37,N,L,0
2137,35,37,N,T,0
2137,35,37,N,R,0
2137,35,37,E,L,0
2137,35,37,E,T,0
2137,35,37,E,R,0
2137,35,37,S,L,0
2137,35,37,S,T,0
2137,35,37,S,R,0
2137,35,37,W,L,0
2137,35,37,W,T,0
2137,35,37,W,R,0
2138,35,38,N,L,0
2138,35,38,N,T,0
2138,35,38,N,R,0
2138,35,38,E,L,0
2138,35,38,E,T,1
2138,35,38,E,R,0
2138,35,38,S,L,0
2138,35,38,S,T,1
2138,35,38,S,R,0
2138,35,38,W,L,0
2138,35,38,W,T,1
2138,35,38,W,R,0
2139,35,39,N,L,0
2139,35,39,N,T,0
2139,35,39,N,R,0
2139,35,39,E,L,0
2139,35,39,E,T,0
2139,35,39,E,R,0
2139,35,39,S,L,0
2139,35,39,S,T,0
2139,35,39,S,R,0
2139,35,39,W,L,0
2139,35,39,W,T,2
2139,35,39,W,R,0
2140,35,40,N,L,1
2140,35,40,N,T,0
2140,35,40,N,R,0
2140,35,40,E,L,0
2140,35,40,E,T,0
2140,35,40,E,R,0
2140,35,40,S,L,0
2140,35,40,S,T,0
2140,35,40,S,R,0
2140,35,40,W,L,0
2140,35,40,W,T,0
2140,35,40,W,R,0
2141,35,41,N,L,0
2141,35,41,N,T,0
2141,35,41,N,R,0
2141,35,41,E,L,0
2141,35,41,E,T,0
2141,35,41,E,R,0
2141,35,41,S,L,0
2141,35,41,S,T,1
2141,35,41,S,R,0
2141,35,41,W,L,0
2141,35,41,W,T,0
2141,35,41,W,R,0
2142,35,42,N,L,1
2142,35,42,N,T,0
2142,35,42,N,R,0
2142,35,42,E,L,0
2142,35,42,E,T,0
2142,35,42,E,R,0
2142,35,42,S,L,0
2142,35,42,S,T,0
2142,35,42,S,R,0
2142,35,42,W,L,0
2142,35,42,W,T,0
2142,35,42,W,R,0
2143,35,43,N,L,0
2143,35,43,N,T,0
2143,35,43,N,R,0
2143,35,43,E,L,0
2143,35,43,E,T,0
2143,35,43,E,R,0
2143,35,43,S,L,0
2143,35,43,S,T,0
2143,35,43,S,R,0
2143,35,43,W,L,1
2143,35,43,W,T,0
2143,35,43,W,R,0
2144,35,44,N,L,0
2144,35,44,N,T,1
2144,35,44,N,R,0
2144,35,44,E,L,0
2144,35,44,E,T,0
2144,35,44,E,R,1
2144,35,44,S,L,0
2144,35,44,S,T,1
2144,35,44,S,R,0
2144,35,44,W,L,0
2144,35,44,W,T,0
2144,35,44,W,R,0
2145,35,45,N,L,0
2145,35,45,N,T,0
2145,35,45,N,R,0
2145,35,45,E,L,0
2145,35,45,E,T,0
2145,35,45,E,R,0
2145,35,45,S,L,0
2145,35,45,S,T,1
2145,35,45,S,R,0
2145,35,45,W,L,0
2145,35,45,W,T,1
2145,35,45,W,R,0
2146,35,46,N,L,0
2146,35,46,N,T,0
2146,35,46,N,R,0
2146,35,46,E,L,0
2146,35,46,E,T,0
2146,35,46,E,R,0
2146,35,46,S,L,0
2146,35,46,S,T,1
2146,35,46,S,R,0
2146,35,46,W,L,0
2146,35,46,W,T,0
2146,35,46,W,R,0
2147,35,47,N,L,0
2147,35,47,N,T,1
2147,35,47,N,R,0
2147,35,47,E,L,0
2147,35,47,E,T,0
2147,35,47,E,R,0
2147,35,47,S,L,0
2147,35,47,S,T,0
2147,35,47,S,R,0
2147,35,47,W,L,0
2147,35,47,W,T,0
2147,35,47,W,R,0
2148,35,48,N,L,0
2148,35,48,N,T,2
2148,35,48,N,R,1
2148,35,48,E,L,0
2148,35,48,E,T,1
2148,35,48,E,R,0
2148,35,48,S,L,0
2148,35,48,S,T,1
2148,35,48,S,R,0
2148,35,48,W,L,0
2148,35,48,W,T,0
2148,35,48,W,R,0
2149,35,49,N,L,0
2149,35,49,N,T,0
2149,35,49,N,R,0
2149,35,49,E,L,0
2149,35,49,E,T,0
2149,35,49,E,R,1
2149,35,49,S,L,0
2149,35,49,S,T,0
2149,35,49,S,R,0
2149,35,49,W,L,0
2149,35,49,W,T,0
2149,35,49,W,R,0
2150,35,50,N,L,0
2150,35,50,N,T,0
2150,35,50,N,R,0
2150,35,50,E,L,0
2150,35,50,E,T,1
2150,35,50,E,R,0
2150,35,50,S,L,0
2150,35,50,S,T,0
2150,35,50,S,R,0
2150,35,50,W,L,0
2150,35,50,W,T,0
2150,35,50,W,R,0
2151,35,51,N,L,0
2151,35,51,N,T,1
2151,35,51,N,R,0
2151,35,51,E,L,0
2151,35,51,E,T,1
2151,35,51,E,R,1
2151,35,51,S,L,0
2151,35,51,S,T,0
2151,35,51,S,R,0
2151,35,51,W,L,0
2151,35,51,W,T,0
2151,35,51,W,R,0
2152,35,52,N,L,0
2152,35,52,N,T,0
2152,35,52,N,R,0
2152,35,52,E,L,0
2152,35,52,E,T,0
2152,35,52,E,R,0
2152,35,52,S,L,0
2152,35,52,S,T,1
2152,35,52,S,R,0
2152,35,52,W,L,0
2152,35,52,W,T,1
2152,35,52,W,R,0
2153,35,53,N,L,0
2153,35,53,N,T,0
2153,35,53,N,R,0
2153,35,53,E,L,0
2153,35,53,E,T,0
2153,35,53,E,R,0
2153,35,53,S,L,1
2153,35,53,S,T,0
2153,35,53,S,R,0
2153,35,53,W,L,1
2153,35,53,W,T,0
2153,35,53,W,R,0
2154,35,54,N,L,0
2154,35,54,N,T,0
2154,35,54,N,R,0
2154,35,54,E,L,0
2154,35,54,E,T,0
2154,35,54,E,R,0
2154,35,54,S,L,1
2154,35,54,S,T,0
2154,35,54,S,R,0
2154,35,54,W,L,0
2154,35,54,W,T,0
2154,35,54,W,R,0
2155,35,55,N,L,1
2155,35,55,N,T,0
2155,35,55,N,R,0
2155,35,55,E,L,0
2155,35,55,E,T,0
2155,35,55,E,R,0
2155,35,55,S,L,1
2155,35,55,S,T,0
2155,35,55,S,R,0
2155,35,55,W,L,0
2155,35,55,W,T,0
2155,35,55,W,R,0
2156,35,56,N,L,0
2156,35,56,N,T,0
2156,35,56,N,R,0
2156,35,56,E,L,0
2156,35,56,E,T,1
2156,35,56,E,R,0
2156,35,56,S,L,0
2156,35,56,S,T,0
2156,35,56,S,R,0
2156,35,56,W,L,0
2156,35,56,W,T,0
2156,35,56,W,R,0
2157,35,57,N,L,0
2157,35,57,N,T,1
2157,35,57,N,R,0
2157,35,57,E,L,0
2157,35,57,E,T,0
2157,35,57,E,R,0
2157,35,57,S,L,0
2157,35,57,S,T,0
2157,35,57,S,R,0
2157,35,57,W,L,0
2157,35,57,W,T,0
2157,35,57,W,R,0
2158,35,58,N,L,0
2158,35,58,N,T,0
2158,35,58,N,R,0
2158,35,58,E,L,0
2158,35,58,E,T,0
2158,35,58,E,R,0
2158,35,58,S,L,0
2158,35,58,S,T,0
2158,35,58,S,R,0
2158,35,58,W,L,0
2158,35,58,W,T,0
2158,35,58,W,R,0
2159,35,59,N,L,0
2159,35,59,N,T,0
2159,35,59,N,R,1
2159,35,59,E,L,0
2159,35,59,E,T,0
2159,35,59,E,R,0
2159,35,59,S,L,0
2159,35,59,S,T,0
2159,35,59,S,R,0
2159,35,59,W,L,0
2159,35,59,W,T,0
2159,35,59,W,R,0
2160,36,00,N,L,0
2160,36,00,N,T,0
2160,36,00,N,R,0
2160,36,00,E,L,0
2160,36,00,E,T,1
2160,36,00,E,R,0
2160,36,00,S,L,0
2160,36,00,S,T,1
2160,36,00,S,R,0
2160,36,00,W,L,0
2160,36,00,W,T,0
2160,36,00,W,R,0
2161,36,01,N,L,1
2161,36,01,N,T,0
2161,36,01,N,R,1
2161,36,01,E,L,0
2161,36,01,E,T,0
2161,36,01,E,R,0
2161,36,01,S,L,0
2161,36,01,S,T,0
2161,36,01,S,R,0
2161,36,01,W,L,0
2161,36,01,W,T,0
2161,36,01,W,R,0
2162,36,02,N,L,0
2162,36,02,N,T,0
2162,36,02,N,R,0
2162,36,02,E,L,0
2162,36,02,E,T,0
2162,36,02,E,R,0
2162,36,02,S,L,0
2162,36,02,S,T,0
2162,36,02,S,R,0
2162,36,02,W,L,0
2162,36,02,W,T,0
2162,36,02,W,R,0
2163,36,03,N,L,0
2163,36,03,N,T,1
2163,36,03,N,R,0
2163,36,03,E,L,0
2163,36,03,E,T,1
2163,36,03,E,R,0
2163,36,03,S,L,0
2163,36,03,S,T,0
2163,36,03,S,R,0
2163,36,03,W,L,0
2163,36,03,W,T,0
2163,36,03,W,R,1
2164,36,04,N,L,0
2164,36,04,N,T,0
2164,36,04,N,R,0
2164,36,04,E,L,0
2164,36,04,E,T,0
2164,36,04,E,R,0
2164,36,04,S,L,0
2164,36,04,S,T,1
2164,36,04,S,R,0
2164,36,04,W,L,0
2164,36,04,W,T,1
2164,36,04,W,R,0
2165,36,05,N,L,0
2165,36,05,N,T,1
2165,36,05,N,R,0
2165,36,05,E,L,0
2165,36,05,E,T,0
2165,36,05,E,R,0
2165,36,05,S,L,1
2165,36,05,S,T,1
2165,36,05,S,R,0
2165,36,05,W,L,0
2165,36,05,W,T,0
2165,36,05,W,R,0
2166,36,06,N,L,0
2166,36,06,N,T,0
2166,36,06,N,R,1
2166,36,06,E,L,0
2166,36,06,E,T,0
2166,36,06,E,R,0
2166,36,06,S,L,0
2166,36,06,S,T,0
2166,36,06,S,R,0
2166,36,06,W,L,0
2166,36,06,W,T,0
2166,36,06,W,R,0
2167,36,07,N,L,0
2167,36,07,N,T,0
2167,36,07,N,R,0
2167,36,07,E,L,0
2167,36,07,E,T,0
2167,36,07,E,R,0
2167,36,07,S,L,0
2167,36,07,S,T,0
2167,36,07,S,R,0
2167,36,07,W,L,0
2167,36,07,W,T,0
2167,36,07,W,R,0
2168,36,08,N,L,0
2168,36,08,N,T,0
2168,36,08,N,R,0
2168,36,08,E,L,0
2168,36,08,E,T,0
2168,36,08,E,R,0
2168,36,08,S,L,0
2168,36,08,S,T,0
2168,36,08,S,R,1
2168,36,08,W,L,0
2168,36,08,W,T,0
2168,36,08,W,R,0
2169,36,09,N,L,0
2169,36,09,N,T,0
2169,36,09,N,R,0
2169,36,09,E,L,0
2169,36,09,E,T,0
2169,36,09,E,R,0
2169,36,09,S,L,0
2169,36,09,S,T,0
2169,36,09,S,R,0
2169,36,09,W,L,0
2169,36,09,W,T,0
2169,36,09,W,R,0
2170,36,10,N,L,0
2170,36,10,N,T,0
2170,36,10,N,R,0
2170,36,10,E,L,0
2170,36,10,E,T,0
2170,36,10,E,R,0
2170,36,10,S,L,0
2170,36,10,S,T,1
2170,36,10,S,R,0
2170,36,10,W,L,0
2170,36,10,W,T,0
2170,36,10,W,R,0
2171,36,11,N,L,0
2171,36,11,N,T,0
2171,36,11,N,R,0
2171,36,11,E,L,0
2171,36,11,E,T,0
2171,36,11,E,R,0
2171,36,11,S,L,0
2171,36,11,S,T,0
2171,36,11,S,R,0
2171,36,11,W,L,0
2171,36,11,W,T,0
2171,36,11,W,R,0
2172,36,12,N,L,0
2172,36,12,N,T,1
2172,36,12,N,R,0
2172,36,12,E,L,0
2172,36,12,E,T,0
2172,36,12,E,R,0
2172,36,12,S,L,1
2172,36,12,S,T,0
2172,36,12,S,R,0
2172,36,12,W,L,0
2172,36,12,W,T,0
2172,36,12,W,R,0
2173,36,13,N,L,1
2173,36,13,N,T,0
2173,36,13,N,R,0
2173,36,13,E,L,0
2173,36,13,E,T,1
2173,36,13,E,R,0
2173,36,13,S,L,0
2173,36,13,S,T,1
2173,36,13,S,R,0
2173,36,13,W,L,0
2173,36,13,W,T,0
2173,36,13,W,R,0
2174,36,14,N,L,0
2174,36,14,N,T,0
2174,36,14,N,R,0
2174,36,14,E,L,0
2174,36,14,E,T,0
2174,36,14,E,R,0
2174,36,14,S,L,1
2174,36,14,S,T,1
2174,36,14,S,R,0
2174,36,14,W,L,0
2174,36,14,W,T,1
2174,36,14,W,R,0
2175,36,15,N,L,0
2175,36,15,N,T,1
2175,36,15,N,R,0
2175,36,15,E,L,0
2175,36,15,E,T,0
2175,36,15,E,R,0
2175,36,15,S,L,0
2175,36,15,S,T,1
2175,36,15,S,R,0
2175,36,15,W,L,0
2175,36,15,W,T,0
2175,36,15,W,R,0
2176,36,16,N,L,0
2176,36,16,N,T,0
2176,36,16,N,R,0
2176,36,16,E,L,0
2176,36,16,E,T,0
2176,36,16,E,R,0
2176,36,16,S,L,0
2176,36,16,S,T,0
2176,36,16,S,R,0
2176,36,16,W,L,1
2176,36,16,W,T,0
2176,36,16,W,R,0
2177,36,17,N,L,0
2177,36,17,N,T,0
2177,36,17,N,R,0
2177,36,17,E,L,0
2177,36,17,E,T,0
2177,36,17,E,R,0
2177,36,17,S,L,0
2177,36,17,S,T,0
2177,36,17,S,R,0
2177,36,17,W,L,0
2177,36,17,W,T,0
2177,36,17,W,R,1
2178,36,18,N,L,0
2178,36,18,N,T,0
2178,36,18,N,R,0
2178,36,18,E,L,0
2178,36,18,E,T,0
2178,36,18,E,R,1
2178,36,18,S,L,0
2178,36,18,S,T,1
2178,36,18,S,R,0
2178,36,18,W,L,0
2178,36,18,W,T,0
2178,36,18,W,R,0
2179,36,19,N,L,0
2179,36,19,N,T,0
2179,36,19,N,R,0
2179,36,19,E,L,0
2179,36,19,E,T,1
2179,36,19,E,R,0
2179,36,19,S,L,0
2179,36,19,S,T,0
2179,36,19,S,R,0
2179,36,19,W,L,0
2179,36,19,W,T,0
2179,36,19,W,R,0
2180,36,20,N,L,0
2180,36,20,N,T,2
2180,36,20,N,R,0
2180,36,20,E,L,0
2180,36,20,E,T,0
2180,36,20,E,R,0
2180,36,20,S,L,0
2180,36,20,S,T,0
2180,36,20,S,R,0
2180,36,20,W,L,0
2180,36,20,W,T,0
2180,36,20,W,R,0
2181,36,21,N,L,0
2181,36,21,N,T,0
2181,36,21,N,R,0
2181,36,21,E,L,0
2181,36,21,E,T,0
2181,36,21,E,R,0
2181,36,21,S,L,0
2181,36,21,S,T,0
2181,36,21,S,R,0
2181,36,21,W,L,0
2181,36,21,W,T,0
2181,36,21,W,R,0
2182,36,22,N,L,0
2182,36,22,N,T,0
2182,36,22,N,R,0
2182,36,22,E,L,0
2182,36,22,E,T,2
2182,36,22,E,R,0
2182,36,22,S,L,0
2182,36,22,S,T,0
2182,36,22,S,R,0
2182,36,22,W,L,0
2182,36,22,W,T,1
2182,36,22,W,R,0
2183,36,23,N,L,0
2183,36,23,N,T,0
2183,36,23,N,R,0
2183,36,23,E,L,0
2183,36,23,E,T,0
2183,36,23,E,R,0
2183,36,23,S,L,0
2183,36,23,S,T,1
2183,36,23,S,R,0
2183,36,23,W,L,0
2183,36,23,W,T,0
2183,36,23,W,R,0
2184,36,24,N,L,0
2184,36,24,N,T,0
2184,36,24,N,R,0
2184,36,24,E,L,0
2184,36,24,E,T,1
2184,36,24,E,R,0
2184,36,24,S,L,0
2184,36,24,S,T,0
2184,36,24,S,R,0
2184,36,24,W,L,0
2184,36,24,W,T,0
2184,36,24,W,R,0
2185,36,25,N,L,0
2185,36,25,N,T,1
2185,36,25,N,R,0
2185,36,25,E,L,0
2185,36,25,E,T,0
2185,36,25,E,R,0
2185,36,25,S,L,0
2185,36,25,S,T,1
2185,36,25,S,R,1
2185,36,25,W,L,0
2185,36,25,W,T,0
2185,36,25,W,R,0
2186,36,26,N,L,0
2186,36,26,N,T,1
2186,36,26,N,R,0
2186,36,26,E,L,0
2186,36,26,E,T,0
2186,36,26,E,R,0
2186,36,26,S,L,0
2186,36,26,S,T,0
2186,36,26,S,R,0
2186,36,26,W,L,0
2186,36,26,W,T,1
2186,36,26,W,R,0
2187,36,27,N,L,0
2187,36,27,N,T,1
2187,36,27,N,R,0
2187,36,27,E,L,0
2187,36,27,E,T,0
2187,36,27,E,R,0
2187,36,27,S,L,0
2187,36,27,S,T,0
2187,36,27,S,R,0
2187,36,27,W,L,0
2187,36,27,W,T,0
2187,36,27,W,R,0
2188,36,28,N,L,0
2188,36,28,N,T,3
2188,36,28,N,R,0
2188,36,28,E,L,0
2188,36,28,E,T,1
2188,36,28,E,R,0
2188,36,28,S,L,0
2188,36,28,S,T,0
2188,36,28,S,R,0
2188,36,28,W,L,0
2188,36,28,W,T,0
2188,36,28,W,R,0
2189,36,29,N,L,0
2189,36,29,N,T,1
2189,36,29,N,R,0
2189,36,29,E,L,0
2189,36,29,E,T,0
2189,36,29,E,R,0
2189,36,29,S,L,0
2189,36,29,S,T,0
2189,36,29,S,R,0
2189,36,29,W,L,0
2189,36,29,W,T,0
2189,36,29,W,R,0
2190,36,30,N,L,0
2190,36,30,N,T,1
2190,36,30,N,R,0
2190,36,30,E,L,0
2190,36,30,E,T,1
2190,36,30,E,R,0
2190,36,30,S,L,0
2190,36,30,S,T,0
2190,36,30,S,R,0
2190,36,30,W,L,0
2190,36,30,W,T,0
2190,36,30,W,R,0
2191,36,31,N,L,0
2191,36,31,N,T,1
2191,36,31,N,R,0
2191,36,31,E,L,0
2191,36,31,E,T,0
2191,36,31,E,R,0
2191,36,31,S,L,0
2191,36,31,S,T,0
2191,36,31,S,R,0
2191,36,31,W,L,0
2191,36,31,W,T,0
2191,36,31,W,R,0
2192,36,32,N,L,0
2192,36,32,N,T,0
2192,36,32,N,R,0
2192,36,32,E,L,0
2192,36,32,E,T,0
2192,36,32,E,R,0
2192,36,32,S,L,0
2192,36,32,S,T,0
2192,36,32,S,R,0
2192,36,32,W,L,0
2192,36,32,W,T,0
2192,36,32,W,R,0
2193,36,33,N,L,0
2193,36,33,N,T,0
2193,36,33,N,R,0
2193,36,33,E,L,0
2193,36,33,E,T,1
2193,36,33,E,R,0
2193,36,33,S,L,0
2193,36,33,S,T,0
2193,36,33,S,R,0
2193,36,33,W,L,0
2193,36,33,W,T,0
2193,36,33,W,R,0
2194,36,34,N,L,0
2194,36,34,N,T,1
2194,36,34,N,R,0
2194,36,34,E,L,0
2194,36,34,E,T,0
2194,36,34,E,R,0
2194,36,34,S,L,0
2194,36,34,S,T,0
2194,36,34,S,R,0
2194,36,34,W,L,0
2194,36,34,W,T,0
2194,36,34,W,R,0
2195,36,35,N,L,0
2195,36,35,N,T,0
2195,36,35,N,R,0
2195,36,35,E,L,0
2195,36,35,E,T,0
2195,36,35,E,R,0
2195,36,35,S,L,0
2195,36,35,S,T,0
2195,36,35,S,R,0
2195,36,35,W,L,0
2195,36,35,W,T,0
2195,36,35,W,R,0
2196,36,36,N,L,0
2196,36,36,N,T,0
2196,36,36,N,R,0
2196,36,36,E,L,0
2196,36,36,E,T,0
2196,36,36,E,R,0
2196,36,36,S,L,0
2196,36,36,S,T,0
2196,36,36,S,R,0
2196,36,36,W,L,0
2196,36,36,W,T,1
2196,36,36,W,R,0
2197,36,37,N,L,0
2197,36,37,N,T,0
2197,36,37,N,R,0
2197,36,37,E,L,0
2197,36,37,E,T,0
2197,36,37,E,R,0
2197,36,37,S,L,0
2197,36,37,S,T,0
2197,36,37,S,R,1
2197,36,37,W,L,0
2197,36,37,W,T,0
2197,36,37,W,R,0
2198,36,38,N,L,0
2198,36,38,N,T,0
2198,36,38,N,R,0
2198,36,38,E,L,0
2198,36,38,E,T,0
2198,36,38,E,R,0
2198,36,38,S,L,0
2198,36,38,S,T,0
2198,36,38,S,R,0
2198,36,38,W,L,0
2198,36,38,W,T,0
2198,36,38,W,R,0
2199,36,39,N,L,0
2199,36,39,N,T,0
2199,36,39,N,R,0
2199,36,39,E,L,0
2199,36,39,E,T,1
2199,36,39,E,R,0
2199,36,39,S,L,0
2199,36,39,S,T,0
2199,36,39,S,R,0
2199,36,39,W,L,0
2199,36,39,W,T,1
2199,36,39,W,R,0
2200,36,40,N,L,0
2200,36,40,N,T,2
2200,36,40,N,R,0
2200,36,40,E,L,0
2200,36,40,E,T,1
2200,36,40,E,R,0
2200,36,40,S,L,0
2200,36,40,S,T,0
2200,36,40,S,R,0
2200,36,40,W,L,0
2200,36,40,W,T,0
2200,36,40,W,R,0
2201,36,41,N,L,0
2201,36,41,N,T,0
2201,36,41,N,R,0
2201,36,41,E,L,0
2201,36,41,E,T,0
2201,36,41,E,R,0
2201,36,41,S,L,0
2201,36,41,S,T,2
2201,36,41,S,R,0
2201,36,41,W,L,0
2201,36,41,W,T,1
2201,36,41,W,R,0
2202,36,42,N,L,0
2202,36,42,N,T,0
2202,36,42,N,R,0
2202,36,42,E,L,0
2202,36,42,E,T,0
2202,36,42,E,R,0
2202,36,42,S,L,0
2202,36,42,S,T,0
2202,36,42,S,R,0
2202,36,42,W,L,0
2202,36,42,W,T,0
2202,36,42,W,R,0
2203,36,43,N,L,1
2203,36,43,N,T,0
2203,36,43,N,R,0
2203,36,43,E,L,0
2203,36,43,E,T,0
2203,36,43,E,R,0
2203,36,43,S,L,0
2203,36,43,S,T,0
2203,36,43,S,R,0
2203,36,43,W,L,0
2203,36,43,W,T,1
2203,36,43,W,R,0
2204,36,44,N,L,0
2204,36,44,N,T,0
2204,36,44,N,R,0
2204,36,44,E,L,0
2204,36,44,E,T,0
2204,36,44,E,R,0
2204,36,44,S,L,0
2204,36,44,S,T,0
2204,36,44,S,R,0
2204,36,44,W,L,0
2204,36,44,W,T,0
2204,36,44,W,R,0
2205,36,45,N,L,0
2205,36,45,N,T,0
2205,36,45,N,R,0
2205,36,45,E,L,0
2205,36,45,E,T,0
2205,36,45,E,R,0
2205,36,45,S,L,0
2205,36,45,S,T,0
2205,36,45,S,R,0
2205,36,45,W,L,0
2205,36,45,W,T,0
2205,36,45,W,R,0
2206,36,46,N,L,0
2206,36,46,N,T,1
2206,36,46,N,R,0
2206,36,46,E,L,0
2206,36,46,E,T,0
2206,36,46,E,R,0
2206,36,46,S,L,0
2206,36,46,S,T,0
2206,36,46,S,R,0
2206,36,46,W,L,0
2206,36,46,W,T,0
2206,36,46,W,R,0
2207,36,47,N,L,0
2207,36,47,N,T,1
2207,36,47,N,R,0
2207,36,47,E,L,0
2207,36,47,E,T,0
2207,36,47,E,R,0
2207,36,47,S,L,0
2207,36,47,S,T,0
2207,36,47,S,R,0
2207,36,47,W,L,1
2207,36,47,W,T,0
2207,36,47,W,R,0
2208,36,48,N,L,0
2208,36,48,N,T,3
2208,36,48,N,R,0
2208,36,48,E,L,0
2208,36,48,E,T,0
2208,36,48,E,R,0
2208,36,48,S,L,0
2208,36,48,S,T,1
2208,36,48,S,R,1
2208,36,48,W,L,0
2208,36,48,W,T,0
2208,36,48,W,R,0
2209,36,49,N,L,0
2209,36,49,N,T,0
2209,36,49,N,R,0
2209,36,49,E,L,0
2209,36,49,E,T,2
2209,36,49,E,R,0
2209,36,49,S,L,0
2209,36,49,S,T,0
2209,36,49,S,R,0
2209,36,49,W,L,0
2209,36,49,W,T,1
2209,36,49,W,R,0
2210,36,50,N,L,0
2210,36,50,N,T,0
2210,36,50,N,R,0
2210,36,50,E,L,0
2210,36,50,E,T,0
2210,36,50,E,R,0
2210,36,50,S,L,1
2210,36,50,S,T,2
2210,36,50,S,R,1
2210,36,50,W,L,0
2210,36,50,W,T,0
2210,36,50,W,R,0
2211,36,51,N,L,0
2211,36,51,N,T,0
2211,36,51,N,R,0
2211,36,51,E,L,0
2211,36,51,E,T,0
2211,36,51,E,R,0
2211,36,51,S,L,0
2211,36,51,S,T,1
2211,36,51,S,R,0
2211,36,51,W,L,0
2211,36,51,W,T,0
2211,36,51,W,R,0
2212,36,52,N,L,0
2212,36,52,N,T,0
2212,36,52,N,R,0
2212,36,52,E,L,0
2212,36,52,E,T,0
2212,36,52,E,R,0
2212,36,52,S,L,0
2212,36,52,S,T,0
2212,36,52,S,R,0
2212,36,52,W,L,0
2212,36,52,W,T,0
2212,36,52,W,R,0
2213,36,53,N,L,0
2213,36,53,N,T,0
2213,36,53,N,R,0
2213,36,53,E,L,0
2213,36,53,E,T,1
2213,36,53,E,R,0
2213,36,53,S,L,0
2213,36,53,S,T,0
2213,36,53,S,R,0
2213,36,53,W,L,0
2213,36,53,W,T,0
2213,36,53,W,R,0
2214,36,54,N,L,0
2214,36,54,N,T,0
2214,36,54,N,R,0
2214,36,54,E,L,0
2214,36,54,E,T,0
2214,36,54,E,R,0
2214,36,54,S,L,0
2214,36,54,S,T,0
2214,36,54,S,R,0
2214,36,54,W,L,0
2214,36,54,W,T,0
2214,36,54,W,R,0
2215,36,55,N,L,0
2215,36,55,N,T,0
2215,36,55,N,R,0
2215,36,55,E,L,0
2215,36,55,E,T,0
2215,36,55,E,R,0
2215,36,55,S,L,0
2215,36,55,S,T,0
2215,36,55,S,R,1
2215,36,55,W,L,0
2215,36,55,W,T,1
2215,36,55,W,R,0
2216,36,56,N,L,1
2216,36,56,N,T,0
2216,36,56,N,R,0
2216,36,56,E,L,0
2216,36,56,E,T,0
2216,36,56,E,R,0
2216,36,56,S,L,0
2216,36,56,S,T,0
2216,36,56,S,R,1
2216,36,56,W,L,0
2216,36,56,W,T,0
2216,36,56,W,R,0
2217,36,57,N,L,0
2217,36,57,N,T,0
2217,36,57,N,R,0
2217,36,57,E,L,0
2217,36,57,E,T,0
2217,36,57,E,R,0
2217,36,57,S,L,0
2217,36,57,S,T,0
2217,36,57,S,R,0
2217,36,57,W,L,0
2217,36,57,W,T,0
2217,36,57,W,R,0
2218,36,58,N,L,1
2218,36,58,N,T,0
2218,36,58,N,R,0
2218,36,58,E,L,0
2218,36,58,E,T,1
2218,36,58,E,R,0
2218,36,58,S,L,0
2218,36,58,S,T,2
2218,36,58,S,R,0
2218,36,58,W,L,0
2218,36,58,W,T,0
2218,36,58,W,R,0
2219,36,59,N,L,0
2219,36,59,N,T,0
2219,36,59,N,R,0
2219,36,59,E,L,0
2219,36,59,E,T,1
2219,36,59,E,R,1
2219,36,59,S,L,0
2219,36,59,S,T,0
2219,36,59,S,R,0
2219,36,59,W,L,0
2219,36,59,W,T,0
2219,36,59,W,R,0
2220,37,00,N,L,0
2220,37,00,N,T,1
2220,37,00,N,R,0
2220,37,00,E,L,0
2220,37,00,E,T,0
2220,37,00,E,R,0
2220,37,00,S,L,0
2220,37,00,S,T,1
2220,37,00,S,R,0
2220,37,00,W,L,0
2220,37,00,W,T,0
2220,37,00,W,R,0
2221,37,01,N,L,0
2221,37,01,N,T,0
2221,37,01,N,R,0
2221,37,01,E,L,0
2221,37,01,E,T,0
2221,37,01,E,R,0
2221,37,01,S,L,0
2221,37,01,S,T,1
2221,37,01,S,R,0
2221,37,01,W,L,0
2221,37,01,W,T,2
2221,37,01,W,R,0
2222,37,02,N,L,0
2222,37,02,N,T,0
2222,37,02,N,R,0
2222,37,02,E,L,0
2222,37,02,E,T,0
2222,37,02,E,R,1
2222,37,02,S,L,0
2222,37,02,S,T,0
2222,37,02,S,R,0
2222,37,02,W,L,0
2222,37,02,W,T,0
2222,37,02,W,R,0
2223,37,03,N,L,0
2223,37,03,N,T,0
2223,37,03,N,R,0
2223,37,03,E,L,0
2223,37,03,E,T,0
2223,37,03,E,R,0
2223,37,03,S,L,0
2223,37,03,S,T,0
2223,37,03,S,R,0
2223,37,03,W,L,0
2223,37,03,W,T,0
2223,37,03,W,R,0
2224,37,04,N,L,0
2224,37,04,N,T,0
2224,37,04,N,R,0
2224,37,04,E,L,0
2224,37,04,E,T,0
2224,37,04,E,R,0
2224,37,04,S,L,0
2224,37,04,S,T,0
2224,37,04,S,R,0
2224,37,04,W,L,0
2224,37,04,W,T,1
2224,37,04,W,R,0
2225,37,05,N,L,0
2225,37,05,N,T,0
2225,37,05,N,R,0
2225,37,05,E,L,0
2225,37,05,E,T,0
2225,37,05,E,R,0
2225,37,05,S,L,0
2225,37,05,S,T,0
2225,37,05,S,R,0
2225,37,05,W,L,0
2225,37,05,W,T,0
2225,37,05,W,R,0
2226,37,06,N,L,0
2226,37,06,N,T,0
2226,37,06,N,R,0
2226,37,06,E,L,0
2226,37,06,E,T,0
2226,37,06,E,R,0
2226,37,06,S,L,0
2226,37,06,S,T,0
2226,37,06,S,R,0
2226,37,06,W,L,0
2226,37,06,W,T,0
2226,37,06,W,R,0
2227,37,07,N,L,0
2227,37,07,N,T,0
2227,37,07,N,R,0
2227,37,07,E,L,0
2227,37,07,E,T,0
2227,37,07,E,R,0
2227,37,07,S,L,0
2227,37,07,S,T,0
2227,37,07,S,R,0
2227,37,07,W,L,0
2227,37,07,W,T,1
2227,37,07,W,R,0
2228,37,08,N,L,0
2228,37,08,N,T,0
2228,37,08,N,R,0
2228,37,08,E,L,0
2228,37,08,E,T,0
2228,37,08,E,R,0
2228,37,08,S,L,0
2228,37,08,S,T,0
2228,37,08,S,R,0
2228,37,08,W,L,0
2228,37,08,W,T,0
2228,37,08,W,R,0
2229,37,09,N,L,0
2229,37,09,N,T,0
2229,37,09,N,R,0
2229,37,09,E,L,0
2229,37,09,E,T,1
2229,37,09,E,R,0
2229,37,09,S,L,0
2229,37,09,S,T,0
2229,37,09,S,R,0
2229,37,09,W,L,0
2229,37,09,W,T,0
2229,37,09,W,R,0
2230,37,10,N,L,0
2230,37,10,N,T,0
2230,37,10,N,R,0
2230,37,10,E,L,0
2230,37,10,E,T,1
2230,37,10,E,R,0
2230,37,10,S,L,0
2230,37,10,S,T,0
2230,37,10,S,R,0
2230,37,10,W,L,0
2230,37,10,W,T,0
2230,37,10,W,R,0
2231,37,11,N,L,0
2231,37,11,N,T,0
2231,37,11,N,R,0
2231,37,11,E,L,0
2231,37,11,E,T,0
2231,37,11,E,R,0
2231,37,11,S,L,0
2231,37,11,S,T,0
2231,37,11,S,R,0
2231,37,11,W,L,0
2231,37,11,W,T,0
2231,37,11,W,R,0
2232,37,12,N,L,1
2232,37,12,N,T,0
2232,37,12,N,R,0
2232,37,12,E,L,0
2232,37,12,E,T,0
2232,37,12,E,R,0
2232,37,12,S,L,0
2232,37,12,S,T,1
2232,37,12,S,R,0
2232,37,12,W,L,0
2232,37,12,W,T,1
2232,37,12,W,R,0
2233,37,13,N,L,0
2233,37,13,N,T,0
2233,37,13,N,R,1
2233,37,13,E,L,0
2233,37,13,E,T,1
2233,37,13,E,R,0
2233,37,13,S,L,0
2233,37,13,S,T,1
2233,37,13,S,R,1
2233,37,13,W,L,0
2233,37,13,W,T,0
2233,37,13,W,R,0
2234,37,14,N,L,1
2234,37,14,N,T,0
2234,37,14,N,R,0
2234,37,14,E,L,0
2234,37,14,E,T,1
2234,37,14,E,R,0
2234,37,14,S,L,0
2234,37,14,S,T,0
2234,37,14,S,R,0
2234,37,14,W,L,0
2234,37,14,W,T,0
2234,37,14,W,R,0
2235,37,15,N,L,0
2235,37,15,N,T,0
2235,37,15,N,R,0
2235,37,15,E,L,0
2235,37,15,E,T,0
2235,37,15,E,R,0
2235,37,15,S,L,0
2235,37,15,S,T,0
2235,37,15,S,R,0
2235,37,15,W,L,0
2235,37,15,W,T,0
2235,37,15,W,R,0
2236,37,16,N,L,0
2236,37,16,N,T,0
2236,37,16,N,R,0
2236,37,16,E,L,0
2236,37,16,E,T,0
2236,37,16,E,R,0
2236,37,16,S,L,0
2236,37,16,S,T,0
2236,37,16,S,R,0
2236,37,16,W,L,0
2236,37,16,W,T,2
2236,37,16,W,R,0
2237,37,17,N,L,0
2237,37,17,N,T,0
2237,37,17,N,R,0
2237,37,17,E,L,0
2237,37,17,E,T,0
2237,37,17,E,R,0
2237,37,17,S,L,0
2237,37,17,S,T,0
2237,37,17,S,R,0
2237,37,17,W,L,0
2237,37,17,W,T,0
2237,37,17,W,R,0
2238,37,18,N,L,0
2238,37,18,N,T,0
2238,37,18,N,R,0
2238,37,18,E,L,0
2238,37,18,E,T,1
2238,37,18,E,R,0
2238,37,18,S,L,0
2238,37,18,S,T,0
2238,37,18,S,R,0
2238,37,18,W,L,0
2238,37,18,W,T,0
2238,37,18,W,R,0
2239,37,19,N,L,0
2239,37,19,N,T,0
2239,37,19,N,R,0
2239,37,19,E,L,0
2239,37,19,E,T,0
2239,37,19,E,R,0
2239,37,19,S,L,0
2239,37,19,S,T,0
2239,37,19,S,R,0
2239,37,19,W,L,0
2239,37,19,W,T,0
2239,37,19,W,R,0
2240,37,20,N,L,0
2240,37,20,N,T,0
2240,37,20,N,R,0
2240,37,20,E,L,0
2240,37,20,E,T,0
2240,37,20,E,R,0
2240,37,20,S,L,0
2240,37,20,S,T,1
2240,37,20,S,R,0
2240,37,20,W,L,0
2240,37,20,W,T,1
2240,37,20,W,R,0
2241,37,21,N,L,0
2241,37,21,N,T,0
2241,37,21,N,R,0
2241,37,21,E,L,0
2241,37,21,E,T,0
2241,37,21,E,R,0
2241,37,21,S,L,0
2241,37,21,S,T,2
2241,37,21,S,R,0
2241,37,21,W,L,0
2241,37,21,W,T,0
2241,37,21,W,R,0
2242,37,22,N,L,0
2242,37,22,N,T,0
2242,37,22,N,R,0
2242,37,22,E,L,0
2242,37,22,E,T,0
2242,37,22,E,R,0
2242,37,22,S,L,0
2242,37,22,S,T,0
2242,37,22,S,R,0
2242,37,22,W,L,0
2242,37,22,W,T,0
2242,37,22,W,R,0
2243,37,23,N,L,1
2243,37,23,N,T,0
2243,37,23,N,R,0
2243,37,23,E,L,0
2243,37,23,E,T,0
2243,37,23,E,R,0
2243,37,23,S,L,0
2243,37,23,S,T,0
2243,37,23,S,R,0
2243,37,23,W,L,0
2243,37,23,W,T,0
2243,37,23,W,R,0
2244,37,24,N,L,0
2244,37,24,N,T,0
2244,37,24,N,R,0
2244,37,24,E,L,0
2244,37,24,E,T,1
2244,37,24,E,R,0
2244,37,24,S,L,0
2244,37,24,S,T,0
2244,37,24,S,R,0
2244,37,24,W,L,0
2244,37,24,W,T,0
2244,37,24,W,R,0
2245,37,25,N,L,0
2245,37,25,N,T,0
2245,37,25,N,R,0
2245,37,25,E,L,1
2245,37,25,E,T,0
2245,37,25,E,R,0
2245,37,25,S,L,1
2245,37,25,S,T,0
2245,37,25,S,R,0
2245,37,25,W,L,0
2245,37,25,W,T,0
2245,37,25,W,R,0
2246,37,26,N,L,0
2246,37,26,N,T,0
2246,37,26,N,R,0
2246,37,26,E,L,0
2246,37,26,E,T,0
2246,37,26,E,R,0
2246,37,26,S,L,0
2246,37,26,S,T,2
2246,37,26,S,R,0
2246,37,26,W,L,0
2246,37,26,W,T,1
2246,37,26,W,R,0
2247,37,27,N,L,0
2247,37,27,N,T,1
2247,37,27,N,R,0
2247,37,27,E,L,0
2247,37,27,E,T,1
2247,37,27,E,R,0
2247,37,27,S,L,0
2247,37,27,S,T,0
2247,37,27,S,R,0
2247,37,27,W,L,0
2247,37,27,W,T,0
2247,37,27,W,R,0
2248,37,28,N,L,0
2248,37,28,N,T,0
2248,37,28,N,R,0
2248,37,28,E,L,0
2248,37,28,E,T,0
2248,37,28,E,R,0
2248,37,28,S,L,0
2248,37,28,S,T,0
2248,37,28,S,R,0
2248,37,28,W,L,0
2248,37,28,W,T,0
2248,37,28,W,R,0
2249,37,29,N,L,0
2249,37,29,N,T,0
2249,37,29,N,R,0
2249,37,29,E,L,0
2249,37,29,E,T,0
2249,37,29,E,R,0
2249,37,29,S,L,0
2249,37,29,S,T,0
2249,37,29,S,R,0
2249,37,29,W,L,0
2249,37,29,W,T,0
2249,37,29,W,R,0
2250,37,30,N,L,0
2250,37,30,N,T,0
2250,37,30,N,R,0
2250,37,30,E,L,0
2250,37,30,E,T,0
2250,37,30,E,R,0
2250,37,30,S,L,0
2250,37,30,S,T,0
2250,37,30,S,R,0
2250,37,30,W,L,0
2250,37,30,W,T,0
2250,37,30,W,R,0
2251,37,31,N,L,2
2251,37,31,N,T,0
2251,37,31,N,R,0
2251,37,31,E,L,0
2251,37,31,E,T,0
2251,37,31,E,R,1
2251,37,31,S,L,0
2251,37,31,S,T,0
2251,37,31,S,R,0
2251,37,31,W,L,0
2251,37,31,W,T,0
2251,37,31,W,R,0
2252,37,32,N,L,0
2252,37,32,N,T,1
2252,37,32,N,R,0
2252,37,32,E,L,0
2252,37,32,E,T,0
2252,37,32,E,R,0
2252,37,32,S,L,0
2252,37,32,S,T,2
2252,37,32,S,R,0
2252,37,32,W,L,0
2252,37,32,W,T,0
2252,37,32,W,R,0
2253,37,33,N,L,0
2253,37,33,N,T,0
2253,37,33,N,R,0
2253,37,33,E,L,0
2253,37,33,E,T,1
2253,37,33,E,R,0
2253,37,33,S,L,0
2253,37,33,S,T,0
2253,37,33,S,R,0
2253,37,33,W,L,0
2253,37,33,W,T,0
2253,37,33,W,R,0
2254,37,34,N,L,0
2254,37,34,N,T,0
2254,37,34,N,R,0
2254,37,34,E,L,0
2254,37,34,E,T,0
2254,37,34,E,R,0
2254,37,34,S,L,0
2254,37,34,S,T,0
2254,37,34,S,R,1
2254,37,34,W,L,0
2254,37,34,W,T,0
2254,37,34,W,R,0
2255,37,35,N,L,1
2255,37,35,N,T,0
2255,37,35,N,R,0
2255,37,35,E,L,0
2255,37,35,E,T,0
2255,37,35,E,R,0
2255,37,35,S,L,0
2255,37,35,S,T,0
2255,37,35,S,R,0
2255,37,35,W,L,0
2255,37,35,W,T,0
2255,37,35,W,R,0
2256,37,36,N,L,0
2256,37,36,N,T,0
2256,37,36,N,R,0
2256,37,36,E,L,0
2256,37,36,E,T,0
2256,37,36,E,R,0
2256,37,36,S,L,0
2256,37,36,S,T,0
2256,37,36,S,R,0
2256,37,36,W,L,0
2256,37,36,W,T,1
2256,37,36,W,R,0
2257,37,37,N,L,0
2257,37,37,N,T,0
2257,37,37,N,R,0
2257,37,37,E,L,0
2257,37,37,E,T,1
2257,37,37,E,R,0
2257,37,37,S,L,0
2257,37,37,S,T,0
2257,37,37,S,R,0
2257,37,37,W,L,0
2257,37,37,W,T,0
2257,37,37,W,R,0
2258,37,38,N,L,0
2258,37,38,N,T,0
2258,37,38,N,R,0
2258,37,38,E,L,0
2258,37,38,E,T,0
2258,37,38,E,R,0
2258,37,38,S,L,0
2258,37,38,S,T,0
2258,37,38,S,R,0
2258,37,38,W,L,0
2258,37,38,W,T,0
2258,37,38,W,R,0
2259,37,39,N,L,0
2259,37,39,N,T,0
2259,37,39,N,R,0
2259,37,39,E,L,0
2259,37,39,E,T,0
2259,37,39,E,R,0
2259,37,39,S,L,0
2259,37,39,S,T,1
2259,37,39,S,R,0
2259,37,39,W,L,0
2259,37,39,W,T,0
2259,37,39,W,R,0
2260,37,40,N,L,0
2260,37,40,N,T,0
2260,37,40,N,R,0
2260,37,40,E,L,0
2260,37,40,E,T,0
2260,37,40,E,R,0
2260,37,40,S,L,0
2260,37,40,S,T,1
2260,37,40,S,R,0
2260,37,40,W,L,0
2260,37,40,W,T,0
2260,37,40,W,R,0
2261,37,41,N,L,0
2261,37,41,N,T,0
2261,37,41,N,R,0
2261,37,41,E,L,0
2261,37,41,E,T,0
2261,37,41,E,R,0
2261,37,41,S,L,0
2261,37,41,S,T,0
2261,37,41,S,R,0
2261,37,41,W,L,0
2261,37,41,W,T,0
2261,37,41,W,R,0
2262,37,42,N,L,0
2262,37,42,N,T,1
2262,37,42,N,R,0
2262,37,42,E,L,0
2262,37,42,E,T,0
2262,37,42,E,R,0
2262,37,42,S,L,0
2262,37,42,S,T,1
2262,37,42,S,R,0
2262,37,42,W,L,0
2262,37,42,W,T,1
2262,37,42,W,R,0
2263,37,43,N,L,0
2263,37,43,N,T,0
2263,37,43,N,R,0
2263,37,43,E,L,0
2263,37,43,E,T,0
2263,37,43,E,R,0
2263,37,43,S,L,0
2263,37,43,S,T,0
2263,37,43,S,R,0
2263,37,43,W,L,0
2263,37,43,W,T,0
2263,37,43,W,R,0
2264,37,44,N,L,0
2264,37,44,N,T,0
2264,37,44,N,R,0
2264,37,44,E,L,0
2264,37,44,E,T,0
2264,37,44,E,R,0
2264,37,44,S,L,0
2264,37,44,S,T,0
2264,37,44,S,R,0
2264,37,44,W,L,0
2264,37,44,W,T,1
2264,37,44,W,R,0
2265,37,45,N,L,0
2265,37,45,N,T,0
2265,37,45,N,R,0
2265,37,45,E,L,0
2265,37,45,E,T,1
2265,37,45,E,R,0
2265,37,45,S,L,0
2265,37,45,S,T,1
2265,37,45,S,R,0
2265,37,45,W,L,0
2265,37,45,W,T,0
2265,37,45,W,R,0
2266,37,46,N,L,0
2266,37,46,N,T,1
2266,37,46,N,R,0
2266,37,46,E,L,0
2266,37,46,E,T,0
2266,37,46,E,R,0
2266,37,46,S,L,0
2266,37,46,S,T,0
2266,37,46,S,R,0
2266,37,46,W,L,0
2266,37,46,W,T,0
2266,37,46,W,R,0
2267,37,47,N,L,0
2267,37,47,N,T,0
2267,37,47,N,R,0
2267,37,47,E,L,0
2267,37,47,E,T,0
2267,37,47,E,R,0
2267,37,47,S,L,0
2267,37,47,S,T,0
2267,37,47,S,R,0
2267,37,47,W,L,0
2267,37,47,W,T,0
2267,37,47,W,R,0
2268,37,48,N,L,0
2268,37,48,N,T,0
2268,37,48,N,R,0
2268,37,48,E,L,0
2268,37,48,E,T,0
2268,37,48,E,R,0
2268,37,48,S,L,0
2268,37,48,S,T,1
2268,37,48,S,R,0
2268,37,48,W,L,0
2268,37,48,W,T,0
2268,37,48,W,R,0
2269,37,49,N,L,0
2269,37,49,N,T,0
2269,37,49,N,R,0
2269,37,49,E,L,0
2269,37,49,E,T,0
2269,37,49,E,R,0
2269,37,49,S,L,0
2269,37,49,S,T,0
2269,37,49,S,R,1
2269,37,49,W,L,0
2269,37,49,W,T,0
2269,37,49,W,R,0
2270,37,50,N,L,0
2270,37,50,N,T,0
2270,37,50,N,R,0
2270,37,50,E,L,0
2270,37,50,E,T,1
2270,37,50,E,R,0
2270,37,50,S,L,0
2270,37,50,S,T,1
2270,37,50,S,R,0
2270,37,50,W,L,0
2270,37,50,W,T,1
2270,37,50,W,R,0
2271,37,51,N,L,0
2271,37,51,N,T,0
2271,37,51,N,R,0
2271,37,51,E,L,0
2271,37,51,E,T,0
2271,37,51,E,R,0
2271,37,51,S,L,0
2271,37,51,S,T,1
2271,37,51,S,R,0
2271,37,51,W,L,0
2271,37,51,W,T,0
2271,37,51,W,R,0
2272,37,52,N,L,0
2272,37,52,N,T,0
2272,37,52,N,R,0
2272,37,52,E,L,0
2272,37,52,E,T,0
2272,37,52,E,R,0
2272,37,52,S,L,0
2272,37,52,S,T,1
2272,37,52,S,R,0
2272,37,52,W,L,0
2272,37,52,W,T,1
2272,37,52,W,R,0
2273,37,53,N,L,0
2273,37,53,N,T,0
2273,37,53,N,R,0
2273,37,53,E,L,0
2273,37,53,E,T,0
2273,37,53,E,R,1
2273,37,53,S,L,0
2273,37,53,S,T,0
2273,37,53,S,R,0
2273,37,53,W,L,0
2273,37,53,W,T,0
2273,37,53,W,R,0
2274,37,54,N,L,0
2274,37,54,N,T,0
2274,37,54,N,R,0
2274,37,54,E,L,0
2274,37,54,E,T,0
2274,37,54,E,R,0
2274,37,54,S,L,0
2274,37,54,S,T,0
2274,37,54,S,R,0
2274,37,54,W,L,0
2274,37,54,W,T,0
2274,37,54,W,R,0
2275,37,55,N,L,0
2275,37,55,N,T,0
2275,37,55,N,R,0
2275,37,55,E,L,0
2275,37,55,E,T,0
2275,37,55,E,R,0
2275,37,55,S,L,0
2275,37,55,S,T,0
2275,37,55,S,R,0
2275,37,55,W,L,0
2275,37,55,W,T,0
2275,37,55,W,R,0
2276,37,56,N,L,0
2276,37,56,N,T,0
2276,37,56,N,R,0
2276,37,56,E,L,0
2276,37,56,E,T,0
2276,37,56,E,R,0
2276,37,56,S,L,0
2276,37,56,S,T,0
2276,37,56,S,R,0
2276,37,56,W,L,0
2276,37,56,W,T,0
2276,37,56,W,R,0
2277,37,57,N,L,0
2277,37,57,N,T,1
2277,37,57,N,R,0
2277,37,57,E,L,0
2277,37,57,E,T,0
2277,37,57,E,R,0
2277,37,57,S,L,0
2277,37,57,S,T,1
2277,37,57,S,R,0
2277,37,57,W,L,0
2277,37,57,W,T,0
2277,37,57,W,R,0
2278,37,58,N,L,0
2278,37,58,N,T,1
2278,37,58,N,R,0
2278,37,58,E,L,1
2278,37,58,E,T,0
2278,37,58,E,R,0
2278,37,58,S,L,0
2278,37,58,S,T,0
2278,37,58,S,R,0
2278,37,58,W,L,0
2278,37,58,W,T,0
2278,37,58,W,R,0
2279,37,59,N,L,0
2279,37,59,N,T,1
2279,37,59,N,R,0
2279,37,59,E,L,0
2279,37,59,E,T,0
2279,37,59,E,R,0
2279,37,59,S,L,0
2279,37,59,S,T,3
2279,37,59,S,R,0
2279,37,59,W,L,0
2279,37,59,W,T,1
2279,37,59,W,R,0
2280,38,00,N,L,0
2280,38,00,N,T,1
2280,38,00,N,R,0
2280,38,00,E,L,0
2280,38,00,E,T,0
2280,38,00,E,R,0
2280,38,00,S,L,0
2280,38,00,S,T,0
2280,38,00,S,R,0
2280,38,00,W,L,0
2280,38,00,W,T,1
2280,38,00,W,R,0
2281,38,01,N,L,0
2281,38,01,N,T,0
2281,38,01,N,R,0
2281,38,01,E,L,1
2281,38,01,E,T,0
2281,38,01,E,R,0
2281,38,01,S,L,0
2281,38,01,S,T,0
2281,38,01,S,R,0
2281,38,01,W,L,0
2281,38,01,W,T,0
2281,38,01,W,R,0
2282,38,02,N,L,0
2282,38,02,N,T,0
2282,38,02,N,R,0
2282,38,02,E,L,0
2282,38,02,E,T,1
2282,38,02,E,R,0
2282,38,02,S,L,0
2282,38,02,S,T,1
2282,38,02,S,R,0
2282,38,02,W,L,0
2282,38,02,W,T,0
2282,38,02,W,R,0
2283,38,03,N,L,0
2283,38,03,N,T,0
2283,38,03,N,R,0
2283,38,03,E,L,0
2283,38,03,E,T,1
2283,38,03,E,R,0
2283,38,03,S,L,0
2283,38,03,S,T,0
2283,38,03,S,R,0
2283,38,03,W,L,0
2283,38,03,W,T,0
2283,38,03,W,R,0
2284,38,04,N,L,0
2284,38,04,N,T,0
2284,38,04,N,R,0
2284,38,04,E,L,0
2284,38,04,E,T,0
2284,38,04,E,R,1
2284,38,04,S,L,0
2284,38,04,S,T,0
2284,38,04,S,R,0
2284,38,04,W,L,0
2284,38,04,W,T,0
2284,38,04,W,R,0
2285,38,05,N,L,0
2285,38,05,N,T,0
2285,38,05,N,R,0
2285,38,05,E,L,0
2285,38,05,E,T,0
2285,38,05,E,R,0
2285,38,05,S,L,0
2285,38,05,S,T,1
2285,38,05,S,R,0
2285,38,05,W,L,0
2285,38,05,W,T,1
2285,38,05,W,R,0
2286,38,06,N,L,0
2286,38,06,N,T,0
2286,38,06,N,R,0
2286,38,06,E,L,0
2286,38,06,E,T,1
2286,38,06,E,R,0
2286,38,06,S,L,0
2286,38,06,S,T,1
2286,38,06,S,R,0
2286,38,06,W,L,0
2286,38,06,W,T,0
2286,38,06,W,R,0
2287,38,07,N,L,0
2287,38,07,N,T,0
2287,38,07,N,R,0
2287,38,07,E,L,0
2287,38,07,E,T,0
2287,38,07,E,R,0
2287,38,07,S,L,1
2287,38,07,S,T,1
2287,38,07,S,R,1
2287,38,07,W,L,0
2287,38,07,W,T,0
2287,38,07,W,R,0
2288,38,08,N,L,0
2288,38,08,N,T,0
2288,38,08,N,R,0
2288,38,08,E,L,0
2288,38,08,E,T,0
2288,38,08,E,R,0
2288,38,08,S,L,1
2288,38,08,S,T,0
2288,38,08,S,R,0
2288,38,08,W,L,0
2288,38,08,W,T,0
2288,38,08,W,R,0
2289,38,09,N,L,1
2289,38,09,N,T,1
2289,38,09,N,R,0
2289,38,09,E,L,0
2289,38,09,E,T,0
2289,38,09,E,R,1
2289,38,09,S,L,0
2289,38,09,S,T,0
2289,38,09,S,R,0
2289,38,09,W,L,0
2289,38,09,W,T,0
2289,38,09,W,R,0
2290,38,10,N,L,0
2290,38,10,N,T,0
2290,38,10,N,R,1
2290,38,10,E,L,0
2290,38,10,E,T,0
2290,38,10,E,R,0
2290,38,10,S,L,0
2290,38,10,S,T,0
2290,38,10,S,R,0
2290,38,10,W,L,0
2290,38,10,W,T,0
2290,38,10,W,R,0
2291,38,11,N,L,0
2291,38,11,N,T,0
2291,38,11,N,R,0
2291,38,11,E,L,0
2291,38,11,E,T,0
2291,38,11,E,R,0
2291,38,11,S,L,0
2291,38,11,S,T,0
2291,38,11,S,R,0
2291,38,11,W,L,0
2291,38,11,W,T,0
2291,38,11,W,R,0
2292,38,12,N,L,0
2292,38,12,N,T,0
2292,38,12,N,R,0
2292,38,12,E,L,0
2292,38,12,E,T,0
2292,38,12,E,R,0
2292,38,12,S,L,0
2292,38,12,S,T,0
2292,38,12,S,R,0
2292,38,12,W,L,0
2292,38,12,W,T,0
2292,38,12,W,R,0
2293,38,13,N,L,0
2293,38,13,N,T,1
2293,38,13,N,R,0
2293,38,13,E,L,0
2293,38,13,E,T,0
2293,38,13,E,R,0
2293,38,13,S,L,0
2293,38,13,S,T,0
2293,38,13,S,R,0
2293,38,13,W,L,0
2293,38,13,W,T,0
2293,38,13,W,R,0
2294,38,14,N,L,0
2294,38,14,N,T,0
2294,38,14,N,R,0
2294,38,14,E,L,0
2294,38,14,E,T,1
2294,38,14,E,R,0
2294,38,14,S,L,0
2294,38,14,S,T,0
2294,38,14,S,R,0
2294,38,14,W,L,0
2294,38,14,W,T,0
2294,38,14,W,R,0
2295,38,15,N,L,0
2295,38,15,N,T,1
2295,38,15,N,R,0
2295,38,15,E,L,0
2295,38,15,E,T,1
2295,38,15,E,R,0
2295,38,15,S,L,0
2295,38,15,S,T,0
2295,38,15,S,R,0
2295,38,15,W,L,0
2295,38,15,W,T,0
2295,38,15,W,R,0
2296,38,16,N,L,0
2296,38,16,N,T,0
2296,38,16,N,R,0
2296,38,16,E,L,0
2296,38,16,E,T,1
2296,38,16,E,R,0
2296,38,16,S,L,0
2296,38,16,S,T,0
2296,38,16,S,R,0
2296,38,16,W,L,0
2296,38,16,W,T,0
2296,38,16,W,R,0
2297,38,17,N,L,0
2297,38,17,N,T,1
2297,38,17,N,R,0
2297,38,17,E,L,0
2297,38,17,E,T,0
2297,38,17,E,R,0
2297,38,17,S,L,0
2297,38,17,S,T,0
2297,38,17,S,R,0
2297,38,17,W,L,0
2297,38,17,W,T,0
2297,38,17,W,R,0
2298,38,18,N,L,0
2298,38,18,N,T,0
2298,38,18,N,R,0
2298,38,18,E,L,0
2298,38,18,E,T,0
2298,38,18,E,R,0
2298,38,18,S,L,0
2298,38,18,S,T,0
2298,38,18,S,R,0
2298,38,18,W,L,0
2298,38,18,W,T,0
2298,38,18,W,R,0
2299,38,19,N,L,0
2299,38,19,N,T,0
2299,38,19,N,R,0
2299,38,19,E,L,1
2299,38,19,E,T,0
2299,38,19,E,R,0
2299,38,19,S,L,0
2299,38,19,S,T,0
2299,38,19,S,R,1
2299,38,19,W,L,0
2299,38,19,W,T,0
2299,38,19,W,R,0
2300,38,20,N,L,0
2300,38,20,N,T,0
2300,38,20,N,R,0
2300,38,20,E,L,0
2300,38,20,E,T,0
2300,38,20,E,R,0
2300,38,20,S,L,0
2300,38,20,S,T,0
2300,38,20,S,R,0
2300,38,20,W,L,0
2300,38,20,W,T,0
2300,38,20,W,R,0
2301,38,21,N,L,0
2301,38,21,N,T,0
2301,38,21,N,R,0
2301,38,21,E,L,0
2301,38,21,E,T,1
2301,38,21,E,R,0
2301,38,21,S,L,0
2301,38,21,S,T,1
2301,38,21,S,R,0
2301,38,21,W,L,0
2301,38,21,W,T,0
2301,38,21,W,R,0
2302,38,22,N,L,0
2302,38,22,N,T,0
2302,38,22,N,R,0
2302,38,22,E,L,0
2302,38,22,E,T,1
2302,38,22,E,R,0
2302,38,22,S,L,0
2302,38,22,S,T,0
2302,38,22,S,R,0
2302,38,22,W,L,0
2302,38,22,W,T,0
2302,38,22,W,R,0
2303,38,23,N,L,0
2303,38,23,N,T,0
2303,38,23,N,R,0
2303,38,23,E,L,0
2303,38,23,E,T,1
2303,38,23,E,R,0
2303,38,23,S,L,0
2303,38,23,S,T,0
2303,38,23,S,R,0
2303,38,23,W,L,0
2303,38,23,W,T,0
2303,38,23,W,R,0
2304,38,24,N,L,0
2304,38,24,N,T,0
2304,38,24,N,R,0
2304,38,24,E,L,0
2304,38,24,E,T,0
2304,38,24,E,R,0
2304,38,24,S,L,0
2304,38,24,S,T,0
2304,38,24,S,R,0
2304,38,24,W,L,0
2304,38,24,W,T,1
2304,38,24,W,R,0
2305,38,25,N,L,0
2305,38,25,N,T,1
2305,38,25,N,R,0
2305,38,25,E,L,0
2305,38,25,E,T,0
2305,38,25,E,R,0
2305,38,25,S,L,0
2305,38,25,S,T,0
2305,38,25,S,R,0
2305,38,25,W,L,0
2305,38,25,W,T,0
2305,38,25,W,R,0
2306,38,26,N,L,1
2306,38,26,N,T,0
2306,38,26,N,R,0
2306,38,26,E,L,0
2306,38,26,E,T,0
2306,38,26,E,R,0
2306,38,26,S,L,0
2306,38,26,S,T,0
2306,38,26,S,R,0
2306,38,26,W,L,0
2306,38,26,W,T,1
2306,38,26,W,R,0
2307,38,27,N,L,0
2307,38,27,N,T,0
2307,38,27,N,R,0
2307,38,27,E,L,0
2307,38,27,E,T,0
2307,38,27,E,R,0
2307,38,27,S,L,0
2307,38,27,S,T,0
2307,38,27,S,R,0
2307,38,27,W,L,0
2307,38,27,W,T,1
2307,38,27,W,R,0
2308,38,28,N,L,0
2308,38,28,N,T,0
2308,38,28,N,R,0
2308,38,28,E,L,0
2308,38,28,E,T,0
2308,38,28,E,R,0
2308,38,28,S,L,0
2308,38,28,S,T,1
2308,38,28,S,R,0
2308,38,28,W,L,0
2308,38,28,W,T,0
2308,38,28,W,R,0
2309,38,29,N,L,0
2309,38,29,N,T,2
2309,38,29,N,R,0
2309,38,29,E,L,0
2309,38,29,E,T,1
2309,38,29,E,R,0
2309,38,29,S,L,0
2309,38,29,S,T,1
2309,38,29,S,R,0
2309,38,29,W,L,0
2309,38,29,W,T,0
2309,38,29,W,R,0
2310,38,30,N,L,0
2310,38,30,N,T,1
2310,38,30,N,R,0
2310,38,30,E,L,0
2310,38,30,E,T,1
2310,38,30,E,R,0
2310,38,30,S,L,0
2310,38,30,S,T,0
2310,38,30,S,R,0
2310,38,30,W,L,0
2310,38,30,W,T,0
2310,38,30,W,R,0
2311,38,31,N,L,1
2311,38,31,N,T,0
2311,38,31,N,R,0
2311,38,31,E,L,0
2311,38,31,E,T,1
2311,38,31,E,R,0
2311,38,31,S,L,0
2311,38,31,S,T,0
2311,38,31,S,R,0
2311,38,31,W,L,0
2311,38,31,W,T,0
2311,38,31,W,R,0
2312,38,32,N,L,0
2312,38,32,N,T,0
2312,38,32,N,R,0
2312,38,32,E,L,0
2312,38,32,E,T,1
2312,38,32,E,R,0
2312,38,32,S,L,0
2312,38,32,S,T,0
2312,38,32,S,R,0
2312,38,32,W,L,0
2312,38,32,W,T,0
2312,38,32,W,R,0
2313,38,33,N,L,0
2313,38,33,N,T,0
2313,38,33,N,R,0
2313,38,33,E,L,0
2313,38,33,E,T,0
2313,38,33,E,R,0
2313,38,33,S,L,0
2313,38,33,S,T,0
2313,38,33,S,R,0
2313,38,33,W,L,0
2313,38,33,W,T,1
2313,38,33,W,R,0
2314,38,34,N,L,0
2314,38,34,N,T,0
2314,38,34,N,R,0
2314,38,34,E,L,0
2314,38,34,E,T,1
2314,38,34,E,R,0
2314,38,34,S,L,0
2314,38,34,S,T,0
2314,38,34,S,R,0
2314,38,34,W,L,0
2314,38,34,W,T,0
2314,38,34,W,R,0
2315,38,35,N,L,0
2315,38,35,N,T,0
2315,38,35,N,R,0
2315,38,35,E,L,0
2315,38,35,E,T,0
2315,38,35,E,R,0
2315,38,35,S,L,0
2315,38,35,S,T,0
2315,38,35,S,R,0
2315,38,35,W,L,0
2315,38,35,W,T,0
2315,38,35,W,R,0
2316,38,36,N,L,0
2316,38,36,N,T,1
2316,38,36,N,R,0
2316,38,36,E,L,0
2316,38,36,E,T,1
2316,38,36,E,R,0
2316,38,36,S,L,0
2316,38,36,S,T,1
2316,38,36,S,R,0
2316,38,36,W,L,0
2316,38,36,W,T,0
2316,38,36,W,R,0
2317,38,37,N,L,0
2317,38,37,N,T,0
2317,38,37,N,R,0
2317,38,37,E,L,0
2317,38,37,E,T,0
2317,38,37,E,R,0
2317,38,37,S,L,0
2317,38,37,S,T,0
2317,38,37,S,R,0
2317,38,37,W,L,0
2317,38,37,W,T,0
2317,38,37,W,R,0
2318,38,38,N,L,0
2318,38,38,N,T,0
2318,38,38,N,R,0
2318,38,38,E,L,0
2318,38,38,E,T,1
2318,38,38,E,R,0
2318,38,38,S,L,0
2318,38,38,S,T,0
2318,38,38,S,R,0
2318,38,38,W,L,0
2318,38,38,W,T,0
2318,38,38,W,R,0
2319,38,39,N,L,0
2319,38,39,N,T,0
2319,38,39,N,R,0
2319,38,39,E,L,0
2319,38,39,E,T,0
2319,38,39,E,R,0
2319,38,39,S,L,0
2319,38,39,S,T,0
2319,38,39,S,R,0
2319,38,39,W,L,0
2319,38,39,W,T,0
2319,38,39,W,R,0
2320,38,40,N,L,0
2320,38,40,N,T,0
2320,38,40,N,R,0
2320,38,40,E,L,0
2320,38,40,E,T,3
2320,38,40,E,R,0
2320,38,40,S,L,0
2320,38,40,S,T,0
2320,38,40,S,R,0
2320,38,40,W,L,0
2320,38,40,W,T,0
2320,38,40,W,R,0
2321,38,41,N,L,0
2321,38,41,N,T,0
2321,38,41,N,R,0
2321,38,41,E,L,1
2321,38,41,E,T,1
2321,38,41,E,R,0
2321,38,41,S,L,0
2321,38,41,S,T,0
2321,38,41,S,R,0
2321,38,41,W,L,0
2321,38,41,W,T,0
2321,38,41,W,R,0
2322,38,42,N,L,1
2322,38,42,N,T,1
2322,38,42,N,R,0
2322,38,42,E,L,0
2322,38,42,E,T,0
2322,38,42,E,R,0
2322,38,42,S,L,0
2322,38,42,S,T,0
2322,38,42,S,R,0
2322,38,42,W,L,0
2322,38,42,W,T,0
2322,38,42,W,R,0
2323,38,43,N,L,0
2323,38,43,N,T,0
2323,38,43,N,R,0
2323,38,43,E,L,0
2323,38,43,E,T,2
2323,38,43,E,R,0
2323,38,43,S,L,0
2323,38,43,S,T,0
2323,38,43,S,R,0
2323,38,43,W,L,0
2323,38,43,W,T,0
2323,38,43,W,R,0
2324,38,44,N,L,0
2324,38,44,N,T,0
2324,38,44,N,R,0
2324,38,44,E,L,0
2324,38,44,E,T,0
2324,38,44,E,R,0
2324,38,44,S,L,0
2324,38,44,S,T,1
2324,38,44,S,R,0
2324,38,44,W,L,0
2324,38,44,W,T,1
2324,38,44,W,R,0
2325,38,45,N,L,0
2325,38,45,N,T,0
2325,38,45,N,R,1
2325,38,45,E,L,0
2325,38,45,E,T,1
2325,38,45,E,R,0
2325,38,45,S,L,0
2325,38,45,S,T,1
2325,38,45,S,R,0
2325,38,45,W,L,0
2325,38,45,W,T,0
2325,38,45,W,R,0
2326,38,46,N,L,0
2326,38,46,N,T,0
2326,38,46,N,R,0
2326,38,46,E,L,0
2326,38,46,E,T,1
2326,38,46,E,R,0
2326,38,46,S,L,0
2326,38,46,S,T,0
2326,38,46,S,R,0
2326,38,46,W,L,0
2326,38,46,W,T,1
2326,38,46,W,R,0
2327,38,47,N,L,0
2327,38,47,N,T,0
2327,38,47,N,R,0
2327,38,47,E,L,0
2327,38,47,E,T,1
2327,38,47,E,R,0
2327,38,47,S,L,1
2327,38,47,S,T,0
2327,38,47,S,R,0
2327,38,47,W,L,0
2327,38,47,W,T,0
2327,38,47,W,R,0
2328,38,48,N,L,0
2328,38,48,N,T,0
2328,38,48,N,R,0
2328,38,48,E,L,0
2328,38,48,E,T,1
2328,38,48,E,R,0
2328,38,48,S,L,0
2328,38,48,S,T,0
2328,38,48,S,R,0
2328,38,48,W,L,0
2328,38,48,W,T,0
2328,38,48,W,R,0
2329,38,49,N,L,0
2329,38,49,N,T,0
2329,38,49,N,R,0
2329,38,49,E,L,0
2329,38,49,E,T,1
2329,38,49,E,R,0
2329,38,49,S,L,0
2329,38,49,S,T,0
2329,38,49,S,R,0
2329,38,49,W,L,0
2329,38,49,W,T,0
2329,38,49,W,R,0
2330,38,50,N,L,0
2330,38,50,N,T,1
2330,38,50,N,R,0
2330,38,50,E,L,0
2330,38,50,E,T,0
2330,38,50,E,R,0
2330,38,50,S,L,0
2330,38,50,S,T,0
2330,38,50,S,R,0
2330,38,50,W,L,0
2330,38,50,W,T,0
2330,38,50,W,R,0
2331,38,51,N,L,0
2331,38,51,N,T,1
2331,38,51,N,R,0
2331,38,51,E,L,0
2331,38,51,E,T,0
2331,38,51,E,R,0
2331,38,51,S,L,0
2331,38,51,S,T,1
2331,38,51,S,R,0
2331,38,51,W,L,0
2331,38,51,W,T,0
2331,38,51,W,R,0
2332,38,52,N,L,0
2332,38,52,N,T,0
2332,38,52,N,R,0
2332,38,52,E,L,0
2332,38,52,E,T,1
2332,38,52,E,R,0
2332,38,52,S,L,1
2332,38,52,S,T,0
2332,38,52,S,R,0
2332,38,52,W,L,0
2332,38,52,W,T,0
2332,38,52,W,R,0
2333,38,53,N,L,0
2333,38,53,N,T,0
2333,38,53,N,R,0
2333,38,53,E,L,0
2333,38,53,E,T,0
2333,38,53,E,R,0
2333,38,53,S,L,0
2333,38,53,S,T,0
2333,38,53,S,R,0
2333,38,53,W,L,0
2333,38,53,W,T,0
2333,38,53,W,R,0
2334,38,54,N,L,0
2334,38,54,N,T,0
2334,38,54,N,R,0
2334,38,54,E,L,0
2334,38,54,E,T,0
2334,38,54,E,R,0
2334,38,54,S,L,0
2334,38,54,S,T,1
2334,38,54,S,R,0
2334,38,54,W,L,0
2334,38,54,W,T,0
2334,38,54,W,R,0
2335,38,55,N,L,0
2335,38,55,N,T,0
2335,38,55,N,R,0
2335,38,55,E,L,0
2335,38,55,E,T,0
2335,38,55,E,R,0
2335,38,55,S,L,0
2335,38,55,S,T,1
2335,38,55,S,R,0
2335,38,55,W,L,0
2335,38,55,W,T,2
2335,38,55,W,R,0
2336,38,56,N,L,0
2336,38,56,N,T,0
2336,38,56,N,R,1
2336,38,56,E,L,0
2336,38,56,E,T,0
2336,38,56,E,R,0
2336,38,56,S,L,0
2336,38,56,S,T,1
2336,38,56,S,R,0
2336,38,56,W,L,0
2336,38,56,W,T,0
2336,38,56,W,R,0
2337,38,57,N,L,0
2337,38,57,N,T,0
2337,38,57,N,R,1
2337,38,57,E,L,1
2337,38,57,E,T,0
2337,38,57,E,R,0
2337,38,57,S,L,0
2337,38,57,S,T,0
2337,38,57,S,R,0
2337,38,57,W,L,0
2337,38,57,W,T,0
2337,38,57,W,R,0
2338,38,58,N,L,0
2338,38,58,N,T,0
2338,38,58,N,R,0
2338,38,58,E,L,0
2338,38,58,E,T,0
2338,38,58,E,R,0
2338,38,58,S,L,0
2338,38,58,S,T,0
2338,38,58,S,R,0
2338,38,58,W,L,0
2338,38,58,W,T,0
2338,38,58,W,R,0
2339,38,59,N,L,0
2339,38,59,N,T,0
2339,38,59,N,R,0
2339,38,59,E,L,0
2339,38,59,E,T,0
2339,38,59,E,R,0
2339,38,59,S,L,0
2339,38,59,S,T,0
2339,38,59,S,R,0
2339,38,59,W,L,0
2339,38,59,W,T,1
2339,38,59,W,R,0
2340,39,00,N,L,0
2340,39,00,N,T,0
2340,39,00,N,R,0
2340,39,00,E,L,0
2340,39,00,E,T,0
2340,39,00,E,R,0
2340,39,00,S,L,1
2340,39,00,S,T,0
2340,39,00,S,R,0
2340,39,00,W,L,0
2340,39,00,W,T,0
2340,39,00,W,R,0
2341,39,01,N,L,0
2341,39,01,N,T,0
2341,39,01,N,R,0
2341,39,01,E,L,0
2341,39,01,E,T,0
2341,39,01,E,R,0
2341,39,01,S,L,0
2341,39,01,S,T,1
2341,39,01,S,R,0
2341,39,01,W,L,0
2341,39,01,W,T,0
2341,39,01,W,R,0
2342,39,02,N,L,0
2342,39,02,N,T,1
2342,39,02,N,R,0
2342,39,02,E,L,0
2342,39,02,E,T,0
2342,39,02,E,R,0
2342,39,02,S,L,0
2342,39,02,S,T,0
2342,39,02,S,R,0
2342,39,02,W,L,0
2342,39,02,W,T,0
2342,39,02,W,R,0
2343,39,03,N,L,0
2343,39,03,N,T,0
2343,39,03,N,R,0
2343,39,03,E,L,0
2343,39,03,E,T,2
2343,39,03,E,R,0
2343,39,03,S,L,0
2343,39,03,S,T,0
2343,39,03,S,R,0
2343,39,03,W,L,0
2343,39,03,W,T,0
2343,39,03,W,R,0
2344,39,04,N,L,0
2344,39,04,N,T,0
2344,39,04,N,R,0
2344,39,04,E,L,0
2344,39,04,E,T,0
2344,39,04,E,R,0
2344,39,04,S,L,0
2344,39,04,S,T,0
2344,39,04,S,R,1
2344,39,04,W,L,0
2344,39,04,W,T,1
2344,39,04,W,R,0
2345,39,05,N,L,0
2345,39,05,N,T,0
2345,39,05,N,R,0
2345,39,05,E,L,0
2345,39,05,E,T,0
2345,39,05,E,R,0
2345,39,05,S,L,0
2345,39,05,S,T,1
2345,39,05,S,R,0
2345,39,05,W,L,0
2345,39,05,W,T,0
2345,39,05,W,R,0
2346,39,06,N,L,0
2346,39,06,N,T,0
2346,39,06,N,R,0
2346,39,06,E,L,0
2346,39,06,E,T,0
2346,39,06,E,R,0
2346,39,06,S,L,0
2346,39,06,S,T,1
2346,39,06,S,R,0
2346,39,06,W,L,0
2346,39,06,W,T,0
2346,39,06,W,R,0
2347,39,07,N,L,0
2347,39,07,N,T,1
2347,39,07,N,R,0
2347,39,07,E,L,0
2347,39,07,E,T,0
2347,39,07,E,R,0
2347,39,07,S,L,0
2347,39,07,S,T,0
2347,39,07,S,R,0
2347,39,07,W,L,0
2347,39,07,W,T,0
2347,39,07,W,R,0
2348,39,08,N,L,1
2348,39,08,N,T,0
2348,39,08,N,R,0
2348,39,08,E,L,0
2348,39,08,E,T,0
2348,39,08,E,R,0
2348,39,08,S,L,0
2348,39,08,S,T,0
2348,39,08,S,R,1
2348,39,08,W,L,0
2348,39,08,W,T,0
2348,39,08,W,R,0
2349,39,09,N,L,0
2349,39,09,N,T,0
2349,39,09,N,R,0
2349,39,09,E,L,0
2349,39,09,E,T,0
2349,39,09,E,R,0
2349,39,09,S,L,0
2349,39,09,S,T,1
2349,39,09,S,R,0
2349,39,09,W,L,0
2349,39,09,W,T,0
2349,39,09,W,R,0
2350,39,10,N,L,0
2350,39,10,N,T,1
2350,39,10,N,R,0
2350,39,10,E,L,0
2350,39,10,E,T,0
2350,39,10,E,R,0
2350,39,10,S,L,0
2350,39,10,S,T,0
2350,39,10,S,R,0
2350,39,10,W,L,0
2350,39,10,W,T,0
2350,39,10,W,R,0
2351,39,11,N,L,0
2351,39,11,N,T,0
2351,39,11,N,R,0
2351,39,11,E,L,0
2351,39,11,E,T,0
2351,39,11,E,R,0
2351,39,11,S,L,0
2351,39,11,S,T,0
2351,39,11,S,R,0
2351,39,11,W,L,0
2351,39,11,W,T,0
2351,39,11,W,R,0
2352,39,12,N,L,0
2352,39,12,N,T,0
2352,39,12,N,R,0
2352,39,12,E,L,0
2352,39,12,E,T,0
2352,39,12,E,R,0
2352,39,12,S,L,1
2352,39,12,S,T,1
2352,39,12,S,R,0
2352,39,12,W,L,0
2352,39,12,W,T,0
2352,39,12,W,R,0
2353,39,13,N,L,0
2353,39,13,N,T,0
2353,39,13,N,R,0
2353,39,13,E,L,0
2353,39,13,E,T,0
2353,39,13,E,R,0
2353,39,13,S,L,0
2353,39,13,S,T,1
2353,39,13,S,R,0
2353,39,13,W,L,0
2353,39,13,W,T,0
2353,39,13,W,R,0
2354,39,14,N,L,0
2354,39,14,N,T,0
2354,39,14,N,R,0
2354,39,14,E,L,0
2354,39,14,E,T,0
2354,39,14,E,R,0
2354,39,14,S,L,0
2354,39,14,S,T,0
2354,39,14,S,R,0
2354,39,14,W,L,0
2354,39,14,W,T,0
2354,39,14,W,R,0
2355,39,15,N,L,0
2355,39,15,N,T,1
2355,39,15,N,R,0
2355,39,15,E,L,0
2355,39,15,E,T,1
2355,39,15,E,R,0
2355,39,15,S,L,0
2355,39,15,S,T,0
2355,39,15,S,R,0
2355,39,15,W,L,0
2355,39,15,W,T,0
2355,39,15,W,R,0
2356,39,16,N,L,0
2356,39,16,N,T,0
2356,39,16,N,R,0
2356,39,16,E,L,0
2356,39,16,E,T,0
2356,39,16,E,R,0
2356,39,16,S,L,0
2356,39,16,S,T,0
2356,39,16,S,R,0
2356,39,16,W,L,0
2356,39,16,W,T,0
2356,39,16,W,R,0
2357,39,17,N,L,1
2357,39,17,N,T,0
2357,39,17,N,R,0
2357,39,17,E,L,0
2357,39,17,E,T,0
2357,39,17,E,R,0
2357,39,17,S,L,0
2357,39,17,S,T,0
2357,39,17,S,R,0
2357,39,17,W,L,0
2357,39,17,W,T,0
2357,39,17,W,R,0
2358,39,18,N,L,0
2358,39,18,N,T,0
2358,39,18,N,R,0
2358,39,18,E,L,0
2358,39,18,E,T,0
2358,39,18,E,R,0
2358,39,18,S,L,0
2358,39,18,S,T,0
2358,39,18,S,R,0
2358,39,18,W,L,0
2358,39,18,W,T,0
2358,39,18,W,R,0
2359,39,19,N,L,0
2359,39,19,N,T,0
2359,39,19,N,R,0
2359,39,19,E,L,0
2359,39,19,E,T,0
2359,39,19,E,R,0
2359,39,19,S,L,1
2359,39,19,S,T,0
2359,39,19,S,R,0
2359,39,19,W,L,0
2359,39,19,W,T,0
2359,39,19,W,R,0
2360,39,20,N,L,0
2360,39,20,N,T,0
2360,39,20,N,R,0
2360,39,20,E,L,0
2360,39,20,E,T,0
2360,39,20,E,R,0
2360,39,20,S,L,0
2360,39,20,S,T,0
2360,39,20,S,R,1
2360,39,20,W,L,0
2360,39,20,W,T,0
2360,39,20,W,R,0
2361,39,21,N,L,0
2361,39,21,N,T,0
2361,39,21,N,R,0
2361,39,21,E,L,0
2361,39,21,E,T,0
2361,39,21,E,R,0
2361,39,21,S,L,0
2361,39,21,S,T,0
2361,39,21,S,R,0
2361,39,21,W,L,0
2361,39,21,W,T,0
2361,39,21,W,R,0
2362,39,22,N,L,0
2362,39,22,N,T,0
2362,39,22,N,R,0
2362,39,22,E,L,0
2362,39,22,E,T,0
2362,39,22,E,R,0
2362,39,22,S,L,0
2362,39,22,S,T,0
2362,39,22,S,R,0
2362,39,22,W,L,0
2362,39,22,W,T,1
2362,39,22,W,R,0
2363,39,23,N,L,0
2363,39,23,N,T,1
2363,39,23,N,R,0
2363,39,23,E,L,0
2363,39,23,E,T,0
2363,39,23,E,R,0
2363,39,23,S,L,0
2363,39,23,S,T,1
2363,39,23,S,R,0
2363,39,23,W,L,0
2363,39,23,W,T,0
2363,39,23,W,R,0
2364,39,24,N,L,0
2364,39,24,N,T,3
2364,39,24,N,R,0
2364,39,24,E,L,0
2364,39,24,E,T,0
2364,39,24,E,R,0
2364,39,24,S,L,0
2364,39,24,S,T,0
2364,39,24,S,R,0
2364,39,24,W,L,0
2364,39,24,W,T,0
2364,39,24,W,R,0
2365,39,25,N,L,0
2365,39,25,N,T,1
2365,39,25,N,R,0
2365,39,25,E,L,0
2365,39,25,E,T,0
2365,39,25,E,R,0
2365,39,25,S,L,0
2365,39,25,S,T,0
2365,39,25,S,R,0
2365,39,25,W,L,0
2365,39,25,W,T,0
2365,39,25,W,R,0
2366,39,26,N,L,0
2366,39,26,N,T,0
2366,39,26,N,R,0
2366,39,26,E,L,0
2366,39,26,E,T,0
2366,39,26,E,R,0
2366,39,26,S,L,0
2366,39,26,S,T,0
2366,39,26,S,R,1
2366,39,26,W,L,0
2366,39,26,W,T,0
2366,39,26,W,R,0
2367,39,27,N,L,0
2367,39,27,N,T,0
2367,39,27,N,R,0
2367,39,27,E,L,2
2367,39,27,E,T,0
2367,39,27,E,R,0
2367,39,27,S,L,0
2367,39,27,S,T,0
2367,39,27,S,R,0
2367,39,27,W,L,0
2367,39,27,W,T,0
2367,39,27,W,R,0
2368,39,28,N,L,0
2368,39,28,N,T,0
2368,39,28,N,R,0
2368,39,28,E,L,0
2368,39,28,E,T,0
2368,39,28,E,R,0
2368,39,28,S,L,0
2368,39,28,S,T,0
2368,39,28,S,R,0
2368,39,28,W,L,0
2368,39,28,W,T,0
2368,39,28,W,R,0
2369,39,29,N,L,0
2369,39,29,N,T,0
2369,39,29,N,R,0
2369,39,29,E,L,0
2369,39,29,E,T,1
2369,39,29,E,R,0
2369,39,29,S,L,0
2369,39,29,S,T,1
2369,39,29,S,R,0
2369,39,29,W,L,0
2369,39,29,W,T,0
2369,39,29,W,R,0
2370,39,30,N,L,0
2370,39,30,N,T,0
2370,39,30,N,R,0
2370,39,30,E,L,0
2370,39,30,E,T,0
2370,39,30,E,R,0
2370,39,30,S,L,0
2370,39,30,S,T,0
2370,39,30,S,R,0
2370,39,30,W,L,0
2370,39,30,W,T,0
2370,39,30,W,R,0
2371,39,31,N,L,0
2371,39,31,N,T,0
2371,39,31,N,R,0
2371,39,31,E,L,0
2371,39,31,E,T,0
2371,39,31,E,R,0
2371,39,31,S,L,0
2371,39,31,S,T,0
2371,39,31,S,R,0
2371,39,31,W,L,0
2371,39,31,W,T,0
2371,39,31,W,R,0
2372,39,32,N,L,0
2372,39,32,N,T,0
2372,39,32,N,R,0
2372,39,32,E,L,0
2372,39,32,E,T,0
2372,39,32,E,R,0
2372,39,32,S,L,0
2372,39,32,S,T,0
2372,39,32,S,R,0
2372,39,32,W,L,0
2372,39,32,W,T,0
2372,39,32,W,R,0
2373,39,33,N,L,0
2373,39,33,N,T,0
2373,39,33,N,R,0
2373,39,33,E,L,0
2373,39,33,E,T,0
2373,39,33,E,R,0
2373,39,33,S,L,0
2373,39,33,S,T,0
2373,39,33,S,R,0
2373,39,33,W,L,0
2373,39,33,W,T,1
2373,39,33,W,R,0
2374,39,34,N,L,0
2374,39,34,N,T,0
2374,39,34,N,R,0
2374,39,34,E,L,0
2374,39,34,E,T,0
2374,39,34,E,R,0
2374,39,34,S,L,0
2374,39,34,S,T,0
2374,39,34,S,R,0
2374,39,34,W,L,0
2374,39,34,W,T,0
2374,39,34,W,R,0
2375,39,35,N,L,0
2375,39,35,N,T,0
2375,39,35,N,R,0
2375,39,35,E,L,0
2375,39,35,E,T,1
2375,39,35,E,R,0
2375,39,35,S,L,0
2375,39,35,S,T,0
2375,39,35,S,R,1
2375,39,35,W,L,0
2375,39,35,W,T,0
2375,39,35,W,R,0
2376,39,36,N,L,0
2376,39,36,N,T,0
2376,39,36,N,R,0
2376,39,36,E,L,1
2376,39,36,E,T,0
2376,39,36,E,R,0
2376,39,36,S,L,0
2376,39,36,S,T,0
2376,39,36,S,R,0
2376,39,36,W,L,0
2376,39,36,W,T,0
2376,39,36,W,R,0
2377,39,37,N,L,0
2377,39,37,N,T,0
2377,39,37,N,R,0
2377,39,37,E,L,0
2377,39,37,E,T,1
2377,39,37,E,R,0
2377,39,37,S,L,0
2377,39,37,S,T,0
2377,39,37,S,R,0
2377,39,37,W,L,0
2377,39,37,W,T,0
2377,39,37,W,R,0
2378,39,38,N,L,0
2378,39,38,N,T,1
2378,39,38,N,R,0
2378,39,38,E,L,0
2378,39,38,E,T,0
2378,39,38,E,R,0
2378,39,38,S,L,0
2378,39,38,S,T,0
2378,39,38,S,R,0
2378,39,38,W,L,0
2378,39,38,W,T,1
2378,39,38,W,R,0
2379,39,39,N,L,0
2379,39,39,N,T,0
2379,39,39,N,R,0
2379,39,39,E,L,0
2379,39,39,E,T,0
2379,39,39,E,R,0
2379,39,39,S,L,0
2379,39,39,S,T,0
2379,39,39,S,R,0
2379,39,39,W,L,0
2379,39,39,W,T,0
2379,39,39,W,R,0
2380,39,40,N,L,1
2380,39,40,N,T,1
2380,39,40,N,R,0
2380,39,40,E,L,0
2380,39,40,E,T,0
2380,39,40,E,R,0
2380,39,40,S,L,0
2380,39,40,S,T,0
2380,39,40,S,R,0
2380,39,40,W,L,0
2380,39,40,W,T,0
2380,39,40,W,R,0
2381,39,41,N,L,0
2381,39,41,N,T,0
2381,39,41,N,R,0
2381,39,41,E,L,0
2381,39,41,E,T,0
2381,39,41,E,R,0
2381,39,41,S,L,1
2381,39,41,S,T,0
2381,39,41,S,R,0
2381,39,41,W,L,0
2381,39,41,W,T,0
2381,39,41,W,R,0
2382,39,42,N,L,1
2382,39,42,N,T,0
2382,39,42,N,R,0
2382,39,42,E,L,0
2382,39,42,E,T,0
2382,39,42,E,R,0
2382,39,42,S,L,0
2382,39,42,S,T,0
2382,39,42,S,R,0
2382,39,42,W,L,0
2382,39,42,W,T,0
2382,39,42,W,R,0
2383,39,43,N,L,0
2383,39,43,N,T,0
2383,39,43,N,R,0
2383,39,43,E,L,0
2383,39,43,E,T,0
2383,39,43,E,R,0
2383,39,43,S,L,0
2383,39,43,S,T,1
2383,39,43,S,R,0
2383,39,43,W,L,0
2383,39,43,W,T,0
2383,39,43,W,R,0
2384,39,44,N,L,0
2384,39,44,N,T,1
2384,39,44,N,R,0
2384,39,44,E,L,0
2384,39,44,E,T,0
2384,39,44,E,R,0
2384,39,44,S,L,0
2384,39,44,S,T,0
2384,39,44,S,R,0
2384,39,44,W,L,0
2384,39,44,W,T,1
2384,39,44,W,R,0
2385,39,45,N,L,0
2385,39,45,N,T,0
2385,39,45,N,R,0
2385,39,45,E,L,0
2385,39,45,E,T,0
2385,39,45,E,R,0
2385,39,45,S,L,0
2385,39,45,S,T,0
2385,39,45,S,R,0
2385,39,45,W,L,0
2385,39,45,W,T,0
2385,39,45,W,R,1
2386,39,46,N,L,0
2386,39,46,N,T,1
2386,39,46,N,R,0
2386,39,46,E,L,0
2386,39,46,E,T,0
2386,39,46,E,R,0
2386,39,46,S,L,0
2386,39,46,S,T,0
2386,39,46,S,R,0
2386,39,46,W,L,0
2386,39,46,W,T,0
2386,39,46,W,R,1
2387,39,47,N,L,1
2387,39,47,N,T,0
2387,39,47,N,R,0
2387,39,47,E,L,0
2387,39,47,E,T,0
2387,39,47,E,R,0
2387,39,47,S,L,0
2387,39,47,S,T,0
2387,39,47,S,R,0
2387,39,47,W,L,0
2387,39,47,W,T,0
2387,39,47,W,R,0
2388,39,48,N,L,0
2388,39,48,N,T,0
2388,39,48,N,R,0
2388,39,48,E,L,0
2388,39,48,E,T,0
2388,39,48,E,R,0
2388,39,48,S,L,0
2388,39,48,S,T,0
2388,39,48,S,R,0
2388,39,48,W,L,0
2388,39,48,W,T,1
2388,39,48,W,R,0
2389,39,49,N,L,0
2389,39,49,N,T,0
2389,39,49,N,R,0
2389,39,49,E,L,0
2389,39,49,E,T,0
2389,39,49,E,R,0
2389,39,49,S,L,0
2389,39,49,S,T,1
2389,39,49,S,R,0
2389,39,49,W,L,0
2389,39,49,W,T,0
2389,39,49,W,R,0
2390,39,50,N,L,0
2390,39,50,N,T,0
2390,39,50,N,R,0
2390,39,50,E,L,0
2390,39,50,E,T,0
2390,39,50,E,R,0
2390,39,50,S,L,1
2390,39,50,S,T,0
2390,39,50,S,R,0
2390,39,50,W,L,0
2390,39,50,W,T,0
2390,39,50,W,R,0
2391,39,51,N,L,0
2391,39,51,N,T,1
2391,39,51,N,R,0
2391,39,51,E,L,0
2391,39,51,E,T,0
2391,39,51,E,R,0
2391,39,51,S,L,0
2391,39,51,S,T,0
2391,39,51,S,R,0
2391,39,51,W,L,0
2391,39,51,W,T,0
2391,39,51,W,R,0
2392,39,52,N,L,0
2392,39,52,N,T,0
2392,39,52,N,R,0
2392,39,52,E,L,0
2392,39,52,E,T,0
2392,39,52,E,R,0
2392,39,52,S,L,0
2392,39,52,S,T,0
2392,39,52,S,R,0
2392,39,52,W,L,0
2392,39,52,W,T,0
2392,39,52,W,R,0
2393,39,53,N,L,0
2393,39,53,N,T,0
2393,39,53,N,R,0
2393,39,53,E,L,0
2393,39,53,E,T,2
2393,39,53,E,R,0
2393,39,53,S,L,0
2393,39,53,S,T,0
2393,39,53,S,R,0
2393,39,53,W,L,0
2393,39,53,W,T,0
2393,39,53,W,R,0
2394,39,54,N,L,0
2394,39,54,N,T,1
2394,39,54,N,R,0
2394,39,54,E,L,0
2394,39,54,E,T,0
2394,39,54,E,R,0
2394,39,54,S,L,0
2394,39,54,S,T,0
2394,39,54,S,R,0
2394,39,54,W,L,0
2394,39,54,W,T,0
2394,39,54,W,R,0
2395,39,55,N,L,0
2395,39,55,N,T,0
2395,39,55,N,R,0
2395,39,55,E,L,0
2395,39,55,E,T,0
2395,39,55,E,R,0
2395,39,55,S,L,2
2395,39,55,S,T,0
2395,39,55,S,R,0
2395,39,55,W,L,0
2395,39,55,W,T,0
2395,39,55,W,R,0
2396,39,56,N,L,0
2396,39,56,N,T,0
2396,39,56,N,R,0
2396,39,56,E,L,0
2396,39,56,E,T,0
2396,39,56,E,R,0
2396,39,56,S,L,0
2396,39,56,S,T,1
2396,39,56,S,R,0
2396,39,56,W,L,0
2396,39,56,W,T,0
2396,39,56,W,R,0
2397,39,57,N,L,0
2397,39,57,N,T,1
2397,39,57,N,R,0
2397,39,57,E,L,0
2397,39,57,E,T,0
2397,39,57,E,R,0
2397,39,57,S,L,0
2397,39,57,S,T,0
2397,39,57,S,R,0
2397,39,57,W,L,0
2397,39,57,W,T,0
2397,39,57,W,R,0
2398,39,58,N,L,0
2398,39,58,N,T,0
2398,39,58,N,R,0
2398,39,58,E,L,0
2398,39,58,E,T,0
2398,39,58,E,R,1
2398,39,58,S,L,0
2398,39,58,S,T,0
2398,39,58,S,R,1
2398,39,58,W,L,0
2398,39,58,W,T,1
2398,39,58,W,R,0
2399,39,59,N,L,0
2399,39,59,N,T,0
2399,39,59,N,R,0
2399,39,59,E,L,0
2399,39,59,E,T,0
2399,39,59,E,R,0
2399,39,59,S,L,0
2399,39,59,S,T,3
2399,39,59,S,R,0
2399,39,59,W,L,0
2399,39,59,W,T,0
2399,39,59,W,R,0
2400,40,00,N,L,0
2400,40,00,N,T,0
2400,40,00,N,R,0
2400,40,00,E,L,0
2400,40,00,E,T,0
2400,40,00,E,R,0
2400,40,00,S,L,1
2400,40,00,S,T,0
2400,40,00,S,R,0
2400,40,00,W,L,0
2400,40,00,W,T,1
2400,40,00,W,R,0
2401,40,01,N,L,0
2401,40,01,N,T,0
2401,40,01,N,R,0
2401,40,01,E,L,0
2401,40,01,E,T,1
2401,40,01,E,R,0
2401,40,01,S,L,0
2401,40,01,S,T,0
2401,40,01,S,R,0
2401,40,01,W,L,0
2401,40,01,W,T,0
2401,40,01,W,R,0
2402,40,02,N,L,0
2402,40,02,N,T,0
2402,40,02,N,R,0
2402,40,02,E,L,0
2402,40,02,E,T,0
2402,40,02,E,R,0
2402,40,02,S,L,0
2402,40,02,S,T,0
2402,40,02,S,R,0
2402,40,02,W,L,0
2402,40,02,W,T,0
2402,40,02,W,R,0
2403,40,03,N,L,0
2403,40,03,N,T,0
2403,40,03,N,R,0
2403,40,03,E,L,0
2403,40,03,E,T,0
2403,40,03,E,R,0
2403,40,03,S,L,0
2403,40,03,S,T,1
2403,40,03,S,R,2
2403,40,03,W,L,0
2403,40,03,W,T,0
2403,40,03,W,R,0
2404,40,04,N,L,1
2404,40,04,N,T,0
2404,40,04,N,R,0
2404,40,04,E,L,0
2404,40,04,E,T,0
2404,40,04,E,R,0
2404,40,04,S,L,0
2404,40,04,S,T,0
2404,40,04,S,R,0
2404,40,04,W,L,0
2404,40,04,W,T,0
2404,40,04,W,R,0
2405,40,05,N,L,0
2405,40,05,N,T,0
2405,40,05,N,R,0
2405,40,05,E,L,0
2405,40,05,E,T,0
2405,40,05,E,R,0
2405,40,05,S,L,0
2405,40,05,S,T,0
2405,40,05,S,R,0
2405,40,05,W,L,0
2405,40,05,W,T,0
2405,40,05,W,R,0
2406,40,06,N,L,0
2406,40,06,N,T,0
2406,40,06,N,R,0
2406,40,06,E,L,0
2406,40,06,E,T,0
2406,40,06,E,R,0
2406,40,06,S,L,0
2406,40,06,S,T,1
2406,40,06,S,R,0
2406,40,06,W,L,0
2406,40,06,W,T,0
2406,40,06,W,R,0
2407,40,07,N,L,0
2407,40,07,N,T,0
2407,40,07,N,R,0
2407,40,07,E,L,0
2407,40,07,E,T,0
2407,40,07,E,R,0
2407,40,07,S,L,0
2407,40,07,S,T,0
2407,40,07,S,R,0
2407,40,07,W,L,0
2407,40,07,W,T,0
2407,40,07,W,R,0
2408,40,08,N,L,0
2408,40,08,N,T,0
2408,40,08,N,R,0
2408,40,08,E,L,1
2408,40,08,E,T,1
2408,40,08,E,R,0
2408,40,08,S,L,0
2408,40,08,S,T,0
2408,40,08,S,R,0
2408,40,08,W,L,0
2408,40,08,W,T,0
2408,40,08,W,R,0
2409,40,09,N,L,0
2409,40,09,N,T,0
2409,40,09,N,R,0
2409,40,09,E,L,1
2409,40,09,E,T,0
2409,40,09,E,R,0
2409,40,09,S,L,0
2409,40,09,S,T,1
2409,40,09,S,R,0
2409,40,09,W,L,0
2409,40,09,W,T,0
2409,40,09,W,R,0
2410,40,10,N,L,0
2410,40,10,N,T,0
2410,40,10,N,R,0
2410,40,10,E,L,0
2410,40,10,E,T,0
2410,40,10,E,R,0
2410,40,10,S,L,0
2410,40,10,S,T,0
2410,40,10,S,R,0
2410,40,10,W,L,0
2410,40,10,W,T,0
2410,40,10,W,R,0
2411,40,11,N,L,0
2411,40,11,N,T,0
2411,40,11,N,R,0
2411,40,11,E,L,0
2411,40,11,E,T,0
2411,40,11,E,R,0
2411,40,11,S,L,0
2411,40,11,S,T,1
2411,40,11,S,R,0
2411,40,11,W,L,0
2411,40,11,W,T,1
2411,40,11,W,R,0
2412,40,12,N,L,0
2412,40,12,N,T,0
2412,40,12,N,R,0
2412,40,12,E,L,0
2412,40,12,E,T,0
2412,40,12,E,R,0
2412,40,12,S,L,0
2412,40,12,S,T,0
2412,40,12,S,R,0
2412,40,12,W,L,0
2412,40,12,W,T,0
2412,40,12,W,R,0
2413,40,13,N,L,0
2413,40,13,N,T,1
2413,40,13,N,R,0
2413,40,13,E,L,0
2413,40,13,E,T,0
2413,40,13,E,R,0
2413,40,13,S,L,0
2413,40,13,S,T,0
2413,40,13,S,R,0
2413,40,13,W,L,0
2413,40,13,W,T,0
2413,40,13,W,R,0
2414,40,14,N,L,0
2414,40,14,N,T,0
2414,40,14,N,R,0
2414,40,14,E,L,0
2414,40,14,E,T,0
2414,40,14,E,R,0
2414,40,14,S,L,0
2414,40,14,S,T,1
2414,40,14,S,R,0
2414,40,14,W,L,0
2414,40,14,W,T,0
2414,40,14,W,R,0
2415,40,15,N,L,1
2415,40,15,N,T,1
2415,40,15,N,R,0
2415,40,15,E,L,0
2415,40,15,E,T,0
2415,40,15,E,R,0
2415,40,15,S,L,0
2415,40,15,S,T,0
2415,40,15,S,R,0
2415,40,15,W,L,0
2415,40,15,W,T,1
2415,40,15,W,R,0
2416,40,16,N,L,0
2416,40,16,N,T,1
2416,40,16,N,R,0
2416,40,16,E,L,0
2416,40,16,E,T,1
2416,40,16,E,R,0
2416,40,16,S,L,0
2416,40,16,S,T,0
2416,40,16,S,R,0
2416,40,16,W,L,0
2416,40,16,W,T,0
2416,40,16,W,R,0
2417,40,17,N,L,0
2417,40,17,N,T,0
2417,40,17,N,R,0
2417,40,17,E,L,0
2417,40,17,E,T,0
2417,40,17,E,R,0
2417,40,17,S,L,0
2417,40,17,S,T,0
2417,40,17,S,R,0
2417,40,17,W,L,0
2417,40,17,W,T,1
2417,40,17,W,R,0
2418,40,18,N,L,0
2418,40,18,N,T,0
2418,40,18,N,R,0
2418,40,18,E,L,0
2418,40,18,E,T,0
2418,40,18,E,R,0
2418,40,18,S,L,0
2418,40,18,S,T,0
2418,40,18,S,R,0
2418,40,18,W,L,0
2418,40,18,W,T,0
2418,40,18,W,R,0
2419,40,19,N,L,0
2419,40,19,N,T,1
2419,40,19,N,R,0
2419,40,19,E,L,0
2419,40,19,E,T,2
2419,40,19,E,R,0
2419,40,19,S,L,0
2419,40,19,S,T,0
2419,40,19,S,R,0
2419,40,19,W,L,0
2419,40,19,W,T,0
2419,40,19,W,R,0
2420,40,20,N,L,0
2420,40,20,N,T,0
2420,40,20,N,R,0
2420,40,20,E,L,0
2420,40,20,E,T,0
2420,40,20,E,R,0
2420,40,20,S,L,0
2420,40,20,S,T,1
2420,40,20,S,R,1
2420,40,20,W,L,0
2420,40,20,W,T,0
2420,40,20,W,R,0
2421,40,21,N,L,0
2421,40,21,N,T,0
2421,40,21,N,R,0
2421,40,21,E,L,0
2421,40,21,E,T,2
2421,40,21,E,R,0
2421,40,21,S,L,0
2421,40,21,S,T,1
2421,40,21,S,R,0
2421,40,21,W,L,0
2421,40,21,W,T,0
2421,40,21,W,R,0
2422,40,22,N,L,0
2422,40,22,N,T,0
2422,40,22,N,R,0
2422,40,22,E,L,0
2422,40,22,E,T,0
2422,40,22,E,R,0
2422,40,22,S,L,0
2422,40,22,S,T,0
2422,40,22,S,R,0
2422,40,22,W,L,0
2422,40,22,W,T,0
2422,40,22,W,R,0
2423,40,23,N,L,0
2423,40,23,N,T,0
2423,40,23,N,R,0
2423,40,23,E,L,0
2423,40,23,E,T,1
2423,40,23,E,R,0
2423,40,23,S,L,0
2423,40,23,S,T,0
2423,40,23,S,R,0
2423,40,23,W,L,0
2423,40,23,W,T,1
2423,40,23,W,R,0
2424,40,24,N,L,1
2424,40,24,N,T,0
2424,40,24,N,R,0
2424,40,24,E,L,0
2424,40,24,E,T,0
2424,40,24,E,R,0
2424,40,24,S,L,0
2424,40,24,S,T,0
2424,40,24,S,R,0
2424,40,24,W,L,0
2424,40,24,W,T,0
2424,40,24,W,R,0
2425,40,25,N,L,0
2425,40,25,N,T,0
2425,40,25,N,R,0
2425,40,25,E,L,0
2425,40,25,E,T,0
2425,40,25,E,R,0
2425,40,25,S,L,0
2425,40,25,S,T,2
2425,40,25,S,R,0
2425,40,25,W,L,0
2425,40,25,W,T,0
2425,40,25,W,R,0
2426,40,26,N,L,0
2426,40,26,N,T,1
2426,40,26,N,R,1
2426,40,26,E,L,0
2426,40,26,E,T,0
2426,40,26,E,R,0
2426,40,26,S,L,0
2426,40,26,S,T,2
2426,40,26,S,R,0
2426,40,26,W,L,0
2426,40,26,W,T,0
2426,40,26,W,R,0
2427,40,27,N,L,0
2427,40,27,N,T,0
2427,40,27,N,R,0
2427,40,27,E,L,0
2427,40,27,E,T,0
2427,40,27,E,R,0
2427,40,27,S,L,0
2427,40,27,S,T,1
2427,40,27,S,R,0
2427,40,27,W,L,0
2427,40,27,W,T,0
2427,40,27,W,R,0
2428,40,28,N,L,0
2428,40,28,N,T,1
2428,40,28,N,R,0
2428,40,28,E,L,0
2428,40,28,E,T,0
2428,40,28,E,R,0
2428,40,28,S,L,0
2428,40,28,S,T,0
2428,40,28,S,R,0
2428,40,28,W,L,0
2428,40,28,W,T,1
2428,40,28,W,R,0
2429,40,29,N,L,1
2429,40,29,N,T,0
2429,40,29,N,R,0
2429,40,29,E,L,0
2429,40,29,E,T,1
2429,40,29,E,R,0
2429,40,29,S,L,0
2429,40,29,S,T,0
2429,40,29,S,R,0
2429,40,29,W,L,0
2429,40,29,W,T,0
2429,40,29,W,R,0
2430,40,30,N,L,0
2430,40,30,N,T,0
2430,40,30,N,R,0
2430,40,30,E,L,0
2430,40,30,E,T,1
2430,40,30,E,R,0
2430,40,30,S,L,0
2430,40,30,S,T,1
2430,40,30,S,R,0
2430,40,30,W,L,0
2430,40,30,W,T,0
2430,40,30,W,R,0
2431,40,31,N,L,0
2431,40,31,N,T,1
2431,40,31,N,R,0
2431,40,31,E,L,0
2431,40,31,E,T,0
2431,40,31,E,R,0
2431,40,31,S,L,0
2431,40,31,S,T,0
2431,40,31,S,R,0
2431,40,31,W,L,0
2431,40,31,W,T,1
2431,40,31,W,R,0
2432,40,32,N,L,0
2432,40,32,N,T,0
2432,40,32,N,R,0
2432,40,32,E,L,0
2432,40,32,E,T,0
2432,40,32,E,R,0
2432,40,32,S,L,0
2432,40,32,S,T,0
2432,40,32,S,R,0
2432,40,32,W,L,0
2432,40,32,W,T,1
2432,40,32,W,R,0
2433,40,33,N,L,0
2433,40,33,N,T,1
2433,40,33,N,R,0
2433,40,33,E,L,0
2433,40,33,E,T,0
2433,40,33,E,R,0
2433,40,33,S,L,0
2433,40,33,S,T,0
2433,40,33,S,R,0
2433,40,33,W,L,0
2433,40,33,W,T,1
2433,40,33,W,R,0
2434,40,34,N,L,0
2434,40,34,N,T,1
2434,40,34,N,R,0
2434,40,34,E,L,0
2434,40,34,E,T,0
2434,40,34,E,R,0
2434,40,34,S,L,0
2434,40,34,S,T,0
2434,40,34,S,R,0
2434,40,34,W,L,0
2434,40,34,W,T,1
2434,40,34,W,R,0
2435,40,35,N,L,0
2435,40,35,N,T,0
2435,40,35,N,R,0
2435,40,35,E,L,0
2435,40,35,E,T,0
2435,40,35,E,R,0
2435,40,35,S,L,0
2435,40,35,S,T,0
2435,40,35,S,R,0
2435,40,35,W,L,0
2435,40,35,W,T,0
2435,40,35,W,R,0
2436,40,36,N,L,0
2436,40,36,N,T,0
2436,40,36,N,R,0
2436,40,36,E,L,0
2436,40,36,E,T,0
2436,40,36,E,R,0
2436,40,36,S,L,0
2436,40,36,S,T,0
2436,40,36,S,R,0
2436,40,36,W,L,0
2436,40,36,W,T,0
2436,40,36,W,R,0
2437,40,37,N,L,0
2437,40,37,N,T,0
2437,40,37,N,R,0
2437,40,37,E,L,0
2437,40,37,E,T,0
2437,40,37,E,R,0
2437,40,37,S,L,0
2437,40,37,S,T,0
2437,40,37,S,R,0
2437,40,37,W,L,0
2437,40,37,W,T,0
2437,40,37,W,R,0
2438,40,38,N,L,0
2438,40,38,N,T,0
2438,40,38,N,R,0
2438,40,38,E,L,0
2438,40,38,E,T,0
2438,40,38,E,R,0
2438,40,38,S,L,0
2438,40,38,S,T,0
2438,40,38,S,R,0
2438,40,38,W,L,0
2438,40,38,W,T,0
2438,40,38,W,R,0
2439,40,39,N,L,0
2439,40,39,N,T,1
2439,40,39,N,R,0
2439,40,39,E,L,0
2439,40,39,E,T,0
2439,40,39,E,R,0
2439,40,39,S,L,0
2439,40,39,S,T,1
2439,40,39,S,R,0
2439,40,39,W,L,0
2439,40,39,W,T,1
2439,40,39,W,R,0
2440,40,40,N,L,1
2440,40,40,N,T,1
2440,40,40,N,R,0
2440,40,40,E,L,0
2440,40,40,E,T,0
2440,40,40,E,R,0
2440,40,40,S,L,0
2440,40,40,S,T,0
2440,40,40,S,R,0
2440,40,40,W,L,0
2440,40,40,W,T,0
2440,40,40,W,R,0
2441,40,41,N,L,0
2441,40,41,N,T,0
2441,40,41,N,R,0
2441,40,41,E,L,0
2441,40,41,E,T,0
2441,40,41,E,R,0
2441,40,41,S,L,0
2441,40,41,S,T,0
2441,40,41,S,R,0
2441,40,41,W,L,0
2441,40,41,W,T,0
2441,40,41,W,R,0
2442,40,42,N,L,0
2442,40,42,N,T,0
2442,40,42,N,R,0
2442,40,42,E,L,0
2442,40,42,E,T,0
2442,40,42,E,R,0
2442,40,42,S,L,0
2442,40,42,S,T,0
2442,40,42,S,R,0
2442,40,42,W,L,0
2442,40,42,W,T,0
2442,40,42,W,R,0
2443,40,43,N,L,0
2443,40,43,N,T,0
2443,40,43,N,R,0
2443,40,43,E,L,0
2443,40,43,E,T,1
2443,40,43,E,R,0
2443,40,43,S,L,0
2443,40,43,S,T,0
2443,40,43,S,R,0
2443,40,43,W,L,0
2443,40,43,W,T,0
2443,40,43,W,R,0
2444,40,44,N,L,0
2444,40,44,N,T,2
2444,40,44,N,R,0
2444,40,44,E,L,0
2444,40,44,E,T,1
2444,40,44,E,R,0
2444,40,44,S,L,0
2444,40,44,S,T,0
2444,40,44,S,R,0
2444,40,44,W,L,0
2444,40,44,W,T,1
2444,40,44,W,R,0
2445,40,45,N,L,0
2445,40,45,N,T,1
2445,40,45,N,R,0
2445,40,45,E,L,0
2445,40,45,E,T,1
2445,40,45,E,R,0
2445,40,45,S,L,0
2445,40,45,S,T,0
2445,40,45,S,R,0
2445,40,45,W,L,0
2445,40,45,W,T,0
2445,40,45,W,R,0
2446,40,46,N,L,0
2446,40,46,N,T,0
2446,40,46,N,R,0
2446,40,46,E,L,0
2446,40,46,E,T,0
2446,40,46,E,R,0
2446,40,46,S,L,0
2446,40,46,S,T,0
2446,40,46,S,R,0
2446,40,46,W,L,0
2446,40,46,W,T,0
2446,40,46,W,R,0
2447,40,47,N,L,0
2447,40,47,N,T,0
2447,40,47,N,R,0
2447,40,47,E,L,0
2447,40,47,E,T,0
2447,40,47,E,R,0
2447,40,47,S,L,0
2447,40,47,S,T,1
2447,40,47,S,R,0
2447,40,47,W,L,0
2447,40,47,W,T,0
2447,40,47,W,R,0
2448,40,48,N,L,0
2448,40,48,N,T,0
2448,40,48,N,R,0
2448,40,48,E,L,0
2448,40,48,E,T,0
2448,40,48,E,R,0
2448,40,48,S,L,0
2448,40,48,S,T,0
2448,40,48,S,R,0
2448,40,48,W,L,1
2448,40,48,W,T,0
2448,40,48,W,R,0
2449,40,49,N,L,0
2449,40,49,N,T,0
2449,40,49,N,R,0
2449,40,49,E,L,0
2449,40,49,E,T,0
2449,40,49,E,R,0
2449,40,49,S,L,0
2449,40,49,S,T,0
2449,40,49,S,R,0
2449,40,49,W,L,0
2449,40,49,W,T,1
2449,40,49,W,R,0
2450,40,50,N,L,0
2450,40,50,N,T,0
2450,40,50,N,R,0
2450,40,50,E,L,0
2450,40,50,E,T,0
2450,40,50,E,R,0
2450,40,50,S,L,0
2450,40,50,S,T,0
2450,40,50,S,R,0
2450,40,50,W,L,0
2450,40,50,W,T,0
2450,40,50,W,R,0
2451,40,51,N,L,0
2451,40,51,N,T,0
2451,40,51,N,R,0
2451,40,51,E,L,0
2451,40,51,E,T,1
2451,40,51,E,R,0
2451,40,51,S,L,0
2451,40,51,S,T,0
2451,40,51,S,R,0
2451,40,51,W,L,1
2451,40,51,W,T,1
2451,40,51,W,R,0
2452,40,52,N,L,0
2452,40,52,N,T,0
2452,40,52,N,R,0
2452,40,52,E,L,0
2452,40,52,E,T,0
2452,40,52,E,R,0
2452,40,52,S,L,0
2452,40,52,S,T,0
2452,40,52,S,R,1
2452,40,52,W,L,0
2452,40,52,W,T,0
2452,40,52,W,R,0
2453,40,53,N,L,0
2453,40,53,N,T,0
2453,40,53,N,R,0
2453,40,53,E,L,0
2453,40,53,E,T,0
2453,40,53,E,R,0
2453,40,53,S,L,0
2453,40,53,S,T,2
2453,40,53,S,R,0
2453,40,53,W,L,0
2453,40,53,W,T,0
2453,40,53,W,R,0
2454,40,54,N,L,0
2454,40,54,N,T,0
2454,40,54,N,R,0
2454,40,54,E,L,0
2454,40,54,E,T,0
2454,40,54,E,R,0
2454,40,54,S,L,0
2454,40,54,S,T,0
2454,40,54,S,R,0
2454,40,54,W,L,0
2454,40,54,W,T,0
2454,40,54,W,R,0
2455,40,55,N,L,0
2455,40,55,N,T,0
2455,40,55,N,R,0
2455,40,55,E,L,0
2455,40,55,E,T,0
2455,40,55,E,R,0
2455,40,55,S,L,0
2455,40,55,S,T,0
2455,40,55,S,R,0
2455,40,55,W,L,0
2455,40,55,W,T,0
2455,40,55,W,R,0
2456,40,56,N,L,0
2456,40,56,N,T,1
2456,40,56,N,R,0
2456,40,56,E,L,0
2456,40,56,E,T,0
2456,40,56,E,R,0
2456,40,56,S,L,0
2456,40,56,S,T,0
2456,40,56,S,R,0
2456,40,56,W,L,0
2456,40,56,W,T,0
2456,40,56,W,R,0
2457,40,57,N,L,0
2457,40,57,N,T,0
2457,40,57,N,R,0
2457,40,57,E,L,0
2457,40,57,E,T,0
2457,40,57,E,R,0
2457,40,57,S,L,0
2457,40,57,S,T,1
2457,40,57,S,R,0
2457,40,57,W,L,0
2457,40,57,W,T,0
2457,40,57,W,R,0
2458,40,58,N,L,0
2458,40,58,N,T,1
2458,40,58,N,R,1
2458,40,58,E,L,0
2458,40,58,E,T,0
2458,40,58,E,R,0
2458,40,58,S,L,0
2458,40,58,S,T,0
2458,40,58,S,R,0
2458,40,58,W,L,0
2458,40,58,W,T,0
2458,40,58,W,R,0
2459,40,59,N,L,0
2459,40,59,N,T,0
2459,40,59,N,R,0
2459,40,59,E,L,0
2459,40,59,E,T,0
2459,40,59,E,R,0
2459,40,59,S,L,1
2459,40,59,S,T,0
2459,40,59,S,R,0
2459,40,59,W,L,0
2459,40,59,W,T,0
2459,40,59,W,R,0
2460,41,00,N,L,0
2460,41,00,N,T,0
2460,41,00,N,R,0
2460,41,00,E,L,0
2460,41,00,E,T,0
2460,41,00,E,R,0
2460,41,00,S,L,0
2460,41,00,S,T,1
2460,41,00,S,R,0
2460,41,00,W,L,0
2460,41,00,W,T,0
2460,41,00,W,R,0
2461,41,01,N,L,0
2461,41,01,N,T,0
2461,41,01,N,R,0
2461,41,01,E,L,0
2461,41,01,E,T,0
2461,41,01,E,R,0
2461,41,01,S,L,0
2461,41,01,S,T,0
2461,41,01,S,R,0
2461,41,01,W,L,0
2461,41,01,W,T,0
2461,41,01,W,R,0
2462,41,02,N,L,0
2462,41,02,N,T,2
2462,41,02,N,R,0
2462,41,02,E,L,0
2462,41,02,E,T,0
2462,41,02,E,R,0
2462,41,02,S,L,0
2462,41,02,S,T,0
2462,41,02,S,R,0
2462,41,02,W,L,0
2462,41,02,W,T,0
2462,41,02,W,R,0
2463,41,03,N,L,0
2463,41,03,N,T,1
2463,41,03,N,R,0
2463,41,03,E,L,0
2463,41,03,E,T,0
2463,41,03,E,R,0
2463,41,03,S,L,0
2463,41,03,S,T,0
2463,41,03,S,R,0
2463,41,03,W,L,0
2463,41,03,W,T,0
2463,41,03,W,R,0
2464,41,04,N,L,0
2464,41,04,N,T,0
2464,41,04,N,R,0
2464,41,04,E,L,0
2464,41,04,E,T,0
2464,41,04,E,R,1
2464,41,04,S,L,0
2464,41,04,S,T,0
2464,41,04,S,R,0
2464,41,04,W,L,0
2464,41,04,W,T,0
2464,41,04,W,R,0
2465,41,05,N,L,0
2465,41,05,N,T,0
2465,41,05,N,R,0
2465,41,05,E,L,0
2465,41,05,E,T,0
2465,41,05,E,R,0
2465,41,05,S,L,0
2465,41,05,S,T,0
2465,41,05,S,R,0
2465,41,05,W,L,0
2465,41,05,W,T,0
2465,41,05,W,R,0
2466,41,06,N,L,0
2466,41,06,N,T,0
2466,41,06,N,R,0
2466,41,06,E,L,0
2466,41,06,E,T,0
2466,41,06,E,R,0
2466,41,06,S,L,0
2466,41,06,S,T,0
2466,41,06,S,R,0
2466,41,06,W,L,0
2466,41,06,W,T,0
2466,41,06,W,R,0
2467,41,07,N,L,0
2467,41,07,N,T,0
2467,41,07,N,R,0
2467,41,07,E,L,0
2467,41,07,E,T,0
2467,41,07,E,R,0
2467,41,07,S,L,0
2467,41,07,S,T,0
2467,41,07,S,R,0
2467,41,07,W,L,0
2467,41,07,W,T,0
2467,41,07,W,R,0
2468,41,08,N,L,0
2468,41,08,N,T,0
2468,41,08,N,R,0
2468,41,08,E,L,0
2468,41,08,E,T,0
2468,41,08,E,R,0
2468,41,08,S,L,0
2468,41,08,S,T,1
2468,41,08,S,R,0
2468,41,08,W,L,0
2468,41,08,W,T,1
2468,41,08,W,R,0
2469,41,09,N,L,0
2469,41,09,N,T,0
2469,41,09,N,R,0
2469,41,09,E,L,0
2469,41,09,E,T,0
2469,41,09,E,R,0
2469,41,09,S,L,0
2469,41,09,S,T,0
2469,41,09,S,R,0
2469,41,09,W,L,0
2469,41,09,W,T,0
2469,41,09,W,R,0
2470,41,10,N,L,0
2470,41,10,N,T,0
2470,41,10,N,R,0
2470,41,10,E,L,0
2470,41,10,E,T,0
2470,41,10,E,R,0
2470,41,10,S,L,0
2470,41,10,S,T,1
2470,41,10,S,R,0
2470,41,10,W,L,0
2470,41,10,W,T,0
2470,41,10,W,R,0
2471,41,11,N,L,0
2471,41,11,N,T,0
2471,41,11,N,R,0
2471,41,11,E,L,0
2471,41,11,E,T,1
2471,41,11,E,R,0
2471,41,11,S,L,0
2471,41,11,S,T,1
2471,41,11,S,R,0
2471,41,11,W,L,0
2471,41,11,W,T,0
2471,41,11,W,R,0
2472,41,12,N,L,0
2472,41,12,N,T,0
2472,41,12,N,R,0
2472,41,12,E,L,0
2472,41,12,E,T,0
2472,41,12,E,R,0
2472,41,12,S,L,0
2472,41,12,S,T,0
2472,41,12,S,R,0
2472,41,12,W,L,0
2472,41,12,W,T,1
2472,41,12,W,R,0
2473,41,13,N,L,0
2473,41,13,N,T,0
2473,41,13,N,R,0
2473,41,13,E,L,0
2473,41,13,E,T,0
2473,41,13,E,R,0
2473,41,13,S,L,0
2473,41,13,S,T,0
2473,41,13,S,R,0
2473,41,13,W,L,0
2473,41,13,W,T,0
2473,41,13,W,R,0
2474,41,14,N,L,0
2474,41,14,N,T,0
2474,41,14,N,R,0
2474,41,14,E,L,0
2474,41,14,E,T,0
2474,41,14,E,R,1
2474,41,14,S,L,0
2474,41,14,S,T,0
2474,41,14,S,R,0
2474,41,14,W,L,0
2474,41,14,W,T,0
2474,41,14,W,R,0
2475,41,15,N,L,0
2475,41,15,N,T,0
2475,41,15,N,R,0
2475,41,15,E,L,0
2475,41,15,E,T,0
2475,41,15,E,R,0
2475,41,15,S,L,0
2475,41,15,S,T,0
2475,41,15,S,R,0
2475,41,15,W,L,0
2475,41,15,W,T,1
2475,41,15,W,R,0
2476,41,16,N,L,0
2476,41,16,N,T,0
2476,41,16,N,R,0
2476,41,16,E,L,0
2476,41,16,E,T,0
2476,41,16,E,R,0
2476,41,16,S,L,0
2476,41,16,S,T,0
2476,41,16,S,R,0
2476,41,16,W,L,0
2476,41,16,W,T,0
2476,41,16,W,R,0
2477,41,17,N,L,0
2477,41,17,N,T,1
2477,41,17,N,R,0
2477,41,17,E,L,0
2477,41,17,E,T,0
2477,41,17,E,R,1
2477,41,17,S,L,0
2477,41,17,S,T,0
2477,41,17,S,R,0
2477,41,17,W,L,0
2477,41,17,W,T,0
2477,41,17,W,R,0
2478,41,18,N,L,0
2478,41,18,N,T,0
2478,41,18,N,R,0
2478,41,18,E,L,0
2478,41,18,E,T,1
2478,41,18,E,R,0
2478,41,18,S,L,0
2478,41,18,S,T,0
2478,41,18,S,R,0
2478,41,18,W,L,2
2478,41,18,W,T,0
2478,41,18,W,R,0
2479,41,19,N,L,0
2479,41,19,N,T,0
2479,41,19,N,R,0
2479,41,19,E,L,1
2479,41,19,E,T,0
2479,41,19,E,R,0
2479,41,19,S,L,0
2479,41,19,S,T,0
2479,41,19,S,R,0
2479,41,19,W,L,0
2479,41,19,W,T,2
2479,41,19,W,R,0
2480,41,20,N,L,0
2480,41,20,N,T,0
2480,41,20,N,R,1
2480,41,20,E,L,0
2480,41,20,E,T,1
2480,41,20,E,R,0
2480,41,20,S,L,1
2480,41,20,S,T,0
2480,41,20,S,R,0
2480,41,20,W,L,0
2480,41,20,W,T,0
2480,41,20,W,R,0
2481,41,21,N,L,0
2481,41,21,N,T,1
2481,41,21,N,R,0
2481,41,21,E,L,0
2481,41,21,E,T,1
2481,41,21,E,R,0
2481,41,21,S,L,0
2481,41,21,S,T,0
2481,41,21,S,R,0
2481,41,21,W,L,0
2481,41,21,W,T,0
2481,41,21,W,R,0
2482,41,22,N,L,0
2482,41,22,N,T,0
2482,41,22,N,R,0
2482,41,22,E,L,0
2482,41,22,E,T,0
2482,41,22,E,R,0
2482,41,22,S,L,0
2482,41,22,S,T,0
2482,41,22,S,R,0
2482,41,22,W,L,0
2482,41,22,W,T,0
2482,41,22,W,R,0
2483,41,23,N,L,0
2483,41,23,N,T,0
2483,41,23,N,R,0
2483,41,23,E,L,0
2483,41,23,E,T,0
2483,41,23,E,R,0
2483,41,23,S,L,0
2483,41,23,S,T,0
2483,41,23,S,R,0
2483,41,23,W,L,0
2483,41,23,W,T,0
2483,41,23,W,R,0
2484,41,24,N,L,0
2484,41,24,N,T,0
2484,41,24,N,R,0
2484,41,24,E,L,0
2484,41,24,E,T,1
2484,41,24,E,R,0
2484,41,24,S,L,0
2484,41,24,S,T,0
2484,41,24,S,R,0
2484,41,24,W,L,0
2484,41,24,W,T,1
2484,41,24,W,R,0
2485,41,25,N,L,0
2485,41,25,N,T,0
2485,41,25,N,R,0
2485,41,25,E,L,0
2485,41,25,E,T,0
2485,41,25,E,R,0
2485,41,25,S,L,0
2485,41,25,S,T,0
2485,41,25,S,R,0
2485,41,25,W,L,0
2485,41,25,W,T,0
2485,41,25,W,R,0
2486,41,26,N,L,0
2486,41,26,N,T,1
2486,41,26,N,R,0
2486,41,26,E,L,0
2486,41,26,E,T,1
2486,41,26,E,R,0
2486,41,26,S,L,0
2486,41,26,S,T,1
2486,41,26,S,R,0
2486,41,26,W,L,0
2486,41,26,W,T,0
2486,41,26,W,R,0
2487,41,27,N,L,0
2487,41,27,N,T,0
2487,41,27,N,R,0
2487,41,27,E,L,0
2487,41,27,E,T,0
2487,41,27,E,R,0
2487,41,27,S,L,0
2487,41,27,S,T,0
2487,41,27,S,R,0
2487,41,27,W,L,0
2487,41,27,W,T,0
2487,41,27,W,R,0
2488,41,28,N,L,0
2488,41,28,N,T,1
2488,41,28,N,R,0
2488,41,28,E,L,0
2488,41,28,E,T,0
2488,41,28,E,R,0
2488,41,28,S,L,0
2488,41,28,S,T,1
2488,41,28,S,R,0
2488,41,28,W,L,0
2488,41,28,W,T,0
2488,41,28,W,R,0
2489,41,29,N,L,0
2489,41,29,N,T,0
2489,41,29,N,R,0
2489,41,29,E,L,0
2489,41,29,E,T,0
2489,41,29,E,R,0
2489,41,29,S,L,0
2489,41,29,S,T,0
2489,41,29,S,R,0
2489,41,29,W,L,0
2489,41,29,W,T,1
2489,41,29,W,R,0
2490,41,30,N,L,0
2490,41,30,N,T,0
2490,41,30,N,R,0
2490,41,30,E,L,0
2490,41,30,E,T,0
2490,41,30,E,R,0
2490,41,30,S,L,0
2490,41,30,S,T,0
2490,41,30,S,R,0
2490,41,30,W,L,0
2490,41,30,W,T,0
2490,41,30,W,R,0
2491,41,31,N,L,1
2491,41,31,N,T,0
2491,41,31,N,R,0
2491,41,31,E,L,0
2491,41,31,E,T,0
2491,41,31,E,R,0
2491,41,31,S,L,0
2491,41,31,S,T,0
2491,41,31,S,R,0
2491,41,31,W,L,0
2491,41,31,W,T,0
2491,41,31,W,R,0
2492,41,32,N,L,0
2492,41,32,N,T,0
2492,41,32,N,R,0
2492,41,32,E,L,0
2492,41,32,E,T,0
2492,41,32,E,R,0
2492,41,32,S,L,0
2492,41,32,S,T,0
2492,41,32,S,R,0
2492,41,32,W,L,0
2492,41,32,W,T,0
2492,41,32,W,R,0
2493,41,33,N,L,0
2493,41,33,N,T,2
2493,41,33,N,R,0
2493,41,33,E,L,1
2493,41,33,E,T,0
2493,41,33,E,R,0
2493,41,33,S,L,0
2493,41,33,S,T,0
2493,41,33,S,R,0
2493,41,33,W,L,0
2493,41,33,W,T,0
2493,41,33,W,R,0
2494,41,34,N,L,0
2494,41,34,N,T,2
2494,41,34,N,R,0
2494,41,34,E,L,0
2494,41,34,E,T,0
2494,41,34,E,R,0
2494,41,34,S,L,0
2494,41,34,S,T,0
2494,41,34,S,R,0
2494,41,34,W,L,0
2494,41,34,W,T,0
2494,41,34,W,R,0
2495,41,35,N,L,0
2495,41,35,N,T,0
2495,41,35,N,R,0
2495,41,35,E,L,0
2495,41,35,E,T,0
2495,41,35,E,R,0
2495,41,35,S,L,1
2495,41,35,S,T,0
2495,41,35,S,R,0
2495,41,35,W,L,0
2495,41,35,W,T,0
2495,41,35,W,R,0
2496,41,36,N,L,0
2496,41,36,N,T,0
2496,41,36,N,R,0
2496,41,36,E,L,0
2496,41,36,E,T,1
2496,41,36,E,R,0
2496,41,36,S,L,0
2496,41,36,S,T,0
2496,41,36,S,R,0
2496,41,36,W,L,0
2496,41,36,W,T,0
2496,41,36,W,R,0
2497,41,37,N,L,0
2497,41,37,N,T,1
2497,41,37,N,R,0
2497,41,37,E,L,0
2497,41,37,E,T,0
2497,41,37,E,R,0
2497,41,37,S,L,0
2497,41,37,S,T,1
2497,41,37,S,R,0
2497,41,37,W,L,1
2497,41,37,W,T,0
2497,41,37,W,R,0
2498,41,38,N,L,0
2498,41,38,N,T,0
2498,41,38,N,R,0
2498,41,38,E,L,0
2498,41,38,E,T,1
2498,41,38,E,R,0
2498,41,38,S,L,0
2498,41,38,S,T,1
2498,41,38,S,R,0
2498,41,38,W,L,0
2498,41,38,W,T,0
2498,41,38,W,R,0
2499,41,39,N,L,0
2499,41,39,N,T,0
2499,41,39,N,R,1
2499,41,39,E,L,0
2499,41,39,E,T,1
2499,41,39,E,R,0
2499,41,39,S,L,0
2499,41,39,S,T,1
2499,41,39,S,R,0
2499,41,39,W,L,0
2499,41,39,W,T,1
2499,41,39,W,R,0
2500,41,40,N,L,0
2500,41,40,N,T,0
2500,41,40,N,R,0
2500,41,40,E,L,0
2500,41,40,E,T,0
2500,41,40,E,R,0
2500,41,40,S,L,0
2500,41,40,S,T,0
2500,41,40,S,R,0
2500,41,40,W,L,0
2500,41,40,W,T,0
2500,41,40,W,R,0
2501,41,41,N,L,0
2501,41,41,N,T,0
2501,41,41,N,R,0
2501,41,41,E,L,0
2501,41,41,E,T,0
2501,41,41,E,R,0
2501,41,41,S,L,0
2501,41,41,S,T,0
2501,41,41,S,R,1
2501,41,41,W,L,1
2501,41,41,W,T,0
2501,41,41,W,R,0
2502,41,42,N,L,0
2502,41,42,N,T,0
2502,41,42,N,R,0
2502,41,42,E,L,0
2502,41,42,E,T,0
2502,41,42,E,R,0
2502,41,42,S,L,1
2502,41,42,S,T,0
2502,41,42,S,R,0
2502,41,42,W,L,0
2502,41,42,W,T,0
2502,41,42,W,R,0
2503,41,43,N,L,0
2503,41,43,N,T,0
2503,41,43,N,R,0
2503,41,43,E,L,0
2503,41,43,E,T,0
2503,41,43,E,R,0
2503,41,43,S,L,0
2503,41,43,S,T,0
2503,41,43,S,R,0
2503,41,43,W,L,0
2503,41,43,W,T,0
2503,41,43,W,R,0
2504,41,44,N,L,0
2504,41,44,N,T,0
2504,41,44,N,R,0
2504,41,44,E,L,0
2504,41,44,E,T,0
2504,41,44,E,R,0
2504,41,44,S,L,0
2504,41,44,S,T,0
2504,41,44,S,R,0
2504,41,44,W,L,0
2504,41,44,W,T,0
2504,41,44,W,R,0
2505,41,45,N,L,0
2505,41,45,N,T,0
2505,41,45,N,R,0
2505,41,45,E,L,0
2505,41,45,E,T,0
2505,41,45,E,R,0
2505,41,45,S,L,0
2505,41,45,S,T,1
2505,41,45,S,R,0
2505,41,45,W,L,0
2505,41,45,W,T,0
2505,41,45,W,R,0
2506,41,46,N,L,0
2506,41,46,N,T,2
2506,41,46,N,R,0
2506,41,46,E,L,0
2506,41,46,E,T,0
2506,41,46,E,R,0
2506,41,46,S,L,0
2506,41,46,S,T,0
2506,41,46,S,R,0
2506,41,46,W,L,0
2506,41,46,W,T,0
2506,41,46,W,R,0
2507,41,47,N,L,0
2507,41,47,N,T,0
2507,41,47,N,R,0
2507,41,47,E,L,1
2507,41,47,E,T,0
2507,41,47,E,R,0
2507,41,47,S,L,1
2507,41,47,S,T,0
2507,41,47,S,R,0
2507,41,47,W,L,0
2507,41,47,W,T,1
2507,41,47,W,R,0
2508,41,48,N,L,0
2508,41,48,N,T,1
2508,41,48,N,R,0
2508,41,48,E,L,0
2508,41,48,E,T,0
2508,41,48,E,R,0
2508,41,48,S,L,0
2508,41,48,S,T,0
2508,41,48,S,R,0
2508,41,48,W,L,0
2508,41,48,W,T,0
2508,41,48,W,R,0
2509,41,49,N,L,0
2509,41,49,N,T,1
2509,41,49,N,R,0
2509,41,49,E,L,1
2509,41,49,E,T,1
2509,41,49,E,R,0
2509,41,49,S,L,0
2509,41,49,S,T,0
2509,41,49,S,R,0
2509,41,49,W,L,0
2509,41,49,W,T,0
2509,41,49,W,R,0
2510,41,50,N,L,0
2510,41,50,N,T,0
2510,41,50,N,R,0
2510,41,50,E,L,0
2510,41,50,E,T,0
2510,41,50,E,R,0
2510,41,50,S,L,0
2510,41,50,S,T,1
2510,41,50,S,R,0
2510,41,50,W,L,0
2510,41,50,W,T,0
2510,41,50,W,R,0
2511,41,51,N,L,0
2511,41,51,N,T,0
2511,41,51,N,R,0
2511,41,51,E,L,0
2511,41,51,E,T,0
2511,41,51,E,R,0
2511,41,51,S,L,0
2511,41,51,S,T,0
2511,41,51,S,R,0
2511,41,51,W,L,0
2511,41,51,W,T,0
2511,41,51,W,R,0
2512,41,52,N,L,0
2512,41,52,N,T,0
2512,41,52,N,R,0
2512,41,52,E,L,0
2512,41,52,E,T,0
2512,41,52,E,R,0
2512,41,52,S,L,0
2512,41,52,S,T,0
2512,41,52,S,R,0
2512,41,52,W,L,0
2512,41,52,W,T,0
2512,41,52,W,R,0
2513,41,53,N,L,0
2513,41,53,N,T,0
2513,41,53,N,R,0
2513,41,53,E,L,0
2513,41,53,E,T,0
2513,41,53,E,R,0
2513,41,53,S,L,0
2513,41,53,S,T,0
2513,41,53,S,R,0
2513,41,53,W,L,0
2513,41,53,W,T,0
2513,41,53,W,R,0
2514,41,54,N,L,0
2514,41,54,N,T,0
2514,41,54,N,R,0
2514,41,54,E,L,0
2514,41,54,E,T,1
2514,41,54,E,R,0
2514,41,54,S,L,0
2514,41,54,S,T,0
2514,41,54,S,R,0
2514,41,54,W,L,0
2514,41,54,W,T,1
2514,41,54,W,R,0
2515,41,55,N,L,0
2515,41,55,N,T,0
2515,41,55,N,R,0
2515,41,55,E,L,0
2515,41,55,E,T,0
2515,41,55,E,R,0
2515,41,55,S,L,0
2515,41,55,S,T,1
2515,41,55,S,R,0
2515,41,55,W,L,0
2515,41,55,W,T,0
2515,41,55,W,R,0
2516,41,56,N,L,0
2516,41,56,N,T,0
2516,41,56,N,R,0
2516,41,56,E,L,0
2516,41,56,E,T,0
2516,41,56,E,R,0
2516,41,56,S,L,0
2516,41,56,S,T,0
2516,41,56,S,R,0
2516,41,56,W,L,0
2516,41,56,W,T,0
2516,41,56,W,R,0
2517,41,57,N,L,0
2517,41,57,N,T,0
2517,41,57,N,R,0
2517,41,57,E,L,0
2517,41,57,E,T,0
2517,41,57,E,R,0
2517,41,57,S,L,0
2517,41,57,S,T,0
2517,41,57,S,R,0
2517,41,57,W,L,0
2517,41,57,W,T,0
2517,41,57,W,R,0
2518,41,58,N,L,0
2518,41,58,N,T,1
2518,41,58,N,R,0
2518,41,58,E,L,0
2518,41,58,E,T,0
2518,41,58,E,R,0
2518,41,58,S,L,0
2518,41,58,S,T,0
2518,41,58,S,R,0
2518,41,58,W,L,0
2518,41,58,W,T,1
2518,41,58,W,R,0
2519,41,59,N,L,0
2519,41,59,N,T,1
2519,41,59,N,R,0
2519,41,59,E,L,0
2519,41,59,E,T,0
2519,41,59,E,R,0
2519,41,59,S,L,0
2519,41,59,S,T,0
2519,41,59,S,R,0
2519,41,59,W,L,0
2519,41,59,W,T,0
2519,41,59,W,R,0
2520,42,00,N,L,0
2520,42,00,N,T,0
2520,42,00,N,R,0
2520,42,00,E,L,0
2520,42,00,E,T,0
2520,42,00,E,R,0
2520,42,00,S,L,0
2520,42,00,S,T,1
2520,42,00,S,R,0
2520,42,00,W,L,0
2520,42,00,W,T,0
2520,42,00,W,R,0
2521,42,01,N,L,1
2521,42,01,N,T,0
2521,42,01,N,R,0
2521,42,01,E,L,0
2521,42,01,E,T,0
2521,42,01,E,R,0
2521,42,01,S,L,0
2521,42,01,S,T,0
2521,42,01,S,R,0
2521,42,01,W,L,0
2521,42,01,W,T,0
2521,42,01,W,R,0
2522,42,02,N,L,0
2522,42,02,N,T,0
2522,42,02,N,R,0
2522,42,02,E,L,0
2522,42,02,E,T,0
2522,42,02,E,R,0
2522,42,02,S,L,1
2522,42,02,S,T,0
2522,42,02,S,R,0
2522,42,02,W,L,1
2522,42,02,W,T,0
2522,42,02,W,R,0
2523,42,03,N,L,0
2523,42,03,N,T,0
2523,42,03,N,R,0
2523,42,03,E,L,0
2523,42,03,E,T,0
2523,42,03,E,R,0
2523,42,03,S,L,0
2523,42,03,S,T,0
2523,42,03,S,R,0
2523,42,03,W,L,0
2523,42,03,W,T,1
2523,42,03,W,R,0
2524,42,04,N,L,1
2524,42,04,N,T,0
2524,42,04,N,R,1
2524,42,04,E,L,0
2524,42,04,E,T,1
2524,42,04,E,R,0
2524,42,04,S,L,0
2524,42,04,S,T,0
2524,42,04,S,R,0
2524,42,04,W,L,0
2524,42,04,W,T,0
2524,42,04,W,R,0
2525,42,05,N,L,0
2525,42,05,N,T,0
2525,42,05,N,R,0
2525,42,05,E,L,0
2525,42,05,E,T,0
2525,42,05,E,R,0
2525,42,05,S,L,0
2525,42,05,S,T,0
2525,42,05,S,R,0
2525,42,05,W,L,0
2525,42,05,W,T,0
2525,42,05,W,R,0
2526,42,06,N,L,0
2526,42,06,N,T,0
2526,42,06,N,R,0
2526,42,06,E,L,0
2526,42,06,E,T,0
2526,42,06,E,R,0
2526,42,06,S,L,0
2526,42,06,S,T,0
2526,42,06,S,R,0
2526,42,06,W,L,0
2526,42,06,W,T,0
2526,42,06,W,R,0
2527,42,07,N,L,0
2527,42,07,N,T,1
2527,42,07,N,R,0
2527,42,07,E,L,1
2527,42,07,E,T,0
2527,42,07,E,R,0
2527,42,07,S,L,0
2527,42,07,S,T,1
2527,42,07,S,R,0
2527,42,07,W,L,0
2527,42,07,W,T,1
2527,42,07,W,R,0
2528,42,08,N,L,0
2528,42,08,N,T,1
2528,42,08,N,R,0
2528,42,08,E,L,0
2528,42,08,E,T,1
2528,42,08,E,R,0
2528,42,08,S,L,0
2528,42,08,S,T,0
2528,42,08,S,R,1
2528,42,08,W,L,0
2528,42,08,W,T,0
2528,42,08,W,R,0
2529,42,09,N,L,0
2529,42,09,N,T,0
2529,42,09,N,R,0
2529,42,09,E,L,0
2529,42,09,E,T,0
2529,42,09,E,R,0
2529,42,09,S,L,0
2529,42,09,S,T,0
2529,42,09,S,R,0
2529,42,09,W,L,0
2529,42,09,W,T,0
2529,42,09,W,R,0
2530,42,10,N,L,0
2530,42,10,N,T,0
2530,42,10,N,R,0
2530,42,10,E,L,0
2530,42,10,E,T,0
2530,42,10,E,R,0
2530,42,10,S,L,0
2530,42,10,S,T,1
2530,42,10,S,R,0
2530,42,10,W,L,0
2530,42,10,W,T,0
2530,42,10,W,R,0
2531,42,11,N,L,0
2531,42,11,N,T,0
2531,42,11,N,R,0
2531,42,11,E,L,0
2531,42,11,E,T,1
2531,42,11,E,R,0
2531,42,11,S,L,0
2531,42,11,S,T,0
2531,42,11,S,R,1
2531,42,11,W,L,0
2531,42,11,W,T,0
2531,42,11,W,R,0
2532,42,12,N,L,0
2532,42,12,N,T,0
2532,42,12,N,R,0
2532,42,12,E,L,0
2532,42,12,E,T,0
2532,42,12,E,R,0
2532,42,12,S,L,0
2532,42,12,S,T,0
2532,42,12,S,R,0
2532,42,12,W,L,0
2532,42,12,W,T,0
2532,42,12,W,R,0
2533,42,13,N,L,0
2533,42,13,N,T,0
2533,42,13,N,R,0
2533,42,13,E,L,0
2533,42,13,E,T,0
2533,42,13,E,R,0
2533,42,13,S,L,0
2533,42,13,S,T,1
2533,42,13,S,R,0
2533,42,13,W,L,0
2533,42,13,W,T,2
2533,42,13,W,R,0
2534,42,14,N,L,0
2534,42,14,N,T,0
2534,42,14,N,R,0
2534,42,14,E,L,0
2534,42,14,E,T,1
2534,42,14,E,R,0
2534,42,14,S,L,1
2534,42,14,S,T,0
2534,42,14,S,R,0
2534,42,14,W,L,0
2534,42,14,W,T,0
2534,42,14,W,R,0
2535,42,15,N,L,0
2535,42,15,N,T,0
2535,42,15,N,R,0
2535,42,15,E,L,0
2535,42,15,E,T,0
2535,42,15,E,R,0
2535,42,15,S,L,0
2535,42,15,S,T,0
2535,42,15,S,R,0
2535,42,15,W,L,0
2535,42,15,W,T,0
2535,42,15,W,R,0
2536,42,16,N,L,0
2536,42,16,N,T,0
2536,42,16,N,R,0
2536,42,16,E,L,0
2536,42,16,E,T,0
2536,42,16,E,R,0
2536,42,16,S,L,0
2536,42,16,S,T,1
2536,42,16,S,R,0
2536,42,16,W,L,0
2536,42,16,W,T,0
2536,42,16,W,R,0
2537,42,17,N,L,0
2537,42,17,N,T,0
2537,42,17,N,R,0
2537,42,17,E,L,0
2537,42,17,E,T,0
2537,42,17,E,R,0
2537,42,17,S,L,0
2537,42,17,S,T,0
2537,42,17,S,R,1
2537,42,17,W,L,0
2537,42,17,W,T,0
2537,42,17,W,R,0
2538,42,18,N,L,0
2538,42,18,N,T,0
2538,42,18,N,R,0
2538,42,18,E,L,0
2538,42,18,E,T,0
2538,42,18,E,R,0
2538,42,18,S,L,0
2538,42,18,S,T,0
2538,42,18,S,R,0
2538,42,18,W,L,0
2538,42,18,W,T,0
2538,42,18,W,R,0
2539,42,19,N,L,0
2539,42,19,N,T,1
2539,42,19,N,R,0
2539,42,19,E,L,0
2539,42,19,E,T,1
2539,42,19,E,R,0
2539,42,19,S,L,0
2539,42,19,S,T,0
2539,42,19,S,R,0
2539,42,19,W,L,0
2539,42,19,W,T,0
2539,42,19,W,R,0
2540,42,20,N,L,0
2540,42,20,N,T,0
2540,42,20,N,R,0
2540,42,20,E,L,0
2540,42,20,E,T,0
2540,42,20,E,R,1
2540,42,20,S,L,0
2540,42,20,S,T,0
2540,42,20,S,R,1
2540,42,20,W,L,0
2540,42,20,W,T,0
2540,42,20,W,R,0
2541,42,21,N,L,0
2541,42,21,N,T,0
2541,42,21,N,R,0
2541,42,21,E,L,0
2541,42,21,E,T,0
2541,42,21,E,R,0
2541,42,21,S,L,0
2541,42,21,S,T,0
2541,42,21,S,R,0
2541,42,21,W,L,0
2541,42,21,W,T,0
2541,42,21,W,R,0
2542,42,22,N,L,0
2542,42,22,N,T,0
2542,42,22,N,R,0
2542,42,22,E,L,0
2542,42,22,E,T,0
2542,42,22,E,R,0
2542,42,22,S,L,0
2542,42,22,S,T,0
2542,42,22,S,R,0
2542,42,22,W,L,0
2542,42,22,W,T,0
2542,42,22,W,R,0
2543,42,23,N,L,0
2543,42,23,N,T,1
2543,42,23,N,R,0
2543,42,23,E,L,1
2543,42,23,E,T,0
2543,42,23,E,R,0
2543,42,23,S,L,0
2543,42,23,S,T,0
2543,42,23,S,R,0
2543,42,23,W,L,0
2543,42,23,W,T,0
2543,42,23,W,R,1
2544,42,24,N,L,1
2544,42,24,N,T,1
2544,42,24,N,R,0
2544,42,24,E,L,0
2544,42,24,E,T,0
2544,42,24,E,R,0
2544,42,24,S,L,0
2544,42,24,S,T,1
2544,42,24,S,R,0
2544,42,24,W,L,0
2544,42,24,W,T,0
2544,42,24,W,R,0
2545,42,25,N,L,0
2545,42,25,N,T,1
2545,42,25,N,R,1
2545,42,25,E,L,0
2545,42,25,E,T,1
2545,42,25,E,R,0
2545,42,25,S,L,0
2545,42,25,S,T,1
2545,42,25,S,R,0
2545,42,25,W,L,0
2545,42,25,W,T,0
2545,42,25,W,R,0
2546,42,26,N,L,0
2546,42,26,N,T,1
2546,42,26,N,R,0
2546,42,26,E,L,0
2546,42,26,E,T,0
2546,42,26,E,R,0
2546,42,26,S,L,0
2546,42,26,S,T,0
2546,42,26,S,R,0
2546,42,26,W,L,0
2546,42,26,W,T,0
2546,42,26,W,R,0
2547,42,27,N,L,0
2547,42,27,N,T,0
2547,42,27,N,R,0
2547,42,27,E,L,0
2547,42,27,E,T,0
2547,42,27,E,R,0
2547,42,27,S,L,0
2547,42,27,S,T,0
2547,42,27,S,R,0
2547,42,27,W,L,0
2547,42,27,W,T,0
2547,42,27,W,R,0
2548,42,28,N,L,0
2548,42,28,N,T,0
2548,42,28,N,R,0
2548,42,28,E,L,0
2548,42,28,E,T,0
2548,42,28,E,R,0
2548,42,28,S,L,0
2548,42,28,S,T,1
2548,42,28,S,R,0
2548,42,28,W,L,0
2548,42,28,W,T,1
2548,42,28,W,R,0
2549,42,29,N,L,0
2549,42,29,N,T,0
2549,42,29,N,R,0
2549,42,29,E,L,0
2549,42,29,E,T,1
2549,42,29,E,R,0
2549,42,29,S,L,0
2549,42,29,S,T,0
2549,42,29,S,R,1
2549,42,29,W,L,0
2549,42,29,W,T,0
2549,42,29,W,R,0
2550,42,30,N,L,0
2550,42,30,N,T,0
2550,42,30,N,R,0
2550,42,30,E,L,0
2550,42,30,E,T,1
2550,42,30,E,R,0
2550,42,30,S,L,0
2550,42,30,S,T,0
2550,42,30,S,R,0
2550,42,30,W,L,0
2550,42,30,W,T,0
2550,42,30,W,R,0
2551,42,31,N,L,0
2551,42,31,N,T,0
2551,42,31,N,R,0
2551,42,31,E,L,0
2551,42,31,E,T,0
2551,42,31,E,R,0
2551,42,31,S,L,0
2551,42,31,S,T,0
2551,42,31,S,R,0
2551,42,31,W,L,0
2551,42,31,W,T,0
2551,42,31,W,R,0
2552,42,32,N,L,0
2552,42,32,N,T,0
2552,42,32,N,R,0
2552,42,32,E,L,0
2552,42,32,E,T,0
2552,42,32,E,R,0
2552,42,32,S,L,2
2552,42,32,S,T,0
2552,42,32,S,R,0
2552,42,32,W,L,0
2552,42,32,W,T,1
2552,42,32,W,R,0
2553,42,33,N,L,0
2553,42,33,N,T,0
2553,42,33,N,R,0
2553,42,33,E,L,0
2553,42,33,E,T,0
2553,42,33,E,R,1
2553,42,33,S,L,0
2553,42,33,S,T,0
2553,42,33,S,R,0
2553,42,33,W,L,0
2553,42,33,W,T,1
2553,42,33,W,R,0
2554,42,34,N,L,0
2554,42,34,N,T,1
2554,42,34,N,R,0
2554,42,34,E,L,0
2554,42,34,E,T,1
2554,42,34,E,R,0
2554,42,34,S,L,0
2554,42,34,S,T,0
2554,42,34,S,R,0
2554,42,34,W,L,0
2554,42,34,W,T,0
2554,42,34,W,R,0
2555,42,35,N,L,0
2555,42,35,N,T,0
2555,42,35,N,R,0
2555,42,35,E,L,0
2555,42,35,E,T,0
2555,42,35,E,R,0
2555,42,35,S,L,0
2555,42,35,S,T,1
2555,42,35,S,R,0
2555,42,35,W,L,0
2555,42,35,W,T,1
2555,42,35,W,R,0
2556,42,36,N,L,0
2556,42,36,N,T,0
2556,42,36,N,R,0
2556,42,36,E,L,0
2556,42,36,E,T,1
2556,42,36,E,R,0
2556,42,36,S,L,0
2556,42,36,S,T,1
2556,42,36,S,R,0
2556,42,36,W,L,0
2556,42,36,W,T,0
2556,42,36,W,R,0
2557,42,37,N,L,0
2557,42,37,N,T,0
2557,42,37,N,R,0
2557,42,37,E,L,0
2557,42,37,E,T,1
2557,42,37,E,R,0
2557,42,37,S,L,0
2557,42,37,S,T,0
2557,42,37,S,R,0
2557,42,37,W,L,0
2557,42,37,W,T,0
2557,42,37,W,R,0
2558,42,38,N,L,0
2558,42,38,N,T,1
2558,42,38,N,R,0
2558,42,38,E,L,0
2558,42,38,E,T,0
2558,42,38,E,R,0
2558,42,38,S,L,1
2558,42,38,S,T,2
2558,42,38,S,R,0
2558,42,38,W,L,0
2558,42,38,W,T,0
2558,42,38,W,R,0
2559,42,39,N,L,0
2559,42,39,N,T,0
2559,42,39,N,R,0
2559,42,39,E,L,0
2559,42,39,E,T,0
2559,42,39,E,R,0
2559,42,39,S,L,0
2559,42,39,S,T,0
2559,42,39,S,R,0
2559,42,39,W,L,1
2559,42,39,W,T,0
2559,42,39,W,R,0
2560,42,40,N,L,0
2560,42,40,N,T,0
2560,42,40,N,R,0
2560,42,40,E,L,0
2560,42,40,E,T,0
2560,42,40,E,R,0
2560,42,40,S,L,0
2560,42,40,S,T,0
2560,42,40,S,R,0
2560,42,40,W,L,0
2560,42,40,W,T,0
2560,42,40,W,R,0
2561,42,41,N,L,0
2561,42,41,N,T,0
2561,42,41,N,R,0
2561,42,41,E,L,0
2561,42,41,E,T,0
2561,42,41,E,R,0
2561,42,41,S,L,0
2561,42,41,S,T,0
2561,42,41,S,R,0
2561,42,41,W,L,0
2561,42,41,W,T,1
2561,42,41,W,R,0
2562,42,42,N,L,0
2562,42,42,N,T,1
2562,42,42,N,R,0
2562,42,42,E,L,0
2562,42,42,E,T,1
2562,42,42,E,R,0
2562,42,42,S,L,0
2562,42,42,S,T,0
2562,42,42,S,R,0
2562,42,42,W,L,0
2562,42,42,W,T,1
2562,42,42,W,R,0
2563,42,43,N,L,0
2563,42,43,N,T,1
2563,42,43,N,R,0
2563,42,43,E,L,0
2563,42,43,E,T,0
2563,42,43,E,R,0
2563,42,43,S,L,0
2563,42,43,S,T,0
2563,42,43,S,R,0
2563,42,43,W,L,0
2563,42,43,W,T,1
2563,42,43,W,R,0
2564,42,44,N,L,0
2564,42,44,N,T,0
2564,42,44,N,R,0
2564,42,44,E,L,0
2564,42,44,E,T,0
2564,42,44,E,R,0
2564,42,44,S,L,0
2564,42,44,S,T,0
2564,42,44,S,R,0
2564,42,44,W,L,0
2564,42,44,W,T,0
2564,42,44,W,R,0
2565,42,45,N,L,0
2565,42,45,N,T,0
2565,42,45,N,R,0
2565,42,45,E,L,0
2565,42,45,E,T,0
2565,42,45,E,R,0
2565,42,45,S,L,0
2565,42,45,S,T,0
2565,42,45,S,R,0
2565,42,45,W,L,0
2565,42,45,W,T,0
2565,42,45,W,R,0
2566,42,46,N,L,0
2566,42,46,N,T,0
2566,42,46,N,R,1
2566,42,46,E,L,0
2566,42,46,E,T,0
2566,42,46,E,R,0
2566,42,46,S,L,0
2566,42,46,S,T,1
2566,42,46,S,R,0
2566,42,46,W,L,0
2566,42,46,W,T,0
2566,42,46,W,R,0
2567,42,47,N,L,0
2567,42,47,N,T,0
2567,42,47,N,R,0
2567,42,47,E,L,0
2567,42,47,E,T,0
2567,42,47,E,R,0
2567,42,47,S,L,0
2567,42,47,S,T,0
2567,42,47,S,R,0
2567,42,47,W,L,0
2567,42,47,W,T,1
2567,42,47,W,R,0
2568,42,48,N,L,0
2568,42,48,N,T,0
2568,42,48,N,R,0
2568,42,48,E,L,0
2568,42,48,E,T,0
2568,42,48,E,R,0
2568,42,48,S,L,1
2568,42,48,S,T,1
2568,42,48,S,R,0
2568,42,48,W,L,0
2568,42,48,W,T,0
2568,42,48,W,R,0
2569,42,49,N,L,0
2569,42,49,N,T,0
2569,42,49,N,R,0
2569,42,49,E,L,0
2569,42,49,E,T,0
2569,42,49,E,R,0
2569,42,49,S,L,0
2569,42,49,S,T,2
2569,42,49,S,R,0
2569,42,49,W,L,0
2569,42,49,W,T,0
2569,42,49,W,R,0
2570,42,50,N,L,0
2570,42,50,N,T,0
2570,42,50,N,R,0
2570,42,50,E,L,1
2570,42,50,E,T,0
2570,42,50,E,R,0
2570,42,50,S,L,0
2570,42,50,S,T,0
2570,42,50,S,R,0
2570,42,50,W,L,0
2570,42,50,W,T,0
2570,42,50,W,R,0
2571,42,51,N,L,0
2571,42,51,N,T,0
2571,42,51,N,R,0
2571,42,51,E,L,0
2571,42,51,E,T,0
2571,42,51,E,R,0
2571,42,51,S,L,0
2571,42,51,S,T,1
2571,42,51,S,R,0
2571,42,51,W,L,0
2571,42,51,W,T,1
2571,42,51,W,R,0
2572,42,52,N,L,0
2572,42,52,N,T,0
2572,42,52,N,R,0
2572,42,52,E,L,0
2572,42,52,E,T,1
2572,42,52,E,R,0
2572,42,52,S,L,0
2572,42,52,S,T,1
2572,42,52,S,R,0
2572,42,52,W,L,0
2572,42,52,W,T,1
2572,42,52,W,R,0
2573,42,53,N,L,0
2573,42,53,N,T,0
2573,42,53,N,R,0
2573,42,53,E,L,0
2573,42,53,E,T,0
2573,42,53,E,R,0
2573,42,53,S,L,0
2573,42,53,S,T,0
2573,42,53,S,R,0
2573,42,53,W,L,0
2573,42,53,W,T,0
2573,42,53,W,R,0
2574,42,54,N,L,0
2574,42,54,N,T,0
2574,42,54,N,R,0
2574,42,54,E,L,0
2574,42,54,E,T,1
2574,42,54,E,R,0
2574,42,54,S,L,0
2574,42,54,S,T,0
2574,42,54,S,R,0
2574,42,54,W,L,0
2574,42,54,W,T,0
2574,42,54,W,R,0
2575,42,55,N,L,0
2575,42,55,N,T,0
2575,42,55,N,R,0
2575,42,55,E,L,0
2575,42,55,E,T,0
2575,42,55,E,R,0
2575,42,55,S,L,0
2575,42,55,S,T,0
2575,42,55,S,R,1
2575,42,55,W,L,0
2575,42,55,W,T,0
2575,42,55,W,R,0
2576,42,56,N,L,0
2576,42,56,N,T,0
2576,42,56,N,R,0
2576,42,56,E,L,0
2576,42,56,E,T,0
2576,42,56,E,R,0
2576,42,56,S,L,0
2576,42,56,S,T,0
2576,42,56,S,R,0
2576,42,56,W,L,0
2576,42,56,W,T,0
2576,42,56,W,R,0
2577,42,57,N,L,0
2577,42,57,N,T,0
2577,42,57,N,R,0
2577,42,57,E,L,0
2577,42,57,E,T,0
2577,42,57,E,R,0
2577,42,57,S,L,0
2577,42,57,S,T,0
2577,42,57,S,R,0
2577,42,57,W,L,0
2577,42,57,W,T,1
2577,42,57,W,R,0
2578,42,58,N,L,0
2578,42,58,N,T,1
2578,42,58,N,R,0
2578,42,58,E,L,0
2578,42,58,E,T,0
2578,42,58,E,R,0
2578,42,58,S,L,0
2578,42,58,S,T,0
2578,42,58,S,R,0
2578,42,58,W,L,0
2578,42,58,W,T,0
2578,42,58,W,R,0
2579,42,59,N,L,0
2579,42,59,N,T,0
2579,42,59,N,R,0
2579,42,59,E,L,0
2579,42,59,E,T,0
2579,42,59,E,R,1
2579,42,59,S,L,0
2579,42,59,S,T,0
2579,42,59,S,R,0
2579,42,59,W,L,0
2579,42,59,W,T,0
2579,42,59,W,R,0
2580,43,00,N,L,0
2580,43,00,N,T,0
2580,43,00,N,R,0
2580,43,00,E,L,0
2580,43,00,E,T,0
2580,43,00,E,R,0
2580,43,00,S,L,0
2580,43,00,S,T,0
2580,43,00,S,R,0
2580,43,00,W,L,0
2580,43,00,W,T,0
2580,43,00,W,R,0
2581,43,01,N,L,0
2581,43,01,N,T,0
2581,43,01,N,R,0
2581,43,01,E,L,0
2581,43,01,E,T,0
2581,43,01,E,R,0
2581,43,01,S,L,0
2581,43,01,S,T,0
2581,43,01,S,R,0
2581,43,01,W,L,0
2581,43,01,W,T,1
2581,43,01,W,R,0
2582,43,02,N,L,0
2582,43,02,N,T,1
2582,43,02,N,R,0
2582,43,02,E,L,0
2582,43,02,E,T,1
2582,43,02,E,R,0
2582,43,02,S,L,0
2582,43,02,S,T,0
2582,43,02,S,R,0
2582,43,02,W,L,0
2582,43,02,W,T,0
2582,43,02,W,R,0
2583,43,03,N,L,0
2583,43,03,N,T,0
2583,43,03,N,R,0
2583,43,03,E,L,0
2583,43,03,E,T,1
2583,43,03,E,R,0
2583,43,03,S,L,0
2583,43,03,S,T,0
2583,43,03,S,R,0
2583,43,03,W,L,0
2583,43,03,W,T,0
2583,43,03,W,R,0
2584,43,04,N,L,0
2584,43,04,N,T,0
2584,43,04,N,R,0
2584,43,04,E,L,0
2584,43,04,E,T,0
2584,43,04,E,R,0
2584,43,04,S,L,0
2584,43,04,S,T,1
2584,43,04,S,R,0
2584,43,04,W,L,0
2584,43,04,W,T,0
2584,43,04,W,R,0
2585,43,05,N,L,0
2585,43,05,N,T,0
2585,43,05,N,R,0
2585,43,05,E,L,0
2585,43,05,E,T,0
2585,43,05,E,R,0
2585,43,05,S,L,0
2585,43,05,S,T,0
2585,43,05,S,R,0
2585,43,05,W,L,0
2585,43,05,W,T,0
2585,43,05,W,R,0
2586,43,06,N,L,0
2586,43,06,N,T,2
2586,43,06,N,R,0
2586,43,06,E,L,0
2586,43,06,E,T,0
2586,43,06,E,R,0
2586,43,06,S,L,0
2586,43,06,S,T,2
2586,43,06,S,R,0
2586,43,06,W,L,0
2586,43,06,W,T,0
2586,43,06,W,R,0
2587,43,07,N,L,0
2587,43,07,N,T,0
2587,43,07,N,R,0
2587,43,07,E,L,0
2587,43,07,E,T,0
2587,43,07,E,R,0
2587,43,07,S,L,0
2587,43,07,S,T,0
2587,43,07,S,R,0
2587,43,07,W,L,0
2587,43,07,W,T,1
2587,43,07,W,R,0
2588,43,08,N,L,0
2588,43,08,N,T,1
2588,43,08,N,R,0
2588,43,08,E,L,0
2588,43,08,E,T,0
2588,43,08,E,R,0
2588,43,08,S,L,0
2588,43,08,S,T,0
2588,43,08,S,R,0
2588,43,08,W,L,0
2588,43,08,W,T,0
2588,43,08,W,R,0
2589,43,09,N,L,0
2589,43,09,N,T,0
2589,43,09,N,R,0
2589,43,09,E,L,0
2589,43,09,E,T,0
2589,43,09,E,R,1
2589,43,09,S,L,0
2589,43,09,S,T,0
2589,43,09,S,R,0
2589,43,09,W,L,0
2589,43,09,W,T,1
2589,43,09,W,R,0
2590,43,10,N,L,0
2590,43,10,N,T,0
2590,43,10,N,R,0
2590,43,10,E,L,0
2590,43,10,E,T,0
2590,43,10,E,R,0
2590,43,10,S,L,0
2590,43,10,S,T,0
2590,43,10,S,R,0
2590,43,10,W,L,0
2590,43,10,W,T,0
2590,43,10,W,R,0
2591,43,11,N,L,0
2591,43,11,N,T,0
2591,43,11,N,R,0
2591,43,11,E,L,0
2591,43,11,E,T,0
2591,43,11,E,R,0
2591,43,11,S,L,0
2591,43,11,S,T,0
2591,43,11,S,R,0
2591,43,11,W,L,0
2591,43,11,W,T,0
2591,43,11,W,R,0
2592,43,12,N,L,0
2592,43,12,N,T,0
2592,43,12,N,R,0
2592,43,12,E,L,0
2592,43,12,E,T,0
2592,43,12,E,R,0
2592,43,12,S,L,0
2592,43,12,S,T,0
2592,43,12,S,R,0
2592,43,12,W,L,0
2592,43,12,W,T,0
2592,43,12,W,R,0
2593,43,13,N,L,0
2593,43,13,N,T,0
2593,43,13,N,R,0
2593,43,13,E,L,0
2593,43,13,E,T,0
2593,43,13,E,R,0
2593,43,13,S,L,0
2593,43,13,S,T,0
2593,43,13,S,R,0
2593,43,13,W,L,0
2593,43,13,W,T,0
2593,43,13,W,R,0
2594,43,14,N,L,0
2594,43,14,N,T,0
2594,43,14,N,R,0
2594,43,14,E,L,0
2594,43,14,E,T,0
2594,43,14,E,R,1
2594,43,14,S,L,0
2594,43,14,S,T,0
2594,43,14,S,R,0
2594,43,14,W,L,0
2594,43,14,W,T,0
2594,43,14,W,R,0
2595,43,15,N,L,0
2595,43,15,N,T,0
2595,43,15,N,R,0
2595,43,15,E,L,0
2595,43,15,E,T,0
2595,43,15,E,R,0
2595,43,15,S,L,0
2595,43,15,S,T,0
2595,43,15,S,R,0
2595,43,15,W,L,0
2595,43,15,W,T,0
2595,43,15,W,R,0
2596,43,16,N,L,0
2596,43,16,N,T,0
2596,43,16,N,R,0
2596,43,16,E,L,0
2596,43,16,E,T,0
2596,43,16,E,R,0
2596,43,16,S,L,0
2596,43,16,S,T,0
2596,43,16,S,R,0
2596,43,16,W,L,0
2596,43,16,W,T,0
2596,43,16,W,R,0
2597,43,17,N,L,0
2597,43,17,N,T,0
2597,43,17,N,R,0
2597,43,17,E,L,0
2597,43,17,E,T,0
2597,43,17,E,R,0
2597,43,17,S,L,0
2597,43,17,S,T,0
2597,43,17,S,R,0
2597,43,17,W,L,0
2597,43,17,W,T,0
2597,43,17,W,R,0
2598,43,18,N,L,0
2598,43,18,N,T,0
2598,43,18,N,R,0
2598,43,18,E,L,0
2598,43,18,E,T,0
2598,43,18,E,R,0
2598,43,18,S,L,0
2598,43,18,S,T,0
2598,43,18,S,R,0
2598,43,18,W,L,0
2598,43,18,W,T,0
2598,43,18,W,R,0
2599,43,19,N,L,0
2599,43,19,N,T,1
2599,43,19,N,R,0
2599,43,19,E,L,0
2599,43,19,E,T,0
2599,43,19,E,R,0
2599,43,19,S,L,0
2599,43,19,S,T,0
2599,43,19,S,R,1
2599,43,19,W,L,0
2599,43,19,W,T,0
2599,43,19,W,R,0
2600,43,20,N,L,0
2600,43,20,N,T,2
2600,43,20,N,R,0
2600,43,20,E,L,0
2600,43,20,E,T,0
2600,43,20,E,R,0
2600,43,20,S,L,0
2600,43,20,S,T,0
2600,43,20,S,R,0
2600,43,20,W,L,0
2600,43,20,W,T,0
2600,43,20,W,R,0
2601,43,21,N,L,0
2601,43,21,N,T,0
2601,43,21,N,R,0
2601,43,21,E,L,0
2601,43,21,E,T,0
2601,43,21,E,R,0
2601,43,21,S,L,0
2601,43,21,S,T,1
2601,43,21,S,R,0
2601,43,21,W,L,0
2601,43,21,W,T,0
2601,43,21,W,R,0
2602,43,22,N,L,0
2602,43,22,N,T,0
2602,43,22,N,R,0
2602,43,22,E,L,0
2602,43,22,E,T,1
2602,43,22,E,R,0
2602,43,22,S,L,0
2602,43,22,S,T,0
2602,43,22,S,R,0
2602,43,22,W,L,0
2602,43,22,W,T,0
2602,43,22,W,R,0
2603,43,23,N,L,0
2603,43,23,N,T,0
2603,43,23,N,R,0
2603,43,23,E,L,0
2603,43,23,E,T,1
2603,43,23,E,R,0
2603,43,23,S,L,0
2603,43,23,S,T,0
2603,43,23,S,R,0
2603,43,23,W,L,0
2603,43,23,W,T,1
2603,43,23,W,R,0
2604,43,24,N,L,0
2604,43,24,N,T,0
2604,43,24,N,R,0
2604,43,24,E,L,0
2604,43,24,E,T,0
2604,43,24,E,R,0
2604,43,24,S,L,0
2604,43,24,S,T,0
2604,43,24,S,R,0
2604,43,24,W,L,0
2604,43,24,W,T,0
2604,43,24,W,R,0
2605,43,25,N,L,0
2605,43,25,N,T,0
2605,43,25,N,R,0
2605,43,25,E,L,0
2605,43,25,E,T,0
2605,43,25,E,R,0
2605,43,25,S,L,0
2605,43,25,S,T,1
2605,43,25,S,R,0
2605,43,25,W,L,0
2605,43,25,W,T,0
2605,43,25,W,R,0
2606,43,26,N,L,0
2606,43,26,N,T,0
2606,43,26,N,R,0
2606,43,26,E,L,0
2606,43,26,E,T,1
2606,43,26,E,R,0
2606,43,26,S,L,0
2606,43,26,S,T,0
2606,43,26,S,R,0
2606,43,26,W,L,0
2606,43,26,W,T,0
2606,43,26,W,R,0
2607,43,27,N,L,0
2607,43,27,N,T,0
2607,43,27,N,R,0
2607,43,27,E,L,0
2607,43,27,E,T,1
2607,43,27,E,R,0
2607,43,27,S,L,0
2607,43,27,S,T,1
2607,43,27,S,R,0
2607,43,27,W,L,0
2607,43,27,W,T,0
2607,43,27,W,R,0
2608,43,28,N,L,0
2608,43,28,N,T,0
2608,43,28,N,R,0
2608,43,28,E,L,0
2608,43,28,E,T,0
2608,43,28,E,R,0
2608,43,28,S,L,0
2608,43,28,S,T,1
2608,43,28,S,R,0
2608,43,28,W,L,0
2608,43,28,W,T,0
2608,43,28,W,R,0
2609,43,29,N,L,0
2609,43,29,N,T,0
2609,43,29,N,R,0
2609,43,29,E,L,0
2609,43,29,E,T,0
2609,43,29,E,R,0
2609,43,29,S,L,0
2609,43,29,S,T,1
2609,43,29,S,R,0
2609,43,29,W,L,0
2609,43,29,W,T,0
2609,43,29,W,R,0
2610,43,30,N,L,0
2610,43,30,N,T,1
2610,43,30,N,R,0
2610,43,30,E,L,0
2610,43,30,E,T,1
2610,43,30,E,R,0
2610,43,30,S,L,0
2610,43,30,S,T,1
2610,43,30,S,R,0
2610,43,30,W,L,1
2610,43,30,W,T,0
2610,43,30,W,R,0
2611,43,31,N,L,0
2611,43,31,N,T,1
2611,43,31,N,R,0
2611,43,31,E,L,0
2611,43,31,E,T,0
2611,43,31,E,R,0
2611,43,31,S,L,0
2611,43,31,S,T,0
2611,43,31,S,R,0
2611,43,31,W,L,0
2611,43,31,W,T,0
2611,43,31,W,R,0
2612,43,32,N,L,0
2612,43,32,N,T,0
2612,43,32,N,R,0
2612,43,32,E,L,0
2612,43,32,E,T,0
2612,43,32,E,R,0
2612,43,32,S,L,0
2612,43,32,S,T,1
2612,43,32,S,R,0
2612,43,32,W,L,0
2612,43,32,W,T,0
2612,43,32,W,R,0
2613,43,33,N,L,0
2613,43,33,N,T,0
2613,43,33,N,R,0
2613,43,33,E,L,0
2613,43,33,E,T,0
2613,43,33,E,R,0
2613,43,33,S,L,0
2613,43,33,S,T,0
2613,43,33,S,R,0
2613,43,33,W,L,0
2613,43,33,W,T,1
2613,43,33,W,R,0
2614,43,34,N,L,0
2614,43,34,N,T,0
2614,43,34,N,R,0
2614,43,34,E,L,0
2614,43,34,E,T,1
2614,43,34,E,R,0
2614,43,34,S,L,0
2614,43,34,S,T,0
2614,43,34,S,R,0
2614,43,34,W,L,0
2614,43,34,W,T,0
2614,43,34,W,R,0
2615,43,35,N,L,0
2615,43,35,N,T,1
2615,43,35,N,R,0
2615,43,35,E,L,0
2615,43,35,E,T,1
2615,43,35,E,R,0
2615,43,35,S,L,0
2615,43,35,S,T,0
2615,43,35,S,R,0
2615,43,35,W,L,0
2615,43,35,W,T,0
2615,43,35,W,R,0
2616,43,36,N,L,0
2616,43,36,N,T,0
2616,43,36,N,R,0
2616,43,36,E,L,0
2616,43,36,E,T,1
2616,43,36,E,R,0
2616,43,36,S,L,0
2616,43,36,S,T,0
2616,43,36,S,R,0
2616,43,36,W,L,0
2616,43,36,W,T,0
2616,43,36,W,R,0
2617,43,37,N,L,0
2617,43,37,N,T,0
2617,43,37,N,R,0
2617,43,37,E,L,0
2617,43,37,E,T,0
2617,43,37,E,R,0
2617,43,37,S,L,0
2617,43,37,S,T,1
2617,43,37,S,R,0
2617,43,37,W,L,0
2617,43,37,W,T,0
2617,43,37,W,R,0
2618,43,38,N,L,0
2618,43,38,N,T,0
2618,43,38,N,R,0
2618,43,38,E,L,0
2618,43,38,E,T,1
2618,43,38,E,R,0
2618,43,38,S,L,0
2618,43,38,S,T,0
2618,43,38,S,R,0
2618,43,38,W,L,0
2618,43,38,W,T,0
2618,43,38,W,R,0
2619,43,39,N,L,0
2619,43,39,N,T,0
2619,43,39,N,R,0
2619,43,39,E,L,0
2619,43,39,E,T,0
2619,43,39,E,R,0
2619,43,39,S,L,0
2619,43,39,S,T,0
2619,43,39,S,R,0
2619,43,39,W,L,0
2619,43,39,W,T,0
2619,43,39,W,R,0
2620,43,40,N,L,0
2620,43,40,N,T,0
2620,43,40,N,R,0
2620,43,40,E,L,0
2620,43,40,E,T,0
2620,43,40,E,R,0
2620,43,40,S,L,0
2620,43,40,S,T,0
2620,43,40,S,R,0
2620,43,40,W,L,0
2620,43,40,W,T,1
2620,43,40,W,R,0
2621,43,41,N,L,0
2621,43,41,N,T,1
2621,43,41,N,R,1
2621,43,41,E,L,0
2621,43,41,E,T,0
2621,43,41,E,R,0
2621,43,41,S,L,0
2621,43,41,S,T,0
2621,43,41,S,R,0
2621,43,41,W,L,0
2621,43,41,W,T,0
2621,43,41,W,R,0
2622,43,42,N,L,0
2622,43,42,N,T,0
2622,43,42,N,R,0
2622,43,42,E,L,0
2622,43,42,E,T,0
2622,43,42,E,R,0
2622,43,42,S,L,0
2622,43,42,S,T,0
2622,43,42,S,R,0
2622,43,42,W,L,0
2622,43,42,W,T,0
2622,43,42,W,R,0
2623,43,43,N,L,0
2623,43,43,N,T,1
2623,43,43,N,R,0
2623,43,43,E,L,0
2623,43,43,E,T,0
2623,43,43,E,R,0
2623,43,43,S,L,0
2623,43,43,S,T,1
2623,43,43,S,R,0
2623,43,43,W,L,0
2623,43,43,W,T,0
2623,43,43,W,R,0
2624,43,44,N,L,0
2624,43,44,N,T,0
2624,43,44,N,R,0
2624,43,44,E,L,0
2624,43,44,E,T,0
2624,43,44,E,R,0
2624,43,44,S,L,0
2624,43,44,S,T,0
2624,43,44,S,R,0
2624,43,44,W,L,0
2624,43,44,W,T,0
2624,43,44,W,R,0
2625,43,45,N,L,0
2625,43,45,N,T,1
2625,43,45,N,R,0
2625,43,45,E,L,0
2625,43,45,E,T,0
2625,43,45,E,R,0
2625,43,45,S,L,0
2625,43,45,S,T,0
2625,43,45,S,R,0
2625,43,45,W,L,0
2625,43,45,W,T,0
2625,43,45,W,R,0
2626,43,46,N,L,0
2626,43,46,N,T,0
2626,43,46,N,R,0
2626,43,46,E,L,0
2626,43,46,E,T,0
2626,43,46,E,R,0
2626,43,46,S,L,0
2626,43,46,S,T,0
2626,43,46,S,R,0
2626,43,46,W,L,0
2626,43,46,W,T,0
2626,43,46,W,R,1
2627,43,47,N,L,0
2627,43,47,N,T,1
2627,43,47,N,R,0
2627,43,47,E,L,0
2627,43,47,E,T,0
2627,43,47,E,R,1
2627,43,47,S,L,1
2627,43,47,S,T,1
2627,43,47,S,R,0
2627,43,47,W,L,0
2627,43,47,W,T,0
2627,43,47,W,R,0
2628,43,48,N,L,0
2628,43,48,N,T,0
2628,43,48,N,R,0
2628,43,48,E,L,0
2628,43,48,E,T,0
2628,43,48,E,R,0
2628,43,48,S,L,0
2628,43,48,S,T,0
2628,43,48,S,R,0
2628,43,48,W,L,0
2628,43,48,W,T,0
2628,43,48,W,R,0
2629,43,49,N,L,0
2629,43,49,N,T,0
2629,43,49,N,R,0
2629,43,49,E,L,0
2629,43,49,E,T,0
2629,43,49,E,R,0
2629,43,49,S,L,0
2629,43,49,S,T,0
2629,43,49,S,R,0
2629,43,49,W,L,0
2629,43,49,W,T,1
2629,43,49,W,R,0
2630,43,50,N,L,0
2630,43,50,N,T,1
2630,43,50,N,R,0
2630,43,50,E,L,0
2630,43,50,E,T,1
2630,43,50,E,R,0
2630,43,50,S,L,1
2630,43,50,S,T,1
2630,43,50,S,R,0
2630,43,50,W,L,0
2630,43,50,W,T,0
2630,43,50,W,R,0
2631,43,51,N,L,0
2631,43,51,N,T,0
2631,43,51,N,R,0
2631,43,51,E,L,0
2631,43,51,E,T,0
2631,43,51,E,R,1
2631,43,51,S,L,0
2631,43,51,S,T,0
2631,43,51,S,R,0
2631,43,51,W,L,0
2631,43,51,W,T,0
2631,43,51,W,R,0
2632,43,52,N,L,0
2632,43,52,N,T,0
2632,43,52,N,R,0
2632,43,52,E,L,0
2632,43,52,E,T,1
2632,43,52,E,R,0
2632,43,52,S,L,0
2632,43,52,S,T,0
2632,43,52,S,R,0
2632,43,52,W,L,0
2632,43,52,W,T,0
2632,43,52,W,R,0
2633,43,53,N,L,0
2633,43,53,N,T,0
2633,43,53,N,R,0
2633,43,53,E,L,0
2633,43,53,E,T,0
2633,43,53,E,R,0
2633,43,53,S,L,0
2633,43,53,S,T,0
2633,43,53,S,R,0
2633,43,53,W,L,0
2633,43,53,W,T,0
2633,43,53,W,R,0
2634,43,54,N,L,0
2634,43,54,N,T,0
2634,43,54,N,R,0
2634,43,54,E,L,0
2634,43,54,E,T,0
2634,43,54,E,R,0
2634,43,54,S,L,0
2634,43,54,S,T,0
2634,43,54,S,R,0
2634,43,54,W,L,0
2634,43,54,W,T,0
2634,43,54,W,R,0
2635,43,55,N,L,0
2635,43,55,N,T,0
2635,43,55,N,R,0
2635,43,55,E,L,0
2635,43,55,E,T,0
2635,43,55,E,R,0
2635,43,55,S,L,0
2635,43,55,S,T,0
2635,43,55,S,R,0
2635,43,55,W,L,0
2635,43,55,W,T,0
2635,43,55,W,R,0
2636,43,56,N,L,0
2636,43,56,N,T,0
2636,43,56,N,R,0
2636,43,56,E,L,0
2636,43,56,E,T,0
2636,43,56,E,R,0
2636,43,56,S,L,0
2636,43,56,S,T,0
2636,43,56,S,R,0
2636,43,56,W,L,0
2636,43,56,W,T,0
2636,43,56,W,R,0
2637,43,57,N,L,0
2637,43,57,N,T,0
2637,43,57,N,R,0
2637,43,57,E,L,0
2637,43,57,E,T,1
2637,43,57,E,R,0
2637,43,57,S,L,0
2637,43,57,S,T,0
2637,43,57,S,R,0
2637,43,57,W,L,0
2637,43,57,W,T,1
2637,43,57,W,R,0
2638,43,58,N,L,0
2638,43,58,N,T,0
2638,43,58,N,R,0
2638,43,58,E,L,0
2638,43,58,E,T,0
2638,43,58,E,R,0
2638,43,58,S,L,0
2638,43,58,S,T,1
2638,43,58,S,R,0
2638,43,58,W,L,0
2638,43,58,W,T,0
2638,43,58,W,R,0
2639,43,59,N,L,0
2639,43,59,N,T,2
2639,43,59,N,R,0
2639,43,59,E,L,0
2639,43,59,E,T,0
2639,43,59,E,R,0
2639,43,59,S,L,0
2639,43,59,S,T,0
2639,43,59,S,R,0
2639,43,59,W,L,0
2639,43,59,W,T,0
2639,43,59,W,R,0
2640,44,00,N,L,0
2640,44,00,N,T,0
2640,44,00,N,R,0
2640,44,00,E,L,0
2640,44,00,E,T,0
2640,44,00,E,R,0
2640,44,00,S,L,0
2640,44,00,S,T,1
2640,44,00,S,R,0
2640,44,00,W,L,0
2640,44,00,W,T,0
2640,44,00,W,R,0
2641,44,01,N,L,0
2641,44,01,N,T,1
2641,44,01,N,R,0
2641,44,01,E,L,0
2641,44,01,E,T,0
2641,44,01,E,R,0
2641,44,01,S,L,0
2641,44,01,S,T,0
2641,44,01,S,R,0
2641,44,01,W,L,1
2641,44,01,W,T,0
2641,44,01,W,R,0
2642,44,02,N,L,0
2642,44,02,N,T,0
2642,44,02,N,R,1
2642,44,02,E,L,0
2642,44,02,E,T,0
2642,44,02,E,R,0
2642,44,02,S,L,0
2642,44,02,S,T,0
2642,44,02,S,R,0
2642,44,02,W,L,0
2642,44,02,W,T,0
2642,44,02,W,R,0
2643,44,03,N,L,0
2643,44,03,N,T,0
2643,44,03,N,R,0
2643,44,03,E,L,0
2643,44,03,E,T,0
2643,44,03,E,R,0
2643,44,03,S,L,0
2643,44,03,S,T,0
2643,44,03,S,R,0
2643,44,03,W,L,0
2643,44,03,W,T,0
2643,44,03,W,R,0
2644,44,04,N,L,0
2644,44,04,N,T,1
2644,44,04,N,R,0
2644,44,04,E,L,0
2644,44,04,E,T,0
2644,44,04,E,R,0
2644,44,04,S,L,0
2644,44,04,S,T,0
2644,44,04,S,R,0
2644,44,04,W,L,0
2644,44,04,W,T,0
2644,44,04,W,R,0
2645,44,05,N,L,0
2645,44,05,N,T,1
2645,44,05,N,R,0
2645,44,05,E,L,0
2645,44,05,E,T,0
2645,44,05,E,R,0
2645,44,05,S,L,0
2645,44,05,S,T,0
2645,44,05,S,R,0
2645,44,05,W,L,0
2645,44,05,W,T,0
2645,44,05,W,R,0
2646,44,06,N,L,0
2646,44,06,N,T,0
2646,44,06,N,R,0
2646,44,06,E,L,0
2646,44,06,E,T,0
2646,44,06,E,R,0
2646,44,06,S,L,0
2646,44,06,S,T,1
2646,44,06,S,R,0
2646,44,06,W,L,0
2646,44,06,W,T,0
2646,44,06,W,R,0
2647,44,07,N,L,0
2647,44,07,N,T,0
2647,44,07,N,R,2
2647,44,07,E,L,0
2647,44,07,E,T,0
2647,44,07,E,R,0
2647,44,07,S,L,0
2647,44,07,S,T,0
2647,44,07,S,R,0
2647,44,07,W,L,0
2647,44,07,W,T,0
2647,44,07,W,R,0
2648,44,08,N,L,0
2648,44,08,N,T,0
2648,44,08,N,R,0
2648,44,08,E,L,0
2648,44,08,E,T,0
2648,44,08,E,R,0
2648,44,08,S,L,0
2648,44,08,S,T,0
2648,44,08,S,R,0
2648,44,08,W,L,0
2648,44,08,W,T,1
2648,44,08,W,R,0
2649,44,09,N,L,0
2649,44,09,N,T,0
2649,44,09,N,R,0
2649,44,09,E,L,0
2649,44,09,E,T,0
2649,44,09,E,R,0
2649,44,09,S,L,0
2649,44,09,S,T,0
2649,44,09,S,R,1
2649,44,09,W,L,0
2649,44,09,W,T,0
2649,44,09,W,R,0
2650,44,10,N,L,0
2650,44,10,N,T,0
2650,44,10,N,R,0
2650,44,10,E,L,0
2650,44,10,E,T,2
2650,44,10,E,R,0
2650,44,10,S,L,0
2650,44,10,S,T,0
2650,44,10,S,R,0
2650,44,10,W,L,0
2650,44,10,W,T,0
2650,44,10,W,R,0
2651,44,11,N,L,0
2651,44,11,N,T,0
2651,44,11,N,R,0
2651,44,11,E,L,0
2651,44,11,E,T,0
2651,44,11,E,R,0
2651,44,11,S,L,0
2651,44,11,S,T,0
2651,44,11,S,R,0
2651,44,11,W,L,0
2651,44,11,W,T,0
2651,44,11,W,R,0
2652,44,12,N,L,0
2652,44,12,N,T,0
2652,44,12,N,R,0
2652,44,12,E,L,0
2652,44,12,E,T,0
2652,44,12,E,R,0
2652,44,12,S,L,0
2652,44,12,S,T,0
2652,44,12,S,R,0
2652,44,12,W,L,0
2652,44,12,W,T,0
2652,44,12,W,R,0
2653,44,13,N,L,0
2653,44,13,N,T,2
2653,44,13,N,R,0
2653,44,13,E,L,0
2653,44,13,E,T,0
2653,44,13,E,R,0
2653,44,13,S,L,0
2653,44,13,S,T,0
2653,44,13,S,R,0
2653,44,13,W,L,0
2653,44,13,W,T,0
2653,44,13,W,R,0
2654,44,14,N,L,0
2654,44,14,N,T,0
2654,44,14,N,R,1
2654,44,14,E,L,0
2654,44,14,E,T,0
2654,44,14,E,R,0
2654,44,14,S,L,0
2654,44,14,S,T,0
2654,44,14,S,R,0
2654,44,14,W,L,0
2654,44,14,W,T,1
2654,44,14,W,R,0
2655,44,15,N,L,0
2655,44,15,N,T,0
2655,44,15,N,R,0
2655,44,15,E,L,0
2655,44,15,E,T,0
2655,44,15,E,R,0
2655,44,15,S,L,0
2655,44,15,S,T,0
2655,44,15,S,R,0
2655,44,15,W,L,0
2655,44,15,W,T,0
2655,44,15,W,R,0
2656,44,16,N,L,0
2656,44,16,N,T,1
2656,44,16,N,R,0
2656,44,16,E,L,0
2656,44,16,E,T,0
2656,44,16,E,R,0
2656,44,16,S,L,0
2656,44,16,S,T,0
2656,44,16,S,R,0
2656,44,16,W,L,0
2656,44,16,W,T,1
2656,44,16,W,R,0
2657,44,17,N,L,0
2657,44,17,N,T,1
2657,44,17,N,R,1
2657,44,17,E,L,0
2657,44,17,E,T,1
2657,44,17,E,R,0
2657,44,17,S,L,0
2657,44,17,S,T,0
2657,44,17,S,R,0
2657,44,17,W,L,0
2657,44,17,W,T,0
2657,44,17,W,R,0
2658,44,18,N,L,0
2658,44,18,N,T,1
2658,44,18,N,R,0
2658,44,18,E,L,0
2658,44,18,E,T,0
2658,44,18,E,R,0
2658,44,18,S,L,0
2658,44,18,S,T,1
2658,44,18,S,R,0
2658,44,18,W,L,0
2658,44,18,W,T,0
2658,44,18,W,R,0
2659,44,19,N,L,1
2659,44,19,N,T,0
2659,44,19,N,R,0
2659,44,19,E,L,0
2659,44,19,E,T,0
2659,44,19,E,R,0
2659,44,19,S,L,0
2659,44,19,S,T,1
2659,44,19,S,R,0
2659,44,19,W,L,0
2659,44,19,W,T,0
2659,44,19,W,R,0
2660,44,20,N,L,0
2660,44,20,N,T,0
2660,44,20,N,R,0
2660,44,20,E,L,0
2660,44,20,E,T,0
2660,44,20,E,R,0
2660,44,20,S,L,1
2660,44,20,S,T,1
2660,44,20,S,R,0
2660,44,20,W,L,0
2660,44,20,W,T,0
2660,44,20,W,R,0
2661,44,21,N,L,0
2661,44,21,N,T,0
2661,44,21,N,R,0
2661,44,21,E,L,0
2661,44,21,E,T,0
2661,44,21,E,R,0
2661,44,21,S,L,0
2661,44,21,S,T,0
2661,44,21,S,R,0
2661,44,21,W,L,0
2661,44,21,W,T,0
2661,44,21,W,R,0
2662,44,22,N,L,0
2662,44,22,N,T,0
2662,44,22,N,R,0
2662,44,22,E,L,0
2662,44,22,E,T,0
2662,44,22,E,R,0
2662,44,22,S,L,0
2662,44,22,S,T,0
2662,44,22,S,R,0
2662,44,22,W,L,0
2662,44,22,W,T,0
2662,44,22,W,R,0
2663,44,23,N,L,0
2663,44,23,N,T,0
2663,44,23,N,R,0
2663,44,23,E,L,0
2663,44,23,E,T,0
2663,44,23,E,R,0
2663,44,23,S,L,0
2663,44,23,S,T,0
2663,44,23,S,R,0
2663,44,23,W,L,0
2663,44,23,W,T,0
2663,44,23,W,R,0
2664,44,24,N,L,0
2664,44,24,N,T,0
2664,44,24,N,R,0
2664,44,24,E,L,0
2664,44,24,E,T,0
2664,44,24,E,R,0
2664,44,24,S,L,0
2664,44,24,S,T,0
2664,44,24,S,R,0
2664,44,24,W,L,0
2664,44,24,W,T,0
2664,44,24,W,R,0
2665,44,25,N,L,0
2665,44,25,N,T,0
2665,44,25,N,R,0
2665,44,25,E,L,0
2665,44,25,E,T,0
2665,44,25,E,R,0
2665,44,25,S,L,0
2665,44,25,S,T,0
2665,44,25,S,R,0
2665,44,25,W,L,0
2665,44,25,W,T,0
2665,44,25,W,R,0
2666,44,26,N,L,0
2666,44,26,N,T,0
2666,44,26,N,R,0
2666,44,26,E,L,0
2666,44,26,E,T,0
2666,44,26,E,R,0
2666,44,26,S,L,0
2666,44,26,S,T,0
2666,44,26,S,R,0
2666,44,26,W,L,0
2666,44,26,W,T,0
2666,44,26,W,R,0
2667,44,27,N,L,0
2667,44,27,N,T,1
2667,44,27,N,R,0
2667,44,27,E,L,0
2667,44,27,E,T,0
2667,44,27,E,R,0
2667,44,27,S,L,0
2667,44,27,S,T,2
2667,44,27,S,R,0
2667,44,27,W,L,0
2667,44,27,W,T,0
2667,44,27,W,R,0
2668,44,28,N,L,0
2668,44,28,N,T,0
2668,44,28,N,R,0
2668,44,28,E,L,0
2668,44,28,E,T,0
2668,44,28,E,R,0
2668,44,28,S,L,0
2668,44,28,S,T,0
2668,44,28,S,R,0
2668,44,28,W,L,0
2668,44,28,W,T,0
2668,44,28,W,R,0
2669,44,29,N,L,0
2669,44,29,N,T,0
2669,44,29,N,R,0
2669,44,29,E,L,0
2669,44,29,E,T,0
2669,44,29,E,R,0
2669,44,29,S,L,0
2669,44,29,S,T,0
2669,44,29,S,R,0
2669,44,29,W,L,0
2669,44,29,W,T,1
2669,44,29,W,R,0
2670,44,30,N,L,0
2670,44,30,N,T,1
2670,44,30,N,R,0
2670,44,30,E,L,0
2670,44,30,E,T,0
2670,44,30,E,R,0
2670,44,30,S,L,0
2670,44,30,S,T,0
2670,44,30,S,R,0
2670,44,30,W,L,0
2670,44,30,W,T,1
2670,44,30,W,R,0
2671,44,31,N,L,0
2671,44,31,N,T,0
2671,44,31,N,R,0
2671,44,31,E,L,0
2671,44,31,E,T,0
2671,44,31,E,R,0
2671,44,31,S,L,0
2671,44,31,S,T,0
2671,44,31,S,R,0
2671,44,31,W,L,0
2671,44,31,W,T,0
2671,44,31,W,R,0
2672,44,32,N,L,0
2672,44,32,N,T,0
2672,44,32,N,R,0
2672,44,32,E,L,0
2672,44,32,E,T,0
2672,44,32,E,R,0
2672,44,32,S,L,0
2672,44,32,S,T,0
2672,44,32,S,R,0
2672,44,32,W,L,0
2672,44,32,W,T,0
2672,44,32,W,R,0
2673,44,33,N,L,0
2673,44,33,N,T,0
2673,44,33,N,R,0
2673,44,33,E,L,0
2673,44,33,E,T,0
2673,44,33,E,R,0
2673,44,33,S,L,1
2673,44,33,S,T,0
2673,44,33,S,R,0
2673,44,33,W,L,0
2673,44,33,W,T,0
2673,44,33,W,R,0
2674,44,34,N,L,0
2674,44,34,N,T,0
2674,44,34,N,R,0
2674,44,34,E,L,0
2674,44,34,E,T,0
2674,44,34,E,R,0
2674,44,34,S,L,0
2674,44,34,S,T,0
2674,44,34,S,R,0
2674,44,34,W,L,0
2674,44,34,W,T,0
2674,44,34,W,R,0
2675,44,35,N,L,0
2675,44,35,N,T,0
2675,44,35,N,R,0
2675,44,35,E,L,0
2675,44,35,E,T,1
2675,44,35,E,R,0
2675,44,35,S,L,0
2675,44,35,S,T,1
2675,44,35,S,R,0
2675,44,35,W,L,0
2675,44,35,W,T,2
2675,44,35,W,R,0
2676,44,36,N,L,0
2676,44,36,N,T,0
2676,44,36,N,R,0
2676,44,36,E,L,0
2676,44,36,E,T,1
2676,44,36,E,R,0
2676,44,36,S,L,0
2676,44,36,S,T,0
2676,44,36,S,R,0
2676,44,36,W,L,0
2676,44,36,W,T,0
2676,44,36,W,R,1
2677,44,37,N,L,0
2677,44,37,N,T,0
2677,44,37,N,R,0
2677,44,37,E,L,0
2677,44,37,E,T,0
2677,44,37,E,R,0
2677,44,37,S,L,0
2677,44,37,S,T,0
2677,44,37,S,R,0
2677,44,37,W,L,0
2677,44,37,W,T,0
2677,44,37,W,R,0
2678,44,38,N,L,0
2678,44,38,N,T,0
2678,44,38,N,R,0
2678,44,38,E,L,0
2678,44,38,E,T,0
2678,44,38,E,R,1
2678,44,38,S,L,0
2678,44,38,S,T,0
2678,44,38,S,R,0
2678,44,38,W,L,0
2678,44,38,W,T,0
2678,44,38,W,R,0
2679,44,39,N,L,0
2679,44,39,N,T,0
2679,44,39,N,R,0
2679,44,39,E,L,1
2679,44,39,E,T,0
2679,44,39,E,R,0
2679,44,39,S,L,0
2679,44,39,S,T,1
2679,44,39,S,R,0
2679,44,39,W,L,0
2679,44,39,W,T,0
2679,44,39,W,R,0
2680,44,40,N,L,0
2680,44,40,N,T,1
2680,44,40,N,R,0
2680,44,40,E,L,0
2680,44,40,E,T,0
2680,44,40,E,R,0
2680,44,40,S,L,0
2680,44,40,S,T,1
2680,44,40,S,R,1
2680,44,40,W,L,0
2680,44,40,W,T,1
2680,44,40,W,R,0
2681,44,41,N,L,0
2681,44,41,N,T,0
2681,44,41,N,R,0
2681,44,41,E,L,0
2681,44,41,E,T,1
2681,44,41,E,R,0
2681,44,41,S,L,0
2681,44,41,S,T,0
2681,44,41,S,R,0
2681,44,41,W,L,0
2681,44,41,W,T,0
2681,44,41,W,R,0
2682,44,42,N,L,0
2682,44,42,N,T,0
2682,44,42,N,R,0
2682,44,42,E,L,0
2682,44,42,E,T,0
2682,44,42,E,R,0
2682,44,42,S,L,0
2682,44,42,S,T,0
2682,44,42,S,R,0
2682,44,42,W,L,0
2682,44,42,W,T,2
2682,44,42,W,R,0
2683,44,43,N,L,0
2683,44,43,N,T,0
2683,44,43,N,R,0
2683,44,43,E,L,0
2683,44,43,E,T,0
2683,44,43,E,R,0
2683,44,43,S,L,0
2683,44,43,S,T,0
2683,44,43,S,R,0
2683,44,43,W,L,0
2683,44,43,W,T,0
2683,44,43,W,R,0
2684,44,44,N,L,0
2684,44,44,N,T,0
2684,44,44,N,R,0
2684,44,44,E,L,0
2684,44,44,E,T,1
2684,44,44,E,R,0
2684,44,44,S,L,0
2684,44,44,S,T,0
2684,44,44,S,R,0
2684,44,44,W,L,0
2684,44,44,W,T,0
2684,44,44,W,R,0
2685,44,45,N,L,0
2685,44,45,N,T,0
2685,44,45,N,R,0
2685,44,45,E,L,0
2685,44,45,E,T,1
2685,44,45,E,R,0
2685,44,45,S,L,0
2685,44,45,S,T,0
2685,44,45,S,R,1
2685,44,45,W,L,0
2685,44,45,W,T,0
2685,44,45,W,R,0
2686,44,46,N,L,0
2686,44,46,N,T,0
2686,44,46,N,R,0
2686,44,46,E,L,0
2686,44,46,E,T,0
2686,44,46,E,R,0
2686,44,46,S,L,0
2686,44,46,S,T,0
2686,44,46,S,R,0
2686,44,46,W,L,0
2686,44,46,W,T,0
2686,44,46,W,R,0
2687,44,47,N,L,0
2687,44,47,N,T,0
2687,44,47,N,R,0
2687,44,47,E,L,0
2687,44,47,E,T,0
2687,44,47,E,R,0
2687,44,47,S,L,0
2687,44,47,S,T,0
2687,44,47,S,R,0
2687,44,47,W,L,0
2687,44,47,W,T,0
2687,44,47,W,R,0
2688,44,48,N,L,0
2688,44,48,N,T,0
2688,44,48,N,R,0
2688,44,48,E,L,0
2688,44,48,E,T,0
2688,44,48,E,R,0
2688,44,48,S,L,0
2688,44,48,S,T,1
2688,44,48,S,R,0
2688,44,48,W,L,0
2688,44,48,W,T,0
2688,44,48,W,R,0
2689,44,49,N,L,0
2689,44,49,N,T,0
2689,44,49,N,R,0
2689,44,49,E,L,0
2689,44,49,E,T,0
2689,44,49,E,R,0
2689,44,49,S,L,0
2689,44,49,S,T,0
2689,44,49,S,R,0
2689,44,49,W,L,0
2689,44,49,W,T,0
2689,44,49,W,R,0
2690,44,50,N,L,0
2690,44,50,N,T,0
2690,44,50,N,R,0
2690,44,50,E,L,0
2690,44,50,E,T,0
2690,44,50,E,R,0
2690,44,50,S,L,0
2690,44,50,S,T,1
2690,44,50,S,R,0
2690,44,50,W,L,0
2690,44,50,W,T,0
2690,44,50,W,R,0
2691,44,51,N,L,0
2691,44,51,N,T,0
2691,44,51,N,R,0
2691,44,51,E,L,0
2691,44,51,E,T,1
2691,44,51,E,R,0
2691,44,51,S,L,0
2691,44,51,S,T,0
2691,44,51,S,R,0
2691,44,51,W,L,0
2691,44,51,W,T,0
2691,44,51,W,R,0
2692,44,52,N,L,0
2692,44,52,N,T,1
2692,44,52,N,R,0
2692,44,52,E,L,0
2692,44,52,E,T,0
2692,44,52,E,R,0
2692,44,52,S,L,0
2692,44,52,S,T,0
2692,44,52,S,R,0
2692,44,52,W,L,0
2692,44,52,W,T,0
2692,44,52,W,R,0
2693,44,53,N,L,1
2693,44,53,N,T,0
2693,44,53,N,R,0
2693,44,53,E,L,0
2693,44,53,E,T,0
2693,44,53,E,R,0
2693,44,53,S,L,0
2693,44,53,S,T,0
2693,44,53,S,R,0
2693,44,53,W,L,0
2693,44,53,W,T,0
2693,44,53,W,R,0
2694,44,54,N,L,0
2694,44,54,N,T,0
2694,44,54,N,R,0
2694,44,54,E,L,0
2694,44,54,E,T,0
2694,44,54,E,R,0
2694,44,54,S,L,0
2694,44,54,S,T,1
2694,44,54,S,R,0
2694,44,54,W,L,0
2694,44,54,W,T,0
2694,44,54,W,R,0
2695,44,55,N,L,0
2695,44,55,N,T,0
2695,44,55,N,R,0
2695,44,55,E,L,0
2695,44,55,E,T,0
2695,44,55,E,R,0
2695,44,55,S,L,0
2695,44,55,S,T,1
2695,44,55,S,R,0
2695,44,55,W,L,0
2695,44,55,W,T,0
2695,44,55,W,R,0
2696,44,56,N,L,0
2696,44,56,N,T,0
2696,44,56,N,R,0
2696,44,56,E,L,0
2696,44,56,E,T,0
2696,44,56,E,R,0
2696,44,56,S,L,0
2696,44,56,S,T,0
2696,44,56,S,R,0
2696,44,56,W,L,0
2696,44,56,W,T,0
2696,44,56,W,R,0
2697,44,57,N,L,0
2697,44,57,N,T,1
2697,44,57,N,R,0
2697,44,57,E,L,0
2697,44,57,E,T,0
2697,44,57,E,R,0
2697,44,57,S,L,0
2697,44,57,S,T,0
2697,44,57,S,R,0
2697,44,57,W,L,0
2697,44,57,W,T,0
2697,44,57,W,R,0
2698,44,58,N,L,0
2698,44,58,N,T,0
2698,44,58,N,R,0
2698,44,58,E,L,0
2698,44,58,E,T,0
2698,44,58,E,R,0
2698,44,58,S,L,0
2698,44,58,S,T,1
2698,44,58,S,R,0
2698,44,58,W,L,0
2698,44,58,W,T,0
2698,44,58,W,R,0
2699,44,59,N,L,0
2699,44,59,N,T,0
2699,44,59,N,R,0
2699,44,59,E,L,0
2699,44,59,E,T,0
2699,44,59,E,R,0
2699,44,59,S,L,0
2699,44,59,S,T,0
2699,44,59,S,R,0
2699,44,59,W,L,0
2699,44,59,W,T,0
2699,44,59,W,R,0
2700,45,00,N,L,0
2700,45,00,N,T,2
2700,45,00,N,R,0
2700,45,00,E,L,0
2700,45,00,E,T,2
2700,45,00,E,R,0
2700,45,00,S,L,0
2700,45,00,S,T,0
2700,45,00,S,R,0
2700,45,00,W,L,0
2700,45,00,W,T,0
2700,45,00,W,R,0
2701,45,01,N,L,0
2701,45,01,N,T,0
2701,45,01,N,R,0
2701,45,01,E,L,0
2701,45,01,E,T,0
2701,45,01,E,R,0
2701,45,01,S,L,0
2701,45,01,S,T,0
2701,45,01,S,R,0
2701,45,01,W,L,0
2701,45,01,W,T,0
2701,45,01,W,R,0
2702,45,02,N,L,0
2702,45,02,N,T,0
2702,45,02,N,R,0
2702,45,02,E,L,0
2702,45,02,E,T,1
2702,45,02,E,R,0
2702,45,02,S,L,0
2702,45,02,S,T,0
2702,45,02,S,R,0
2702,45,02,W,L,0
2702,45,02,W,T,0
2702,45,02,W,R,0
2703,45,03,N,L,0
2703,45,03,N,T,1
2703,45,03,N,R,0
2703,45,03,E,L,0
2703,45,03,E,T,0
2703,45,03,E,R,0
2703,45,03,S,L,0
2703,45,03,S,T,0
2703,45,03,S,R,0
2703,45,03,W,L,0
2703,45,03,W,T,1
2703,45,03,W,R,0
2704,45,04,N,L,0
2704,45,04,N,T,0
2704,45,04,N,R,0
2704,45,04,E,L,0
2704,45,04,E,T,1
2704,45,04,E,R,0
2704,45,04,S,L,0
2704,45,04,S,T,0
2704,45,04,S,R,0
2704,45,04,W,L,0
2704,45,04,W,T,1
2704,45,04,W,R,0
2705,45,05,N,L,0
2705,45,05,N,T,0
2705,45,05,N,R,0
2705,45,05,E,L,0
2705,45,05,E,T,0
2705,45,05,E,R,0
2705,45,05,S,L,0
2705,45,05,S,T,2
2705,45,05,S,R,0
2705,45,05,W,L,0
2705,45,05,W,T,0
2705,45,05,W,R,0
2706,45,06,N,L,0
2706,45,06,N,T,0
2706,45,06,N,R,0
2706,45,06,E,L,0
2706,45,06,E,T,0
2706,45,06,E,R,0
2706,45,06,S,L,0
2706,45,06,S,T,0
2706,45,06,S,R,0
2706,45,06,W,L,0
2706,45,06,W,T,0
2706,45,06,W,R,0
2707,45,07,N,L,0
2707,45,07,N,T,0
2707,45,07,N,R,0
2707,45,07,E,L,0
2707,45,07,E,T,0
2707,45,07,E,R,0
2707,45,07,S,L,0
2707,45,07,S,T,1
2707,45,07,S,R,0
2707,45,07,W,L,0
2707,45,07,W,T,0
2707,45,07,W,R,0
2708,45,08,N,L,0
2708,45,08,N,T,0
2708,45,08,N,R,0
2708,45,08,E,L,0
2708,45,08,E,T,0
2708,45,08,E,R,0
2708,45,08,S,L,0
2708,45,08,S,T,1
2708,45,08,S,R,0
2708,45,08,W,L,0
2708,45,08,W,T,0
2708,45,08,W,R,0
2709,45,09,N,L,0
2709,45,09,N,T,0
2709,45,09,N,R,0
2709,45,09,E,L,0
2709,45,09,E,T,0
2709,45,09,E,R,0
2709,45,09,S,L,0
2709,45,09,S,T,0
2709,45,09,S,R,1
2709,45,09,W,L,0
2709,45,09,W,T,0
2709,45,09,W,R,0
2710,45,10,N,L,0
2710,45,10,N,T,0
2710,45,10,N,R,0
2710,45,10,E,L,0
2710,45,10,E,T,0
2710,45,10,E,R,1
2710,45,10,S,L,0
2710,45,10,S,T,0
2710,45,10,S,R,0
2710,45,10,W,L,0
2710,45,10,W,T,0
2710,45,10,W,R,0
2711,45,11,N,L,0
2711,45,11,N,T,0
2711,45,11,N,R,0
2711,45,11,E,L,0
2711,45,11,E,T,0
2711,45,11,E,R,0
2711,45,11,S,L,0
2711,45,11,S,T,2
2711,45,11,S,R,0
2711,45,11,W,L,0
2711,45,11,W,T,1
2711,45,11,W,R,0
2712,45,12,N,L,0
2712,45,12,N,T,1
2712,45,12,N,R,0
2712,45,12,E,L,0
2712,45,12,E,T,1
2712,45,12,E,R,0
2712,45,12,S,L,0
2712,45,12,S,T,0
2712,45,12,S,R,0
2712,45,12,W,L,0
2712,45,12,W,T,1
2712,45,12,W,R,0
2713,45,13,N,L,0
2713,45,13,N,T,1
2713,45,13,N,R,0
2713,45,13,E,L,0
2713,45,13,E,T,0
2713,45,13,E,R,0
2713,45,13,S,L,0
2713,45,13,S,T,0
2713,45,13,S,R,0
2713,45,13,W,L,0
2713,45,13,W,T,0
2713,45,13,W,R,0
2714,45,14,N,L,0
2714,45,14,N,T,0
2714,45,14,N,R,1
2714,45,14,E,L,0
2714,45,14,E,T,1
2714,45,14,E,R,0
2714,45,14,S,L,1
2714,45,14,S,T,0
2714,45,14,S,R,0
2714,45,14,W,L,0
2714,45,14,W,T,0
2714,45,14,W,R,0
2715,45,15,N,L,0
2715,45,15,N,T,0
2715,45,15,N,R,0
2715,45,15,E,L,0
2715,45,15,E,T,0
2715,45,15,E,R,0
2715,45,15,S,L,0
2715,45,15,S,T,0
2715,45,15,S,R,0
2715,45,15,W,L,0
2715,45,15,W,T,0
2715,45,15,W,R,0
2716,45,16,N,L,0
2716,45,16,N,T,0
2716,45,16,N,R,0
2716,45,16,E,L,0
2716,45,16,E,T,1
2716,45,16,E,R,0
2716,45,16,S,L,0
2716,45,16,S,T,0
2716,45,16,S,R,0
2716,45,16,W,L,0
2716,45,16,W,T,0
2716,45,16,W,R,0
2717,45,17,N,L,0
2717,45,17,N,T,1
2717,45,17,N,R,0
2717,45,17,E,L,0
2717,45,17,E,T,0
2717,45,17,E,R,0
2717,45,17,S,L,0
2717,45,17,S,T,0
2717,45,17,S,R,0
2717,45,17,W,L,0
2717,45,17,W,T,1
2717,45,17,W,R,0
2718,45,18,N,L,0
2718,45,18,N,T,1
2718,45,18,N,R,0
2718,45,18,E,L,0
2718,45,18,E,T,2
2718,45,18,E,R,0
2718,45,18,S,L,0
2718,45,18,S,T,0
2718,45,18,S,R,0
2718,45,18,W,L,0
2718,45,18,W,T,0
2718,45,18,W,R,0
2719,45,19,N,L,0
2719,45,19,N,T,0
2719,45,19,N,R,0
2719,45,19,E,L,0
2719,45,19,E,T,0
2719,45,19,E,R,0
2719,45,19,S,L,0
2719,45,19,S,T,0
2719,45,19,S,R,0
2719,45,19,W,L,0
2719,45,19,W,T,0
2719,45,19,W,R,0
2720,45,20,N,L,0
2720,45,20,N,T,1
2720,45,20,N,R,0
2720,45,20,E,L,0
2720,45,20,E,T,0
2720,45,20,E,R,0
2720,45,20,S,L,0
2720,45,20,S,T,0
2720,45,20,S,R,0
2720,45,20,W,L,0
2720,45,20,W,T,2
2720,45,20,W,R,0
2721,45,21,N,L,0
2721,45,21,N,T,0
2721,45,21,N,R,0
2721,45,21,E,L,1
2721,45,21,E,T,0
2721,45,21,E,R,0
2721,45,21,S,L,0
2721,45,21,S,T,1
2721,45,21,S,R,0
2721,45,21,W,L,0
2721,45,21,W,T,0
2721,45,21,W,R,0
2722,45,22,N,L,0
2722,45,22,N,T,0
2722,45,22,N,R,0
2722,45,22,E,L,0
2722,45,22,E,T,0
2722,45,22,E,R,0
2722,45,22,S,L,0
2722,45,22,S,T,0
2722,45,22,S,R,0
2722,45,22,W,L,0
2722,45,22,W,T,1
2722,45,22,W,R,0
2723,45,23,N,L,0
2723,45,23,N,T,0
2723,45,23,N,R,0
2723,45,23,E,L,0
2723,45,23,E,T,0
2723,45,23,E,R,0
2723,45,23,S,L,0
2723,45,23,S,T,1
2723,45,23,S,R,0
2723,45,23,W,L,0
2723,45,23,W,T,0
2723,45,23,W,R,0
2724,45,24,N,L,0
2724,45,24,N,T,0
2724,45,24,N,R,0
2724,45,24,E,L,1
2724,45,24,E,T,0
2724,45,24,E,R,0
2724,45,24,S,L,0
2724,45,24,S,T,0
2724,45,24,S,R,0
2724,45,24,W,L,0
2724,45,24,W,T,0
2724,45,24,W,R,0
2725,45,25,N,L,0
2725,45,25,N,T,0
2725,45,25,N,R,0
2725,45,25,E,L,0
2725,45,25,E,T,0
2725,45,25,E,R,0
2725,45,25,S,L,0
2725,45,25,S,T,0
2725,45,25,S,R,0
2725,45,25,W,L,0
2725,45,25,W,T,1
2725,45,25,W,R,0
2726,45,26,N,L,0
2726,45,26,N,T,0
2726,45,26,N,R,0
2726,45,26,E,L,0
2726,45,26,E,T,0
2726,45,26,E,R,0
2726,45,26,S,L,0
2726,45,26,S,T,0
2726,45,26,S,R,0
2726,45,26,W,L,0
2726,45,26,W,T,0
2726,45,26,W,R,0
2727,45,27,N,L,0
2727,45,27,N,T,0
2727,45,27,N,R,0
2727,45,27,E,L,0
2727,45,27,E,T,2
2727,45,27,E,R,0
2727,45,27,S,L,0
2727,45,27,S,T,0
2727,45,27,S,R,0
2727,45,27,W,L,0
2727,45,27,W,T,0
2727,45,27,W,R,0
2728,45,28,N,L,1
2728,45,28,N,T,0
2728,45,28,N,R,0
2728,45,28,E,L,0
2728,45,28,E,T,1
2728,45,28,E,R,0
2728,45,28,S,L,1
2728,45,28,S,T,0
2728,45,28,S,R,0
2728,45,28,W,L,0
2728,45,28,W,T,0
2728,45,28,W,R,0
2729,45,29,N,L,0
2729,45,29,N,T,0
2729,45,29,N,R,0
2729,45,29,E,L,0
2729,45,29,E,T,0
2729,45,29,E,R,0
2729,45,29,S,L,0
2729,45,29,S,T,1
2729,45,29,S,R,0
2729,45,29,W,L,0
2729,45,29,W,T,0
2729,45,29,W,R,0
2730,45,30,N,L,0
2730,45,30,N,T,0
2730,45,30,N,R,1
2730,45,30,E,L,0
2730,45,30,E,T,0
2730,45,30,E,R,0
2730,45,30,S,L,0
2730,45,30,S,T,0
2730,45,30,S,R,0
2730,45,30,W,L,0
2730,45,30,W,T,0
2730,45,30,W,R,0
2731,45,31,N,L,0
2731,45,31,N,T,0
2731,45,31,N,R,0
2731,45,31,E,L,0
2731,45,31,E,T,0
2731,45,31,E,R,0
2731,45,31,S,L,0
2731,45,31,S,T,0
2731,45,31,S,R,0
2731,45,31,W,L,0
2731,45,31,W,T,0
2731,45,31,W,R,0
2732,45,32,N,L,0
2732,45,32,N,T,0
2732,45,32,N,R,0
2732,45,32,E,L,0
2732,45,32,E,T,0
2732,45,32,E,R,0
2732,45,32,S,L,0
2732,45,32,S,T,0
2732,45,32,S,R,0
2732,45,32,W,L,0
2732,45,32,W,T,0
2732,45,32,W,R,0
2733,45,33,N,L,0
2733,45,33,N,T,1
2733,45,33,N,R,0
2733,45,33,E,L,0
2733,45,33,E,T,0
2733,45,33,E,R,0
2733,45,33,S,L,1
2733,45,33,S,T,0
2733,45,33,S,R,0
2733,45,33,W,L,0
2733,45,33,W,T,0
2733,45,33,W,R,0
2734,45,34,N,L,0
2734,45,34,N,T,0
2734,45,34,N,R,0
2734,45,34,E,L,0
2734,45,34,E,T,0
2734,45,34,E,R,0
2734,45,34,S,L,0
2734,45,34,S,T,0
2734,45,34,S,R,0
2734,45,34,W,L,0
2734,45,34,W,T,1
2734,45,34,W,R,0
2735,45,35,N,L,0
2735,45,35,N,T,0
2735,45,35,N,R,0
2735,45,35,E,L,0
2735,45,35,E,T,0
2735,45,35,E,R,0
2735,45,35,S,L,0
2735,45,35,S,T,0
2735,45,35,S,R,0
2735,45,35,W,L,0
2735,45,35,W,T,0
2735,45,35,W,R,0
2736,45,36,N,L,0
2736,45,36,N,T,1
2736,45,36,N,R,0
2736,45,36,E,L,0
2736,45,36,E,T,0
2736,45,36,E,R,0
2736,45,36,S,L,0
2736,45,36,S,T,1
2736,45,36,S,R,0
2736,45,36,W,L,0
2736,45,36,W,T,0
2736,45,36,W,R,0
2737,45,37,N,L,0
2737,45,37,N,T,1
2737,45,37,N,R,0
2737,45,37,E,L,0
2737,45,37,E,T,0
2737,45,37,E,R,0
2737,45,37,S,L,0
2737,45,37,S,T,1
2737,45,37,S,R,0
2737,45,37,W,L,0
2737,45,37,W,T,0
2737,45,37,W,R,0
2738,45,38,N,L,0
2738,45,38,N,T,0
2738,45,38,N,R,0
2738,45,38,E,L,0
2738,45,38,E,T,0
2738,45,38,E,R,0
2738,45,38,S,L,0
2738,45,38,S,T,0
2738,45,38,S,R,0
2738,45,38,W,L,0
2738,45,38,W,T,0
2738,45,38,W,R,0
2739,45,39,N,L,0
2739,45,39,N,T,0
2739,45,39,N,R,0
2739,45,39,E,L,0
2739,45,39,E,T,0
2739,45,39,E,R,0
2739,45,39,S,L,0
2739,45,39,S,T,0
2739,45,39,S,R,0
2739,45,39,W,L,0
2739,45,39,W,T,0
2739,45,39,W,R,0
2740,45,40,N,L,0
2740,45,40,N,T,0
2740,45,40,N,R,0
2740,45,40,E,L,0
2740,45,40,E,T,0
2740,45,40,E,R,0
2740,45,40,S,L,0
2740,45,40,S,T,0
2740,45,40,S,R,0
2740,45,40,W,L,0
2740,45,40,W,T,0
2740,45,40,W,R,0
2741,45,41,N,L,0
2741,45,41,N,T,0
2741,45,41,N,R,0
2741,45,41,E,L,0
2741,45,41,E,T,0
2741,45,41,E,R,0
2741,45,41,S,L,0
2741,45,41,S,T,1
2741,45,41,S,R,0
2741,45,41,W,L,0
2741,45,41,W,T,0
2741,45,41,W,R,0
2742,45,42,N,L,0
2742,45,42,N,T,0
2742,45,42,N,R,0
2742,45,42,E,L,0
2742,45,42,E,T,0
2742,45,42,E,R,0
2742,45,42,S,L,0
2742,45,42,S,T,0
2742,45,42,S,R,0
2742,45,42,W,L,0
2742,45,42,W,T,0
2742,45,42,W,R,0
2743,45,43,N,L,0
2743,45,43,N,T,1
2743,45,43,N,R,0
2743,45,43,E,L,0
2743,45,43,E,T,0
2743,45,43,E,R,0
2743,45,43,S,L,0
2743,45,43,S,T,0
2743,45,43,S,R,0
2743,45,43,W,L,0
2743,45,43,W,T,0
2743,45,43,W,R,0
2744,45,44,N,L,0
2744,45,44,N,T,3
2744,45,44,N,R,0
2744,45,44,E,L,0
2744,45,44,E,T,0
2744,45,44,E,R,0
2744,45,44,S,L,0
2744,45,44,S,T,1
2744,45,44,S,R,0
2744,45,44,W,L,0
2744,45,44,W,T,0
2744,45,44,W,R,0
2745,45,45,N,L,0
2745,45,45,N,T,0
2745,45,45,N,R,0
2745,45,45,E,L,0
2745,45,45,E,T,0
2745,45,45,E,R,0
2745,45,45,S,L,0
2745,45,45,S,T,1
2745,45,45,S,R,0
2745,45,45,W,L,1
2745,45,45,W,T,1
2745,45,45,W,R,0
2746,45,46,N,L,0
2746,45,46,N,T,0
2746,45,46,N,R,0
2746,45,46,E,L,0
2746,45,46,E,T,0
2746,45,46,E,R,0
2746,45,46,S,L,0
2746,45,46,S,T,0
2746,45,46,S,R,0
2746,45,46,W,L,0
2746,45,46,W,T,0
2746,45,46,W,R,0
2747,45,47,N,L,0
2747,45,47,N,T,0
2747,45,47,N,R,0
2747,45,47,E,L,0
2747,45,47,E,T,0
2747,45,47,E,R,0
2747,45,47,S,L,0
2747,45,47,S,T,0
2747,45,47,S,R,0
2747,45,47,W,L,0
2747,45,47,W,T,0
2747,45,47,W,R,0
2748,45,48,N,L,0
2748,45,48,N,T,1
2748,45,48,N,R,0
2748,45,48,E,L,0
2748,45,48,E,T,0
2748,45,48,E,R,0
2748,45,48,S,L,0
2748,45,48,S,T,0
2748,45,48,S,R,1
2748,45,48,W,L,0
2748,45,48,W,T,0
2748,45,48,W,R,0
2749,45,49,N,L,0
2749,45,49,N,T,0
2749,45,49,N,R,0
2749,45,49,E,L,0
2749,45,49,E,T,0
2749,45,49,E,R,0
2749,45,49,S,L,0
2749,45,49,S,T,0
2749,45,49,S,R,0
2749,45,49,W,L,0
2749,45,49,W,T,0
2749,45,49,W,R,0
2750,45,50,N,L,0
2750,45,50,N,T,1
2750,45,50,N,R,0
2750,45,50,E,L,0
2750,45,50,E,T,1
2750,45,50,E,R,0
2750,45,50,S,L,0
2750,45,50,S,T,0
2750,45,50,S,R,0
2750,45,50,W,L,0
2750,45,50,W,T,0
2750,45,50,W,R,0
2751,45,51,N,L,0
2751,45,51,N,T,0
2751,45,51,N,R,1
2751,45,51,E,L,0
2751,45,51,E,T,1
2751,45,51,E,R,0
2751,45,51,S,L,0
2751,45,51,S,T,0
2751,45,51,S,R,0
2751,45,51,W,L,1
2751,45,51,W,T,0
2751,45,51,W,R,0
2752,45,52,N,L,0
2752,45,52,N,T,0
2752,45,52,N,R,0
2752,45,52,E,L,0
2752,45,52,E,T,0
2752,45,52,E,R,0
2752,45,52,S,L,0
2752,45,52,S,T,1
2752,45,52,S,R,0
2752,45,52,W,L,0
2752,45,52,W,T,0
2752,45,52,W,R,0
2753,45,53,N,L,0
2753,45,53,N,T,0
2753,45,53,N,R,0
2753,45,53,E,L,0
2753,45,53,E,T,0
2753,45,53,E,R,0
2753,45,53,S,L,0
2753,45,53,S,T,0
2753,45,53,S,R,0
2753,45,53,W,L,0
2753,45,53,W,T,0
2753,45,53,W,R,1
2754,45,54,N,L,0
2754,45,54,N,T,1
2754,45,54,N,R,0
2754,45,54,E,L,1
2754,45,54,E,T,0
2754,45,54,E,R,0
2754,45,54,S,L,0
2754,45,54,S,T,0
2754,45,54,S,R,0
2754,45,54,W,L,0
2754,45,54,W,T,0
2754,45,54,W,R,0
2755,45,55,N,L,0
2755,45,55,N,T,1
2755,45,55,N,R,0
2755,45,55,E,L,0
2755,45,55,E,T,0
2755,45,55,E,R,0
2755,45,55,S,L,0
2755,45,55,S,T,0
2755,45,55,S,R,0
2755,45,55,W,L,0
2755,45,55,W,T,0
2755,45,55,W,R,0
2756,45,56,N,L,0
2756,45,56,N,T,0
2756,45,56,N,R,0
2756,45,56,E,L,0
2756,45,56,E,T,0
2756,45,56,E,R,0
2756,45,56,S,L,0
2756,45,56,S,T,0
2756,45,56,S,R,0
2756,45,56,W,L,0
2756,45,56,W,T,1
2756,45,56,W,R,0
2757,45,57,N,L,1
2757,45,57,N,T,0
2757,45,57,N,R,0
2757,45,57,E,L,0
2757,45,57,E,T,1
2757,45,57,E,R,0
2757,45,57,S,L,0
2757,45,57,S,T,0
2757,45,57,S,R,0
2757,45,57,W,L,0
2757,45,57,W,T,1
2757,45,57,W,R,0
2758,45,58,N,L,0
2758,45,58,N,T,1
2758,45,58,N,R,0
2758,45,58,E,L,0
2758,45,58,E,T,0
2758,45,58,E,R,0
2758,45,58,S,L,0
2758,45,58,S,T,0
2758,45,58,S,R,0
2758,45,58,W,L,0
2758,45,58,W,T,2
2758,45,58,W,R,0
2759,45,59,N,L,0
2759,45,59,N,T,0
2759,45,59,N,R,0
2759,45,59,E,L,0
2759,45,59,E,T,1
2759,45,59,E,R,0
2759,45,59,S,L,0
2759,45,59,S,T,0
2759,45,59,S,R,0
2759,45,59,W,L,0
2759,45,59,W,T,1
2759,45,59,W,R,0
2760,46,00,N,L,0
2760,46,00,N,T,0
2760,46,00,N,R,0
2760,46,00,E,L,0
2760,46,00,E,T,1
2760,46,00,E,R,0
2760,46,00,S,L,0
2760,46,00,S,T,0
2760,46,00,S,R,0
2760,46,00,W,L,1
2760,46,00,W,T,1
2760,46,00,W,R,0
2761,46,01,N,L,0
2761,46,01,N,T,0
2761,46,01,N,R,0
2761,46,01,E,L,0
2761,46,01,E,T,0
2761,46,01,E,R,0
2761,46,01,S,L,0
2761,46,01,S,T,0
2761,46,01,S,R,1
2761,46,01,W,L,0
2761,46,01,W,T,0
2761,46,01,W,R,0
2762,46,02,N,L,0
2762,46,02,N,T,0
2762,46,02,N,R,0
2762,46,02,E,L,0
2762,46,02,E,T,0
2762,46,02,E,R,0
2762,46,02,S,L,0
2762,46,02,S,T,0
2762,46,02,S,R,0
2762,46,02,W,L,0
2762,46,02,W,T,0
2762,46,02,W,R,0
2763,46,03,N,L,0
2763,46,03,N,T,0
2763,46,03,N,R,0
2763,46,03,E,L,0
2763,46,03,E,T,0
2763,46,03,E,R,0
2763,46,03,S,L,0
2763,46,03,S,T,0
2763,46,03,S,R,0
2763,46,03,W,L,0
2763,46,03,W,T,0
2763,46,03,W,R,0
2764,46,04,N,L,0
2764,46,04,N,T,0
2764,46,04,N,R,0
2764,46,04,E,L,0
2764,46,04,E,T,0
2764,46,04,E,R,0
2764,46,04,S,L,0
2764,46,04,S,T,0
2764,46,04,S,R,0
2764,46,04,W,L,0
2764,46,04,W,T,0
2764,46,04,W,R,0
2765,46,05,N,L,1
2765,46,05,N,T,0
2765,46,05,N,R,0
2765,46,05,E,L,0
2765,46,05,E,T,0
2765,46,05,E,R,0
2765,46,05,S,L,0
2765,46,05,S,T,0
2765,46,05,S,R,0
2765,46,05,W,L,0
2765,46,05,W,T,0
2765,46,05,W,R,0
2766,46,06,N,L,0
2766,46,06,N,T,0
2766,46,06,N,R,0
2766,46,06,E,L,0
2766,46,06,E,T,0
2766,46,06,E,R,0
2766,46,06,S,L,0
2766,46,06,S,T,0
2766,46,06,S,R,0
2766,46,06,W,L,0
2766,46,06,W,T,0
2766,46,06,W,R,0
2767,46,07,N,L,0
2767,46,07,N,T,0
2767,46,07,N,R,0
2767,46,07,E,L,0
2767,46,07,E,T,0
2767,46,07,E,R,0
2767,46,07,S,L,0
2767,46,07,S,T,1
2767,46,07,S,R,0
2767,46,07,W,L,0
2767,46,07,W,T,0
2767,46,07,W,R,0
2768,46,08,N,L,0
2768,46,08,N,T,0
2768,46,08,N,R,0
2768,46,08,E,L,0
2768,46,08,E,T,0
2768,46,08,E,R,0
2768,46,08,S,L,0
2768,46,08,S,T,2
2768,46,08,S,R,0
2768,46,08,W,L,0
2768,46,08,W,T,0
2768,46,08,W,R,0
2769,46,09,N,L,0
2769,46,09,N,T,0
2769,46,09,N,R,0
2769,46,09,E,L,0
2769,46,09,E,T,0
2769,46,09,E,R,0
2769,46,09,S,L,0
2769,46,09,S,T,0
2769,46,09,S,R,0
2769,46,09,W,L,0
2769,46,09,W,T,0
2769,46,09,W,R,0
2770,46,10,N,L,0
2770,46,10,N,T,0
2770,46,10,N,R,0
2770,46,10,E,L,0
2770,46,10,E,T,0
2770,46,10,E,R,0
2770,46,10,S,L,0
2770,46,10,S,T,0
2770,46,10,S,R,0
2770,46,10,W,L,0
2770,46,10,W,T,0
2770,46,10,W,R,0
2771,46,11,N,L,0
2771,46,11,N,T,1
2771,46,11,N,R,0
2771,46,11,E,L,0
2771,46,11,E,T,1
2771,46,11,E,R,0
2771,46,11,S,L,0
2771,46,11,S,T,0
2771,46,11,S,R,0
2771,46,11,W,L,0
2771,46,11,W,T,0
2771,46,11,W,R,0
2772,46,12,N,L,1
2772,46,12,N,T,1
2772,46,12,N,R,1
2772,46,12,E,L,0
2772,46,12,E,T,0
2772,46,12,E,R,0
2772,46,12,S,L,0
2772,46,12,S,T,1
2772,46,12,S,R,0
2772,46,12,W,L,0
2772,46,12,W,T,0
2772,46,12,W,R,0
2773,46,13,N,L,0
2773,46,13,N,T,0
2773,46,13,N,R,0
2773,46,13,E,L,0
2773,46,13,E,T,1
2773,46,13,E,R,0
2773,46,13,S,L,1
2773,46,13,S,T,0
2773,46,13,S,R,0
2773,46,13,W,L,0
2773,46,13,W,T,0
2773,46,13,W,R,0
2774,46,14,N,L,0
2774,46,14,N,T,1
2774,46,14,N,R,0
2774,46,14,E,L,0
2774,46,14,E,T,0
2774,46,14,E,R,0
2774,46,14,S,L,0
2774,46,14,S,T,0
2774,46,14,S,R,0
2774,46,14,W,L,0
2774,46,14,W,T,0
2774,46,14,W,R,0
2775,46,15,N,L,0
2775,46,15,N,T,1
2775,46,15,N,R,0
2775,46,15,E,L,0
2775,46,15,E,T,1
2775,46,15,E,R,0
2775,46,15,S,L,0
2775,46,15,S,T,0
2775,46,15,S,R,0
2775,46,15,W,L,0
2775,46,15,W,T,0
2775,46,15,W,R,0
2776,46,16,N,L,0
2776,46,16,N,T,0
2776,46,16,N,R,0
2776,46,16,E,L,0
2776,46,16,E,T,0
2776,46,16,E,R,0
2776,46,16,S,L,0
2776,46,16,S,T,0
2776,46,16,S,R,0
2776,46,16,W,L,0
2776,46,16,W,T,0
2776,46,16,W,R,0
2777,46,17,N,L,0
2777,46,17,N,T,0
2777,46,17,N,R,0
2777,46,17,E,L,0
2777,46,17,E,T,0
2777,46,17,E,R,0
2777,46,17,S,L,0
2777,46,17,S,T,0
2777,46,17,S,R,0
2777,46,17,W,L,0
2777,46,17,W,T,0
2777,46,17,W,R,0
2778,46,18,N,L,0
2778,46,18,N,T,0
2778,46,18,N,R,0
2778,46,18,E,L,0
2778,46,18,E,T,1
2778,46,18,E,R,0
2778,46,18,S,L,0
2778,46,18,S,T,1
2778,46,18,S,R,0
2778,46,18,W,L,0
2778,46,18,W,T,0
2778,46,18,W,R,0
2779,46,19,N,L,0
2779,46,19,N,T,0
2779,46,19,N,R,0
2779,46,19,E,L,0
2779,46,19,E,T,1
2779,46,19,E,R,0
2779,46,19,S,L,0
2779,46,19,S,T,1
2779,46,19,S,R,0
2779,46,19,W,L,0
2779,46,19,W,T,0
2779,46,19,W,R,0
2780,46,20,N,L,0
2780,46,20,N,T,0
2780,46,20,N,R,0
2780,46,20,E,L,0
2780,46,20,E,T,0
2780,46,20,E,R,0
2780,46,20,S,L,0
2780,46,20,S,T,2
2780,46,20,S,R,0
2780,46,20,W,L,0
2780,46,20,W,T,0
2780,46,20,W,R,0
2781,46,21,N,L,0
2781,46,21,N,T,0
2781,46,21,N,R,0
2781,46,21,E,L,0
2781,46,21,E,T,0
2781,46,21,E,R,0
2781,46,21,S,L,0
2781,46,21,S,T,0
2781,46,21,S,R,0
2781,46,21,W,L,0
2781,46,21,W,T,0
2781,46,21,W,R,0
2782,46,22,N,L,0
2782,46,22,N,T,0
2782,46,22,N,R,0
2782,46,22,E,L,0
2782,46,22,E,T,1
2782,46,22,E,R,0
2782,46,22,S,L,0
2782,46,22,S,T,0
2782,46,22,S,R,1
2782,46,22,W,L,0
2782,46,22,W,T,0
2782,46,22,W,R,0
2783,46,23,N,L,0
2783,46,23,N,T,0
2783,46,23,N,R,0
2783,46,23,E,L,0
2783,46,23,E,T,0
2783,46,23,E,R,0
2783,46,23,S,L,0
2783,46,23,S,T,0
2783,46,23,S,R,0
2783,46,23,W,L,0
2783,46,23,W,T,0
2783,46,23,W,R,0
2784,46,24,N,L,0
2784,46,24,N,T,1
2784,46,24,N,R,0
2784,46,24,E,L,0
2784,46,24,E,T,0
2784,46,24,E,R,0
2784,46,24,S,L,0
2784,46,24,S,T,1
2784,46,24,S,R,0
2784,46,24,W,L,0
2784,46,24,W,T,0
2784,46,24,W,R,0
2785,46,25,N,L,2
2785,46,25,N,T,0
2785,46,25,N,R,0
2785,46,25,E,L,0
2785,46,25,E,T,1
2785,46,25,E,R,0
2785,46,25,S,L,0
2785,46,25,S,T,0
2785,46,25,S,R,0
2785,46,25,W,L,0
2785,46,25,W,T,0
2785,46,25,W,R,0
2786,46,26,N,L,0
2786,46,26,N,T,0
2786,46,26,N,R,0
2786,46,26,E,L,0
2786,46,26,E,T,0
2786,46,26,E,R,0
2786,46,26,S,L,0
2786,46,26,S,T,0
2786,46,26,S,R,0
2786,46,26,W,L,0
2786,46,26,W,T,0
2786,46,26,W,R,0
2787,46,27,N,L,0
2787,46,27,N,T,1
2787,46,27,N,R,0
2787,46,27,E,L,0
2787,46,27,E,T,1
2787,46,27,E,R,0
2787,46,27,S,L,0
2787,46,27,S,T,1
2787,46,27,S,R,0
2787,46,27,W,L,0
2787,46,27,W,T,0
2787,46,27,W,R,0
2788,46,28,N,L,0
2788,46,28,N,T,1
2788,46,28,N,R,0
2788,46,28,E,L,0
2788,46,28,E,T,0
2788,46,28,E,R,0
2788,46,28,S,L,0
2788,46,28,S,T,1
2788,46,28,S,R,0
2788,46,28,W,L,0
2788,46,28,W,T,0
2788,46,28,W,R,0
2789,46,29,N,L,0
2789,46,29,N,T,0
2789,46,29,N,R,0
2789,46,29,E,L,0
2789,46,29,E,T,1
2789,46,29,E,R,0
2789,46,29,S,L,0
2789,46,29,S,T,1
2789,46,29,S,R,0
2789,46,29,W,L,0
2789,46,29,W,T,1
2789,46,29,W,R,0
2790,46,30,N,L,0
2790,46,30,N,T,0
2790,46,30,N,R,1
2790,46,30,E,L,0
2790,46,30,E,T,0
2790,46,30,E,R,0
2790,46,30,S,L,0
2790,46,30,S,T,0
2790,46,30,S,R,0
2790,46,30,W,L,0
2790,46,30,W,T,0
2790,46,30,W,R,0
2791,46,31,N,L,0
2791,46,31,N,T,0
2791,46,31,N,R,0
2791,46,31,E,L,0
2791,46,31,E,T,0
2791,46,31,E,R,1
2791,46,31,S,L,0
2791,46,31,S,T,0
2791,46,31,S,R,0
2791,46,31,W,L,1
2791,46,31,W,T,0
2791,46,31,W,R,0
2792,46,32,N,L,0
2792,46,32,N,T,0
2792,46,32,N,R,0
2792,46,32,E,L,0
2792,46,32,E,T,0
2792,46,32,E,R,0
2792,46,32,S,L,0
2792,46,32,S,T,0
2792,46,32,S,R,0
2792,46,32,W,L,0
2792,46,32,W,T,0
2792,46,32,W,R,0
2793,46,33,N,L,0
2793,46,33,N,T,0
2793,46,33,N,R,0
2793,46,33,E,L,0
2793,46,33,E,T,0
2793,46,33,E,R,0
2793,46,33,S,L,0
2793,46,33,S,T,0
2793,46,33,S,R,0
2793,46,33,W,L,0
2793,46,33,W,T,1
2793,46,33,W,R,0
2794,46,34,N,L,0
2794,46,34,N,T,0
2794,46,34,N,R,0
2794,46,34,E,L,0
2794,46,34,E,T,0
2794,46,34,E,R,0
2794,46,34,S,L,1
2794,46,34,S,T,1
2794,46,34,S,R,0
2794,46,34,W,L,0
2794,46,34,W,T,0
2794,46,34,W,R,0
2795,46,35,N,L,0
2795,46,35,N,T,0
2795,46,35,N,R,0
2795,46,35,E,L,0
2795,46,35,E,T,0
2795,46,35,E,R,0
2795,46,35,S,L,0
2795,46,35,S,T,0
2795,46,35,S,R,0
2795,46,35,W,L,0
2795,46,35,W,T,0
2795,46,35,W,R,0
2796,46,36,N,L,0
2796,46,36,N,T,1
2796,46,36,N,R,0
2796,46,36,E,L,0
2796,46,36,E,T,0
2796,46,36,E,R,0
2796,46,36,S,L,0
2796,46,36,S,T,0
2796,46,36,S,R,0
2796,46,36,W,L,0
2796,46,36,W,T,0
2796,46,36,W,R,0
2797,46,37,N,L,0
2797,46,37,N,T,1
2797,46,37,N,R,0
2797,46,37,E,L,0
2797,46,37,E,T,0
2797,46,37,E,R,0
2797,46,37,S,L,0
2797,46,37,S,T,0
2797,46,37,S,R,0
2797,46,37,W,L,0
2797,46,37,W,T,0
2797,46,37,W,R,0
2798,46,38,N,L,0
2798,46,38,N,T,0
2798,46,38,N,R,0
2798,46,38,E,L,0
2798,46,38,E,T,1
2798,46,38,E,R,0
2798,46,38,S,L,0
2798,46,38,S,T,0
2798,46,38,S,R,0
2798,46,38,W,L,0
2798,46,38,W,T,0
2798,46,38,W,R,0
2799,46,39,N,L,0
2799,46,39,N,T,0
2799,46,39,N,R,0
2799,46,39,E,L,0
2799,46,39,E,T,0
2799,46,39,E,R,0
2799,46,39,S,L,0
2799,46,39,S,T,1
2799,46,39,S,R,0
2799,46,39,W,L,0
2799,46,39,W,T,0
2799,46,39,W,R,0
2800,46,40,N,L,0
2800,46,40,N,T,0
2800,46,40,N,R,1
2800,46,40,E,L,0
2800,46,40,E,T,0
2800,46,40,E,R,0
2800,46,40,S,L,0
2800,46,40,S,T,0
2800,46,40,S,R,0
2800,46,40,W,L,0
2800,46,40,W,T,0
2800,46,40,W,R,0
2801,46,41,N,L,0
2801,46,41,N,T,0
2801,46,41,N,R,0
2801,46,41,E,L,0
2801,46,41,E,T,0
2801,46,41,E,R,0
2801,46,41,S,L,0
2801,46,41,S,T,0
2801,46,41,S,R,0
2801,46,41,W,L,0
2801,46,41,W,T,0
2801,46,41,W,R,0
2802,46,42,N,L,0
2802,46,42,N,T,0
2802,46,42,N,R,0
2802,46,42,E,L,0
2802,46,42,E,T,0
2802,46,42,E,R,0
2802,46,42,S,L,0
2802,46,42,S,T,0
2802,46,42,S,R,0
2802,46,42,W,L,0
2802,46,42,W,T,0
2802,46,42,W,R,0
2803,46,43,N,L,0
2803,46,43,N,T,0
2803,46,43,N,R,0
2803,46,43,E,L,0
2803,46,43,E,T,0
2803,46,43,E,R,0
2803,46,43,S,L,0
2803,46,43,S,T,1
2803,46,43,S,R,0
2803,46,43,W,L,0
2803,46,43,W,T,0
2803,46,43,W,R,0
2804,46,44,N,L,0
2804,46,44,N,T,0
2804,46,44,N,R,0
2804,46,44,E,L,0
2804,46,44,E,T,0
2804,46,44,E,R,0
2804,46,44,S,L,0
2804,46,44,S,T,1
2804,46,44,S,R,0
2804,46,44,W,L,0
2804,46,44,W,T,0
2804,46,44,W,R,1
2805,46,45,N,L,0
2805,46,45,N,T,0
2805,46,45,N,R,0
2805,46,45,E,L,0
2805,46,45,E,T,0
2805,46,45,E,R,0
2805,46,45,S,L,0
2805,46,45,S,T,0
2805,46,45,S,R,0
2805,46,45,W,L,0
2805,46,45,W,T,0
2805,46,45,W,R,0
2806,46,46,N,L,0
2806,46,46,N,T,0
2806,46,46,N,R,0
2806,46,46,E,L,0
2806,46,46,E,T,0
2806,46,46,E,R,0
2806,46,46,S,L,0
2806,46,46,S,T,1
2806,46,46,S,R,0
2806,46,46,W,L,0
2806,46,46,W,T,0
2806,46,46,W,R,0
2807,46,47,N,L,0
2807,46,47,N,T,0
2807,46,47,N,R,0
2807,46,47,E,L,0
2807,46,47,E,T,0
2807,46,47,E,R,0
2807,46,47,S,L,0
2807,46,47,S,T,0
2807,46,47,S,R,0
2807,46,47,W,L,0
2807,46,47,W,T,0
2807,46,47,W,R,0
2808,46,48,N,L,0
2808,46,48,N,T,0
2808,46,48,N,R,0
2808,46,48,E,L,0
2808,46,48,E,T,1
2808,46,48,E,R,0
2808,46,48,S,L,0
2808,46,48,S,T,0
2808,46,48,S,R,0
2808,46,48,W,L,0
2808,46,48,W,T,0
2808,46,48,W,R,0
2809,46,49,N,L,0
2809,46,49,N,T,0
2809,46,49,N,R,0
2809,46,49,E,L,1
2809,46,49,E,T,0
2809,46,49,E,R,0
2809,46,49,S,L,0
2809,46,49,S,T,1
2809,46,49,S,R,0
2809,46,49,W,L,0
2809,46,49,W,T,0
2809,46,49,W,R,0
2810,46,50,N,L,0
2810,46,50,N,T,1
2810,46,50,N,R,0
2810,46,50,E,L,0
2810,46,50,E,T,0
2810,46,50,E,R,0
2810,46,50,S,L,0
2810,46,50,S,T,1
2810,46,50,S,R,0
2810,46,50,W,L,0
2810,46,50,W,T,0
2810,46,50,W,R,0
2811,46,51,N,L,0
2811,46,51,N,T,1
2811,46,51,N,R,0
2811,46,51,E,L,0
2811,46,51,E,T,0
2811,46,51,E,R,0
2811,46,51,S,L,0
2811,46,51,S,T,0
2811,46,51,S,R,0
2811,46,51,W,L,0
2811,46,51,W,T,0
2811,46,51,W,R,0
2812,46,52,N,L,0
2812,46,52,N,T,0
2812,46,52,N,R,0
2812,46,52,E,L,0
2812,46,52,E,T,1
2812,46,52,E,R,0
2812,46,52,S,L,0
2812,46,52,S,T,0
2812,46,52,S,R,0
2812,46,52,W,L,0
2812,46,52,W,T,0
2812,46,52,W,R,0
2813,46,53,N,L,0
2813,46,53,N,T,0
2813,46,53,N,R,0
2813,46,53,E,L,0
2813,46,53,E,T,0
2813,46,53,E,R,0
2813,46,53,S,L,0
2813,46,53,S,T,0
2813,46,53,S,R,0
2813,46,53,W,L,0
2813,46,53,W,T,0
2813,46,53,W,R,0
2814,46,54,N,L,0
2814,46,54,N,T,0
2814,46,54,N,R,0
2814,46,54,E,L,0
2814,46,54,E,T,0
2814,46,54,E,R,0
2814,46,54,S,L,0
2814,46,54,S,T,0
2814,46,54,S,R,1
2814,46,54,W,L,0
2814,46,54,W,T,0
2814,46,54,W,R,0
2815,46,55,N,L,0
2815,46,55,N,T,0
2815,46,55,N,R,0
2815,46,55,E,L,0
2815,46,55,E,T,0
2815,46,55,E,R,0
2815,46,55,S,L,0
2815,46,55,S,T,0
2815,46,55,S,R,0
2815,46,55,W,L,0
2815,46,55,W,T,0
2815,46,55,W,R,0
2816,46,56,N,L,0
2816,46,56,N,T,0
2816,46,56,N,R,0
2816,46,56,E,L,0
2816,46,56,E,T,0
2816,46,56,E,R,0
2816,46,56,S,L,0
2816,46,56,S,T,0
2816,46,56,S,R,0
2816,46,56,W,L,0
2816,46,56,W,T,0
2816,46,56,W,R,0
2817,46,57,N,L,0
2817,46,57,N,T,0
2817,46,57,N,R,1
2817,46,57,E,L,0
2817,46,57,E,T,0
2817,46,57,E,R,0
2817,46,57,S,L,0
2817,46,57,S,T,0
2817,46,57,S,R,0
2817,46,57,W,L,0
2817,46,57,W,T,0
2817,46,57,W,R,0
2818,46,58,N,L,0
2818,46,58,N,T,0
2818,46,58,N,R,0
2818,46,58,E,L,0
2818,46,58,E,T,0
2818,46,58,E,R,0
2818,46,58,S,L,0
2818,46,58,S,T,0
2818,46,58,S,R,0
2818,46,58,W,L,0
2818,46,58,W,T,0
2818,46,58,W,R,0
2819,46,59,N,L,0
2819,46,59,N,T,0
2819,46,59,N,R,0
2819,46,59,E,L,0
2819,46,59,E,T,0
2819,46,59,E,R,0
2819,46,59,S,L,0
2819,46,59,S,T,0
2819,46,59,S,R,0
2819,46,59,W,L,0
2819,46,59,W,T,0
2819,46,59,W,R,0
2820,47,00,N,L,0
2820,47,00,N,T,1
2820,47,00,N,R,0
2820,47,00,E,L,0
2820,47,00,E,T,0
2820,47,00,E,R,0
2820,47,00,S,L,0
2820,47,00,S,T,0
2820,47,00,S,R,0
2820,47,00,W,L,0
2820,47,00,W,T,0
2820,47,00,W,R,0
2821,47,01,N,L,0
2821,47,01,N,T,0
2821,47,01,N,R,0
2821,47,01,E,L,1
2821,47,01,E,T,0
2821,47,01,E,R,0
2821,47,01,S,L,0
2821,47,01,S,T,0
2821,47,01,S,R,0
2821,47,01,W,L,0
2821,47,01,W,T,2
2821,47,01,W,R,0
2822,47,02,N,L,0
2822,47,02,N,T,0
2822,47,02,N,R,0
2822,47,02,E,L,0
2822,47,02,E,T,0
2822,47,02,E,R,0
2822,47,02,S,L,0
2822,47,02,S,T,0
2822,47,02,S,R,0
2822,47,02,W,L,0
2822,47,02,W,T,0
2822,47,02,W,R,0
2823,47,03,N,L,0
2823,47,03,N,T,0
2823,47,03,N,R,0
2823,47,03,E,L,0
2823,47,03,E,T,1
2823,47,03,E,R,0
2823,47,03,S,L,0
2823,47,03,S,T,0
2823,47,03,S,R,0
2823,47,03,W,L,0
2823,47,03,W,T,0
2823,47,03,W,R,0
2824,47,04,N,L,0
2824,47,04,N,T,0
2824,47,04,N,R,0
2824,47,04,E,L,0
2824,47,04,E,T,0
2824,47,04,E,R,0
2824,47,04,S,L,0
2824,47,04,S,T,0
2824,47,04,S,R,0
2824,47,04,W,L,0
2824,47,04,W,T,0
2824,47,04,W,R,0
2825,47,05,N,L,0
2825,47,05,N,T,0
2825,47,05,N,R,0
2825,47,05,E,L,0
2825,47,05,E,T,0
2825,47,05,E,R,0
2825,47,05,S,L,0
2825,47,05,S,T,0
2825,47,05,S,R,0
2825,47,05,W,L,0
2825,47,05,W,T,0
2825,47,05,W,R,0
2826,47,06,N,L,1
2826,47,06,N,T,0
2826,47,06,N,R,0
2826,47,06,E,L,0
2826,47,06,E,T,0
2826,47,06,E,R,0
2826,47,06,S,L,0
2826,47,06,S,T,2
2826,47,06,S,R,0
2826,47,06,W,L,0
2826,47,06,W,T,0
2826,47,06,W,R,0
2827,47,07,N,L,0
2827,47,07,N,T,0
2827,47,07,N,R,0
2827,47,07,E,L,0
2827,47,07,E,T,0
2827,47,07,E,R,0
2827,47,07,S,L,0
2827,47,07,S,T,0
2827,47,07,S,R,0
2827,47,07,W,L,0
2827,47,07,W,T,1
2827,47,07,W,R,0
2828,47,08,N,L,0
2828,47,08,N,T,0
2828,47,08,N,R,0
2828,47,08,E,L,0
2828,47,08,E,T,0
2828,47,08,E,R,0
2828,47,08,S,L,0
2828,47,08,S,T,1
2828,47,08,S,R,0
2828,47,08,W,L,0
2828,47,08,W,T,0
2828,47,08,W,R,0
2829,47,09,N,L,0
2829,47,09,N,T,0
2829,47,09,N,R,0
2829,47,09,E,L,0
2829,47,09,E,T,0
2829,47,09,E,R,0
2829,47,09,S,L,0
2829,47,09,S,T,0
2829,47,09,S,R,0
2829,47,09,W,L,0
2829,47,09,W,T,0
2829,47,09,W,R,0
2830,47,10,N,L,0
2830,47,10,N,T,0
2830,47,10,N,R,0
2830,47,10,E,L,0
2830,47,10,E,T,0
2830,47,10,E,R,0
2830,47,10,S,L,0
2830,47,10,S,T,0
2830,47,10,S,R,0
2830,47,10,W,L,0
2830,47,10,W,T,0
2830,47,10,W,R,0
2831,47,11,N,L,0
2831,47,11,N,T,0
2831,47,11,N,R,0
2831,47,11,E,L,0
2831,47,11,E,T,0
2831,47,11,E,R,0
2831,47,11,S,L,0
2831,47,11,S,T,1
2831,47,11,S,R,0
2831,47,11,W,L,0
2831,47,11,W,T,1
2831,47,11,W,R,0
2832,47,12,N,L,0
2832,47,12,N,T,0
2832,47,12,N,R,0
2832,47,12,E,L,0
2832,47,12,E,T,0
2832,47,12,E,R,0
2832,47,12,S,L,0
2832,47,12,S,T,0
2832,47,12,S,R,0
2832,47,12,W,L,0
2832,47,12,W,T,0
2832,47,12,W,R,0
2833,47,13,N,L,0
2833,47,13,N,T,0
2833,47,13,N,R,0
2833,47,13,E,L,0
2833,47,13,E,T,0
2833,47,13,E,R,0
2833,47,13,S,L,0
2833,47,13,S,T,0
2833,47,13,S,R,0
2833,47,13,W,L,0
2833,47,13,W,T,0
2833,47,13,W,R,0
2834,47,14,N,L,0
2834,47,14,N,T,0
2834,47,14,N,R,0
2834,47,14,E,L,0
2834,47,14,E,T,1
2834,47,14,E,R,0
2834,47,14,S,L,0
2834,47,14,S,T,0
2834,47,14,S,R,0
2834,47,14,W,L,0
2834,47,14,W,T,1
2834,47,14,W,R,1
2835,47,15,N,L,0
2835,47,15,N,T,0
2835,47,15,N,R,0
2835,47,15,E,L,0
2835,47,15,E,T,0
2835,47,15,E,R,0
2835,47,15,S,L,1
2835,47,15,S,T,0
2835,47,15,S,R,0
2835,47,15,W,L,0
2835,47,15,W,T,0
2835,47,15,W,R,0
2836,47,16,N,L,0
2836,47,16,N,T,0
2836,47,16,N,R,0
2836,47,16,E,L,0
2836,47,16,E,T,0
2836,47,16,E,R,0
2836,47,16,S,L,0
2836,47,16,S,T,0
2836,47,16,S,R,0
2836,47,16,W,L,0
2836,47,16,W,T,1
2836,47,16,W,R,0
2837,47,17,N,L,0
2837,47,17,N,T,0
2837,47,17,N,R,0
2837,47,17,E,L,0
2837,47,17,E,T,1
2837,47,17,E,R,0
2837,47,17,S,L,0
2837,47,17,S,T,0
2837,47,17,S,R,0
2837,47,17,W,L,0
2837,47,17,W,T,0
2837,47,17,W,R,0
2838,47,18,N,L,0
2838,47,18,N,T,0
2838,47,18,N,R,0
2838,47,18,E,L,0
2838,47,18,E,T,0
2838,47,18,E,R,0
2838,47,18,S,L,0
2838,47,18,S,T,0
2838,47,18,S,R,0
2838,47,18,W,L,0
2838,47,18,W,T,0
2838,47,18,W,R,0
2839,47,19,N,L,0
2839,47,19,N,T,1
2839,47,19,N,R,0
2839,47,19,E,L,0
2839,47,19,E,T,0
2839,47,19,E,R,0
2839,47,19,S,L,0
2839,47,19,S,T,0
2839,47,19,S,R,0
2839,47,19,W,L,0
2839,47,19,W,T,0
2839,47,19,W,R,0
2840,47,20,N,L,0
2840,47,20,N,T,0
2840,47,20,N,R,0
2840,47,20,E,L,0
2840,47,20,E,T,0
2840,47,20,E,R,0
2840,47,20,S,L,0
2840,47,20,S,T,0
2840,47,20,S,R,0
2840,47,20,W,L,0
2840,47,20,W,T,0
2840,47,20,W,R,0
2841,47,21,N,L,0
2841,47,21,N,T,0
2841,47,21,N,R,0
2841,47,21,E,L,0
2841,47,21,E,T,0
2841,47,21,E,R,0
2841,47,21,S,L,0
2841,47,21,S,T,2
2841,47,21,S,R,0
2841,47,21,W,L,0
2841,47,21,W,T,0
2841,47,21,W,R,1
2842,47,22,N,L,0
2842,47,22,N,T,0
2842,47,22,N,R,0
2842,47,22,E,L,0
2842,47,22,E,T,0
2842,47,22,E,R,0
2842,47,22,S,L,0
2842,47,22,S,T,0
2842,47,22,S,R,0
2842,47,22,W,L,0
2842,47,22,W,T,0
2842,47,22,W,R,0
2843,47,23,N,L,0
2843,47,23,N,T,0
2843,47,23,N,R,1
2843,47,23,E,L,0
2843,47,23,E,T,0
2843,47,23,E,R,0
2843,47,23,S,L,0
2843,47,23,S,T,0
2843,47,23,S,R,0
2843,47,23,W,L,0
2843,47,23,W,T,1
2843,47,23,W,R,0
2844,47,24,N,L,0
2844,47,24,N,T,1
2844,47,24,N,R,0
2844,47,24,E,L,0
2844,47,24,E,T,0
2844,47,24,E,R,0
2844,47,24,S,L,0
2844,47,24,S,T,0
2844,47,24,S,R,0
2844,47,24,W,L,0
2844,47,24,W,T,0
2844,47,24,W,R,0
2845,47,25,N,L,0
2845,47,25,N,T,0
2845,47,25,N,R,0
2845,47,25,E,L,0
2845,47,25,E,T,1
2845,47,25,E,R,0
2845,47,25,S,L,0
2845,47,25,S,T,0
2845,47,25,S,R,0
2845,47,25,W,L,0
2845,47,25,W,T,1
2845,47,25,W,R,0
2846,47,26,N,L,0
2846,47,26,N,T,1
2846,47,26,N,R,0
2846,47,26,E,L,0
2846,47,26,E,T,0
2846,47,26,E,R,0
2846,47,26,S,L,1
2846,47,26,S,T,0
2846,47,26,S,R,0
2846,47,26,W,L,0
2846,47,26,W,T,0
2846,47,26,W,R,0
2847,47,27,N,L,0
2847,47,27,N,T,0
2847,47,27,N,R,0
2847,47,27,E,L,0
2847,47,27,E,T,0
2847,47,27,E,R,0
2847,47,27,S,L,0
2847,47,27,S,T,0
2847,47,27,S,R,0
2847,47,27,W,L,0
2847,47,27,W,T,0
2847,47,27,W,R,0
2848,47,28,N,L,0
2848,47,28,N,T,0
2848,47,28,N,R,0
2848,47,28,E,L,0
2848,47,28,E,T,0
2848,47,28,E,R,0
2848,47,28,S,L,0
2848,47,28,S,T,0
2848,47,28,S,R,0
2848,47,28,W,L,0
2848,47,28,W,T,0
2848,47,28,W,R,0
2849,47,29,N,L,0
2849,47,29,N,T,0
2849,47,29,N,R,0
2849,47,29,E,L,0
2849,47,29,E,T,0
2849,47,29,E,R,0
2849,47,29,S,L,0
2849,47,29,S,T,2
2849,47,29,S,R,0
2849,47,29,W,L,0
2849,47,29,W,T,0
2849,47,29,W,R,0
2850,47,30,N,L,0
2850,47,30,N,T,0
2850,47,30,N,R,0
2850,47,30,E,L,0
2850,47,30,E,T,0
2850,47,30,E,R,0
2850,47,30,S,L,0
2850,47,30,S,T,0
2850,47,30,S,R,0
2850,47,30,W,L,0
2850,47,30,W,T,0
2850,47,30,W,R,0
2851,47,31,N,L,0
2851,47,31,N,T,0
2851,47,31,N,R,1
2851,47,31,E,L,0
2851,47,31,E,T,0
2851,47,31,E,R,0
2851,47,31,S,L,0
2851,47,31,S,T,0
2851,47,31,S,R,1
2851,47,31,W,L,0
2851,47,31,W,T,0
2851,47,31,W,R,0
2852,47,32,N,L,0
2852,47,32,N,T,1
2852,47,32,N,R,0
2852,47,32,E,L,0
2852,47,32,E,T,0
2852,47,32,E,R,0
2852,47,32,S,L,0
2852,47,32,S,T,0
2852,47,32,S,R,0
2852,47,32,W,L,0
2852,47,32,W,T,1
2852,47,32,W,R,0
2853,47,33,N,L,0
2853,47,33,N,T,0
2853,47,33,N,R,0
2853,47,33,E,L,0
2853,47,33,E,T,0
2853,47,33,E,R,0
2853,47,33,S,L,0
2853,47,33,S,T,0
2853,47,33,S,R,0
2853,47,33,W,L,0
2853,47,33,W,T,0
2853,47,33,W,R,0
2854,47,34,N,L,0
2854,47,34,N,T,0
2854,47,34,N,R,0
2854,47,34,E,L,0
2854,47,34,E,T,0
2854,47,34,E,R,1
2854,47,34,S,L,0
2854,47,34,S,T,1
2854,47,34,S,R,0
2854,47,34,W,L,0
2854,47,34,W,T,0
2854,47,34,W,R,0
2855,47,35,N,L,0
2855,47,35,N,T,0
2855,47,35,N,R,0
2855,47,35,E,L,0
2855,47,35,E,T,1
2855,47,35,E,R,0
2855,47,35,S,L,0
2855,47,35,S,T,0
2855,47,35,S,R,0
2855,47,35,W,L,0
2855,47,35,W,T,0
2855,47,35,W,R,0
2856,47,36,N,L,0
2856,47,36,N,T,1
2856,47,36,N,R,0
2856,47,36,E,L,0
2856,47,36,E,T,0
2856,47,36,E,R,0
2856,47,36,S,L,0
2856,47,36,S,T,0
2856,47,36,S,R,0
2856,47,36,W,L,0
2856,47,36,W,T,1
2856,47,36,W,R,0
2857,47,37,N,L,0
2857,47,37,N,T,0
2857,47,37,N,R,0
2857,47,37,E,L,0
2857,47,37,E,T,0
2857,47,37,E,R,0
2857,47,37,S,L,0
2857,47,37,S,T,0
2857,47,37,S,R,0
2857,47,37,W,L,0
2857,47,37,W,T,0
2857,47,37,W,R,0
2858,47,38,N,L,0
2858,47,38,N,T,0
2858,47,38,N,R,0
2858,47,38,E,L,0
2858,47,38,E,T,0
2858,47,38,E,R,0
2858,47,38,S,L,0
2858,47,38,S,T,0
2858,47,38,S,R,0
2858,47,38,W,L,0
2858,47,38,W,T,0
2858,47,38,W,R,1
2859,47,39,N,L,0
2859,47,39,N,T,0
2859,47,39,N,R,0
2859,47,39,E,L,0
2859,47,39,E,T,0
2859,47,39,E,R,0
2859,47,39,S,L,0
2859,47,39,S,T,0
2859,47,39,S,R,0
2859,47,39,W,L,0
2859,47,39,W,T,1
2859,47,39,W,R,0
2860,47,40,N,L,0
2860,47,40,N,T,1
2860,47,40,N,R,0
2860,47,40,E,L,0
2860,47,40,E,T,0
2860,47,40,E,R,0
2860,47,40,S,L,0
2860,47,40,S,T,0
2860,47,40,S,R,0
2860,47,40,W,L,0
2860,47,40,W,T,0
2860,47,40,W,R,0
2861,47,41,N,L,0
2861,47,41,N,T,0
2861,47,41,N,R,0
2861,47,41,E,L,0
2861,47,41,E,T,0
2861,47,41,E,R,0
2861,47,41,S,L,0
2861,47,41,S,T,0
2861,47,41,S,R,0
2861,47,41,W,L,0
2861,47,41,W,T,0
2861,47,41,W,R,0
2862,47,42,N,L,0
2862,47,42,N,T,1
2862,47,42,N,R,0
2862,47,42,E,L,0
2862,47,42,E,T,0
2862,47,42,E,R,0
2862,47,42,S,L,0
2862,47,42,S,T,1
2862,47,42,S,R,0
2862,47,42,W,L,0
2862,47,42,W,T,0
2862,47,42,W,R,0
2863,47,43,N,L,0
2863,47,43,N,T,0
2863,47,43,N,R,0
2863,47,43,E,L,0
2863,47,43,E,T,0
2863,47,43,E,R,0
2863,47,43,S,L,0
2863,47,43,S,T,0
2863,47,43,S,R,0
2863,47,43,W,L,0
2863,47,43,W,T,0
2863,47,43,W,R,0
2864,47,44,N,L,0
2864,47,44,N,T,0
2864,47,44,N,R,0
2864,47,44,E,L,0
2864,47,44,E,T,0
2864,47,44,E,R,0
2864,47,44,S,L,0
2864,47,44,S,T,0
2864,47,44,S,R,0
2864,47,44,W,L,0
2864,47,44,W,T,1
2864,47,44,W,R,0
2865,47,45,N,L,0
2865,47,45,N,T,0
2865,47,45,N,R,0
2865,47,45,E,L,0
2865,47,45,E,T,0
2865,47,45,E,R,0
2865,47,45,S,L,0
2865,47,45,S,T,0
2865,47,45,S,R,0
2865,47,45,W,L,0
2865,47,45,W,T,0
2865,47,45,W,R,0
2866,47,46,N,L,0
2866,47,46,N,T,0
2866,47,46,N,R,0
2866,47,46,E,L,0
2866,47,46,E,T,0
2866,47,46,E,R,0
2866,47,46,S,L,0
2866,47,46,S,T,0
2866,47,46,S,R,1
2866,47,46,W,L,0
2866,47,46,W,T,0
2866,47,46,W,R,0
2867,47,47,N,L,0
2867,47,47,N,T,0
2867,47,47,N,R,0
2867,47,47,E,L,0
2867,47,47,E,T,0
2867,47,47,E,R,0
2867,47,47,S,L,0
2867,47,47,S,T,1
2867,47,47,S,R,0
2867,47,47,W,L,0
2867,47,47,W,T,0
2867,47,47,W,R,0
2868,47,48,N,L,0
2868,47,48,N,T,0
2868,47,48,N,R,0
2868,47,48,E,L,0
2868,47,48,E,T,0
2868,47,48,E,R,0
2868,47,48,S,L,0
2868,47,48,S,T,0
2868,47,48,S,R,0
2868,47,48,W,L,0
2868,47,48,W,T,0
2868,47,48,W,R,0
2869,47,49,N,L,0
2869,47,49,N,T,0
2869,47,49,N,R,0
2869,47,49,E,L,0
2869,47,49,E,T,0
2869,47,49,E,R,0
2869,47,49,S,L,0
2869,47,49,S,T,0
2869,47,49,S,R,0
2869,47,49,W,L,0
2869,47,49,W,T,0
2869,47,49,W,R,0
2870,47,50,N,L,0
2870,47,50,N,T,0
2870,47,50,N,R,0
2870,47,50,E,L,0
2870,47,50,E,T,0
2870,47,50,E,R,0
2870,47,50,S,L,0
2870,47,50,S,T,0
2870,47,50,S,R,0
2870,47,50,W,L,0
2870,47,50,W,T,0
2870,47,50,W,R,0
2871,47,51,N,L,0
2871,47,51,N,T,0
2871,47,51,N,R,0
2871,47,51,E,L,0
2871,47,51,E,T,0
2871,47,51,E,R,0
2871,47,51,S,L,0
2871,47,51,S,T,0
2871,47,51,S,R,0
2871,47,51,W,L,0
2871,47,51,W,T,1
2871,47,51,W,R,0
2872,47,52,N,L,0
2872,47,52,N,T,0
2872,47,52,N,R,0
2872,47,52,E,L,0
2872,47,52,E,T,0
2872,47,52,E,R,0
2872,47,52,S,L,0
2872,47,52,S,T,1
2872,47,52,S,R,1
2872,47,52,W,L,0
2872,47,52,W,T,0
2872,47,52,W,R,0
2873,47,53,N,L,0
2873,47,53,N,T,0
2873,47,53,N,R,0
2873,47,53,E,L,0
2873,47,53,E,T,0
2873,47,53,E,R,1
2873,47,53,S,L,0
2873,47,53,S,T,0
2873,47,53,S,R,0
2873,47,53,W,L,1
2873,47,53,W,T,0
2873,47,53,W,R,0
2874,47,54,N,L,0
2874,47,54,N,T,0
2874,47,54,N,R,0
2874,47,54,E,L,0
2874,47,54,E,T,0
2874,47,54,E,R,0
2874,47,54,S,L,0
2874,47,54,S,T,2
2874,47,54,S,R,0
2874,47,54,W,L,0
2874,47,54,W,T,1
2874,47,54,W,R,0
2875,47,55,N,L,0
2875,47,55,N,T,1
2875,47,55,N,R,0
2875,47,55,E,L,0
2875,47,55,E,T,0
2875,47,55,E,R,0
2875,47,55,S,L,0
2875,47,55,S,T,0
2875,47,55,S,R,0
2875,47,55,W,L,0
2875,47,55,W,T,0
2875,47,55,W,R,0
2876,47,56,N,L,0
2876,47,56,N,T,1
2876,47,56,N,R,0
2876,47,56,E,L,0
2876,47,56,E,T,0
2876,47,56,E,R,0
2876,47,56,S,L,0
2876,47,56,S,T,1
2876,47,56,S,R,0
2876,47,56,W,L,0
2876,47,56,W,T,0
2876,47,56,W,R,0
2877,47,57,N,L,0
2877,47,57,N,T,0
2877,47,57,N,R,0
2877,47,57,E,L,0
2877,47,57,E,T,1
2877,47,57,E,R,0
2877,47,57,S,L,0
2877,47,57,S,T,0
2877,47,57,S,R,0
2877,47,57,W,L,0
2877,47,57,W,T,0
2877,47,57,W,R,0
2878,47,58,N,L,0
2878,47,58,N,T,0
2878,47,58,N,R,0
2878,47,58,E,L,0
2878,47,58,E,T,0
2878,47,58,E,R,0
2878,47,58,S,L,0
2878,47,58,S,T,0
2878,47,58,S,R,0
2878,47,58,W,L,0
2878,47,58,W,T,0
2878,47,58,W,R,0
2879,47,59,N,L,0
2879,47,59,N,T,0
2879,47,59,N,R,0
2879,47,59,E,L,0
2879,47,59,E,T,0
2879,47,59,E,R,0
2879,47,59,S,L,0
2879,47,59,S,T,0
2879,47,59,S,R,0
2879,47,59,W,L,0
2879,47,59,W,T,1
2879,47,59,W,R,0
2880,48,00,N,L,0
2880,48,00,N,T,0
2880,48,00,N,R,0
2880,48,00,E,L,0
2880,48,00,E,T,0
2880,48,00,E,R,0
2880,48,00,S,L,1
2880,48,00,S,T,0
2880,48,00,S,R,0
2880,48,00,W,L,0
2880,48,00,W,T,1
2880,48,00,W,R,0
2881,48,01,N,L,0
2881,48,01,N,T,1
2881,48,01,N,R,0
2881,48,01,E,L,0
2881,48,01,E,T,0
2881,48,01,E,R,1
2881,48,01,S,L,0
2881,48,01,S,T,1
2881,48,01,S,R,0
2881,48,01,W,L,0
2881,48,01,W,T,0
2881,48,01,W,R,0
2882,48,02,N,L,0
2882,48,02,N,T,0
2882,48,02,N,R,0
2882,48,02,E,L,0
2882,48,02,E,T,1
2882,48,02,E,R,0
2882,48,02,S,L,0
2882,48,02,S,T,0
2882,48,02,S,R,0
2882,48,02,W,L,0
2882,48,02,W,T,0
2882,48,02,W,R,0
2883,48,03,N,L,0
2883,48,03,N,T,1
2883,48,03,N,R,0
2883,48,03,E,L,0
2883,48,03,E,T,0
2883,48,03,E,R,0
2883,48,03,S,L,0
2883,48,03,S,T,0
2883,48,03,S,R,0
2883,48,03,W,L,0
2883,48,03,W,T,0
2883,48,03,W,R,0
2884,48,04,N,L,1
2884,48,04,N,T,0
2884,48,04,N,R,0
2884,48,04,E,L,0
2884,48,04,E,T,0
2884,48,04,E,R,0
2884,48,04,S,L,0
2884,48,04,S,T,0
2884,48,04,S,R,0
2884,48,04,W,L,0
2884,48,04,W,T,0
2884,48,04,W,R,0
2885,48,05,N,L,0
2885,48,05,N,T,0
2885,48,05,N,R,0
2885,48,05,E,L,0
2885,48,05,E,T,1
2885,48,05,E,R,0
2885,48,05,S,L,0
2885,48,05,S,T,0
2885,48,05,S,R,0
2885,48,05,W,L,0
2885,48,05,W,T,0
2885,48,05,W,R,0
2886,48,06,N,L,0
2886,48,06,N,T,1
2886,48,06,N,R,0
2886,48,06,E,L,1
2886,48,06,E,T,0
2886,48,06,E,R,0
2886,48,06,S,L,0
2886,48,06,S,T,1
2886,48,06,S,R,0
2886,48,06,W,L,0
2886,48,06,W,T,0
2886,48,06,W,R,0
2887,48,07,N,L,0
2887,48,07,N,T,1
2887,48,07,N,R,0
2887,48,07,E,L,0
2887,48,07,E,T,0
2887,48,07,E,R,0
2887,48,07,S,L,0
2887,48,07,S,T,0
2887,48,07,S,R,0
2887,48,07,W,L,0
2887,48,07,W,T,0
2887,48,07,W,R,0
2888,48,08,N,L,0
2888,48,08,N,T,1
2888,48,08,N,R,0
2888,48,08,E,L,0
2888,48,08,E,T,0
2888,48,08,E,R,0
2888,48,08,S,L,0
2888,48,08,S,T,0
2888,48,08,S,R,0
2888,48,08,W,L,0
2888,48,08,W,T,0
2888,48,08,W,R,0
2889,48,09,N,L,0
2889,48,09,N,T,0
2889,48,09,N,R,0
2889,48,09,E,L,0
2889,48,09,E,T,0
2889,48,09,E,R,0
2889,48,09,S,L,0
2889,48,09,S,T,1
2889,48,09,S,R,0
2889,48,09,W,L,0
2889,48,09,W,T,0
2889,48,09,W,R,0
2890,48,10,N,L,0
2890,48,10,N,T,0
2890,48,10,N,R,0
2890,48,10,E,L,0
2890,48,10,E,T,3
2890,48,10,E,R,0
2890,48,10,S,L,0
2890,48,10,S,T,0
2890,48,10,S,R,0
2890,48,10,W,L,0
2890,48,10,W,T,0
2890,48,10,W,R,0
2891,48,11,N,L,0
2891,48,11,N,T,0
2891,48,11,N,R,0
2891,48,11,E,L,0
2891,48,11,E,T,0
2891,48,11,E,R,0
2891,48,11,S,L,0
2891,48,11,S,T,0
2891,48,11,S,R,0
2891,48,11,W,L,0
2891,48,11,W,T,0
2891,48,11,W,R,0
2892,48,12,N,L,0
2892,48,12,N,T,0
2892,48,12,N,R,0
2892,48,12,E,L,1
2892,48,12,E,T,0
2892,48,12,E,R,0
2892,48,12,S,L,0
2892,48,12,S,T,0
2892,48,12,S,R,0
2892,48,12,W,L,0
2892,48,12,W,T,1
2892,48,12,W,R,0
2893,48,13,N,L,0
2893,48,13,N,T,0
2893,48,13,N,R,0
2893,48,13,E,L,0
2893,48,13,E,T,0
2893,48,13,E,R,0
2893,48,13,S,L,0
2893,48,13,S,T,0
2893,48,13,S,R,0
2893,48,13,W,L,0
2893,48,13,W,T,0
2893,48,13,W,R,0
2894,48,14,N,L,0
2894,48,14,N,T,0
2894,48,14,N,R,0
2894,48,14,E,L,0
2894,48,14,E,T,0
2894,48,14,E,R,0
2894,48,14,S,L,0
2894,48,14,S,T,0
2894,48,14,S,R,0
2894,48,14,W,L,0
2894,48,14,W,T,0
2894,48,14,W,R,0
2895,48,15,N,L,0
2895,48,15,N,T,1
2895,48,15,N,R,0
2895,48,15,E,L,0
2895,48,15,E,T,0
2895,48,15,E,R,0
2895,48,15,S,L,0
2895,48,15,S,T,0
2895,48,15,S,R,0
2895,48,15,W,L,0
2895,48,15,W,T,0
2895,48,15,W,R,0
2896,48,16,N,L,0
2896,48,16,N,T,0
2896,48,16,N,R,0
2896,48,16,E,L,0
2896,48,16,E,T,0
2896,48,16,E,R,0
2896,48,16,S,L,0
2896,48,16,S,T,0
2896,48,16,S,R,0
2896,48,16,W,L,0
2896,48,16,W,T,1
2896,48,16,W,R,0
2897,48,17,N,L,0
2897,48,17,N,T,1
2897,48,17,N,R,0
2897,48,17,E,L,0
2897,48,17,E,T,0
2897,48,17,E,R,0
2897,48,17,S,L,0
2897,48,17,S,T,0
2897,48,17,S,R,0
2897,48,17,W,L,0
2897,48,17,W,T,0
2897,48,17,W,R,0
2898,48,18,N,L,0
2898,48,18,N,T,0
2898,48,18,N,R,0
2898,48,18,E,L,0
2898,48,18,E,T,0
2898,48,18,E,R,0
2898,48,18,S,L,0
2898,48,18,S,T,1
2898,48,18,S,R,0
2898,48,18,W,L,0
2898,48,18,W,T,0
2898,48,18,W,R,0
2899,48,19,N,L,0
2899,48,19,N,T,0
2899,48,19,N,R,0
2899,48,19,E,L,0
2899,48,19,E,T,0
2899,48,19,E,R,0
2899,48,19,S,L,0
2899,48,19,S,T,0
2899,48,19,S,R,0
2899,48,19,W,L,0
2899,48,19,W,T,0
2899,48,19,W,R,0
2900,48,20,N,L,0
2900,48,20,N,T,1
2900,48,20,N,R,0
2900,48,20,E,L,0
2900,48,20,E,T,0
2900,48,20,E,R,0
2900,48,20,S,L,0
2900,48,20,S,T,0
2900,48,20,S,R,0
2900,48,20,W,L,0
2900,48,20,W,T,0
2900,48,20,W,R,0
2901,48,21,N,L,0
2901,48,21,N,T,0
2901,48,21,N,R,0
2901,48,21,E,L,0
2901,48,21,E,T,0
2901,48,21,E,R,0
2901,48,21,S,L,0
2901,48,21,S,T,1
2901,48,21,S,R,0
2901,48,21,W,L,0
2901,48,21,W,T,0
2901,48,21,W,R,0
2902,48,22,N,L,0
2902,48,22,N,T,0
2902,48,22,N,R,0
2902,48,22,E,L,0
2902,48,22,E,T,0
2902,48,22,E,R,0
2902,48,22,S,L,0
2902,48,22,S,T,0
2902,48,22,S,R,0
2902,48,22,W,L,0
2902,48,22,W,T,0
2902,48,22,W,R,1
2903,48,23,N,L,0
2903,48,23,N,T,0
2903,48,23,N,R,0
2903,48,23,E,L,0
2903,48,23,E,T,0
2903,48,23,E,R,0
2903,48,23,S,L,1
2903,48,23,S,T,1
2903,48,23,S,R,0
2903,48,23,W,L,0
2903,48,23,W,T,0
2903,48,23,W,R,0
2904,48,24,N,L,0
2904,48,24,N,T,0
2904,48,24,N,R,0
2904,48,24,E,L,0
2904,48,24,E,T,1
2904,48,24,E,R,0
2904,48,24,S,L,0
2904,48,24,S,T,1
2904,48,24,S,R,0
2904,48,24,W,L,0
2904,48,24,W,T,0
2904,48,24,W,R,0
2905,48,25,N,L,0
2905,48,25,N,T,0
2905,48,25,N,R,0
2905,48,25,E,L,0
2905,48,25,E,T,1
2905,48,25,E,R,0
2905,48,25,S,L,0
2905,48,25,S,T,0
2905,48,25,S,R,0
2905,48,25,W,L,0
2905,48,25,W,T,0
2905,48,25,W,R,0
2906,48,26,N,L,1
2906,48,26,N,T,1
2906,48,26,N,R,0
2906,48,26,E,L,0
2906,48,26,E,T,0
2906,48,26,E,R,0
2906,48,26,S,L,0
2906,48,26,S,T,0
2906,48,26,S,R,0
2906,48,26,W,L,0
2906,48,26,W,T,1
2906,48,26,W,R,0
2907,48,27,N,L,0
2907,48,27,N,T,0
2907,48,27,N,R,0
2907,48,27,E,L,0
2907,48,27,E,T,0
2907,48,27,E,R,0
2907,48,27,S,L,0
2907,48,27,S,T,0
2907,48,27,S,R,0
2907,48,27,W,L,0
2907,48,27,W,T,1
2907,48,27,W,R,0
2908,48,28,N,L,0
2908,48,28,N,T,1
2908,48,28,N,R,0
2908,48,28,E,L,1
2908,48,28,E,T,1
2908,48,28,E,R,0
2908,48,28,S,L,0
2908,48,28,S,T,1
2908,48,28,S,R,0
2908,48,28,W,L,0
2908,48,28,W,T,0
2908,48,28,W,R,0
2909,48,29,N,L,0
2909,48,29,N,T,0
2909,48,29,N,R,0
2909,48,29,E,L,0
2909,48,29,E,T,0
2909,48,29,E,R,0
2909,48,29,S,L,0
2909,48,29,S,T,1
2909,48,29,S,R,0
2909,48,29,W,L,0
2909,48,29,W,T,0
2909,48,29,W,R,0
2910,48,30,N,L,0
2910,48,30,N,T,1
2910,48,30,N,R,0
2910,48,30,E,L,0
2910,48,30,E,T,0
2910,48,30,E,R,0
2910,48,30,S,L,0
2910,48,30,S,T,0
2910,48,30,S,R,0
2910,48,30,W,L,0
2910,48,30,W,T,0
2910,48,30,W,R,0
2911,48,31,N,L,0
2911,48,31,N,T,0
2911,48,31,N,R,0
2911,48,31,E,L,0
2911,48,31,E,T,0
2911,48,31,E,R,0
2911,48,31,S,L,0
2911,48,31,S,T,1
2911,48,31,S,R,0
2911,48,31,W,L,0
2911,48,31,W,T,0
2911,48,31,W,R,0
2912,48,32,N,L,0
2912,48,32,N,T,0
2912,48,32,N,R,0
2912,48,32,E,L,0
2912,48,32,E,T,0
2912,48,32,E,R,0
2912,48,32,S,L,0
2912,48,32,S,T,1
2912,48,32,S,R,0
2912,48,32,W,L,0
2912,48,32,W,T,0
2912,48,32,W,R,0
2913,48,33,N,L,0
2913,48,33,N,T,1
2913,48,33,N,R,0
2913,48,33,E,L,0
2913,48,33,E,T,0
2913,48,33,E,R,0
2913,48,33,S,L,0
2913,48,33,S,T,0
2913,48,33,S,R,0
2913,48,33,W,L,0
2913,48,33,W,T,0
2913,48,33,W,R,0
2914,48,34,N,L,0
2914,48,34,N,T,0
2914,48,34,N,R,0
2914,48,34,E,L,0
2914,48,34,E,T,0
2914,48,34,E,R,0
2914,48,34,S,L,0
2914,48,34,S,T,0
2914,48,34,S,R,0
2914,48,34,W,L,0
2914,48,34,W,T,0
2914,48,34,W,R,0
2915,48,35,N,L,0
2915,48,35,N,T,0
2915,48,35,N,R,0
2915,48,35,E,L,0
2915,48,35,E,T,0
2915,48,35,E,R,0
2915,48,35,S,L,0
2915,48,35,S,T,0
2915,48,35,S,R,1
2915,48,35,W,L,0
2915,48,35,W,T,0
2915,48,35,W,R,0
2916,48,36,N,L,0
2916,48,36,N,T,1
2916,48,36,N,R,0
2916,48,36,E,L,0
2916,48,36,E,T,0
2916,48,36,E,R,0
2916,48,36,S,L,0
2916,48,36,S,T,0
2916,48,36,S,R,0
2916,48,36,W,L,0
2916,48,36,W,T,1
2916,48,36,W,R,0
2917,48,37,N,L,0
2917,48,37,N,T,0
2917,48,37,N,R,0
2917,48,37,E,L,0
2917,48,37,E,T,1
2917,48,37,E,R,0
2917,48,37,S,L,0
2917,48,37,S,T,1
2917,48,37,S,R,0
2917,48,37,W,L,0
2917,48,37,W,T,0
2917,48,37,W,R,0
2918,48,38,N,L,0
2918,48,38,N,T,1
2918,48,38,N,R,0
2918,48,38,E,L,0
2918,48,38,E,T,0
2918,48,38,E,R,0
2918,48,38,S,L,0
2918,48,38,S,T,0
2918,48,38,S,R,0
2918,48,38,W,L,0
2918,48,38,W,T,0
2918,48,38,W,R,0
2919,48,39,N,L,0
2919,48,39,N,T,1
2919,48,39,N,R,0
2919,48,39,E,L,0
2919,48,39,E,T,0
2919,48,39,E,R,0
2919,48,39,S,L,0
2919,48,39,S,T,0
2919,48,39,S,R,0
2919,48,39,W,L,0
2919,48,39,W,T,0
2919,48,39,W,R,0
2920,48,40,N,L,0
2920,48,40,N,T,0
2920,48,40,N,R,0
2920,48,40,E,L,0
2920,48,40,E,T,0
2920,48,40,E,R,1
2920,48,40,S,L,0
2920,48,40,S,T,0
2920,48,40,S,R,0
2920,48,40,W,L,0
2920,48,40,W,T,0
2920,48,40,W,R,0
2921,48,41,N,L,0
2921,48,41,N,T,1
2921,48,41,N,R,0
2921,48,41,E,L,0
2921,48,41,E,T,0
2921,48,41,E,R,0
2921,48,41,S,L,0
2921,48,41,S,T,0
2921,48,41,S,R,0
2921,48,41,W,L,0
2921,48,41,W,T,0
2921,48,41,W,R,0
2922,48,42,N,L,0
2922,48,42,N,T,1
2922,48,42,N,R,0
2922,48,42,E,L,0
2922,48,42,E,T,0
2922,48,42,E,R,0
2922,48,42,S,L,0
2922,48,42,S,T,1
2922,48,42,S,R,0
2922,48,42,W,L,0
2922,48,42,W,T,0
2922,48,42,W,R,0
2923,48,43,N,L,0
2923,48,43,N,T,2
2923,48,43,N,R,0
2923,48,43,E,L,0
2923,48,43,E,T,0
2923,48,43,E,R,0
2923,48,43,S,L,0
2923,48,43,S,T,0
2923,48,43,S,R,0
2923,48,43,W,L,0
2923,48,43,W,T,0
2923,48,43,W,R,0
2924,48,44,N,L,0
2924,48,44,N,T,0
2924,48,44,N,R,0
2924,48,44,E,L,0
2924,48,44,E,T,0
2924,48,44,E,R,0
2924,48,44,S,L,0
2924,48,44,S,T,1
2924,48,44,S,R,0
2924,48,44,W,L,0
2924,48,44,W,T,0
2924,48,44,W,R,0
2925,48,45,N,L,0
2925,48,45,N,T,0
2925,48,45,N,R,0
2925,48,45,E,L,0
2925,48,45,E,T,0
2925,48,45,E,R,0
2925,48,45,S,L,1
2925,48,45,S,T,0
2925,48,45,S,R,0
2925,48,45,W,L,0
2925,48,45,W,T,0
2925,48,45,W,R,0
2926,48,46,N,L,0
2926,48,46,N,T,1
2926,48,46,N,R,0
2926,48,46,E,L,0
2926,48,46,E,T,0
2926,48,46,E,R,0
2926,48,46,S,L,0
2926,48,46,S,T,0
2926,48,46,S,R,0
2926,48,46,W,L,0
2926,48,46,W,T,0
2926,48,46,W,R,0
2927,48,47,N,L,0
2927,48,47,N,T,0
2927,48,47,N,R,0
2927,48,47,E,L,0
2927,48,47,E,T,0
2927,48,47,E,R,0
2927,48,47,S,L,0
2927,48,47,S,T,0
2927,48,47,S,R,1
2927,48,47,W,L,0
2927,48,47,W,T,0
2927,48,47,W,R,0
2928,48,48,N,L,0
2928,48,48,N,T,0
2928,48,48,N,R,0
2928,48,48,E,L,0
2928,48,48,E,T,0
2928,48,48,E,R,0
2928,48,48,S,L,0
2928,48,48,S,T,0
2928,48,48,S,R,0
2928,48,48,W,L,0
2928,48,48,W,T,0
2928,48,48,W,R,0
2929,48,49,N,L,0
2929,48,49,N,T,1
2929,48,49,N,R,0
2929,48,49,E,L,0
2929,48,49,E,T,0
2929,48,49,E,R,0
2929,48,49,S,L,0
2929,48,49,S,T,0
2929,48,49,S,R,0
2929,48,49,W,L,0
2929,48,49,W,T,1
2929,48,49,W,R,0
2930,48,50,N,L,0
2930,48,50,N,T,1
2930,48,50,N,R,0
2930,48,50,E,L,0
2930,48,50,E,T,0
2930,48,50,E,R,0
2930,48,50,S,L,0
2930,48,50,S,T,0
2930,48,50,S,R,0
2930,48,50,W,L,0
2930,48,50,W,T,0
2930,48,50,W,R,0
2931,48,51,N,L,0
2931,48,51,N,T,0
2931,48,51,N,R,0
2931,48,51,E,L,0
2931,48,51,E,T,0
2931,48,51,E,R,0
2931,48,51,S,L,0
2931,48,51,S,T,1
2931,48,51,S,R,0
2931,48,51,W,L,0
2931,48,51,W,T,0
2931,48,51,W,R,0
2932,48,52,N,L,0
2932,48,52,N,T,0
2932,48,52,N,R,0
2932,48,52,E,L,0
2932,48,52,E,T,0
2932,48,52,E,R,0
2932,48,52,S,L,0
2932,48,52,S,T,0
2932,48,52,S,R,0
2932,48,52,W,L,0
2932,48,52,W,T,0
2932,48,52,W,R,0
2933,48,53,N,L,1
2933,48,53,N,T,1
2933,48,53,N,R,0
2933,48,53,E,L,0
2933,48,53,E,T,1
2933,48,53,E,R,0
2933,48,53,S,L,0
2933,48,53,S,T,0
2933,48,53,S,R,0
2933,48,53,W,L,0
2933,48,53,W,T,0
2933,48,53,W,R,0
2934,48,54,N,L,0
2934,48,54,N,T,0
2934,48,54,N,R,0
2934,48,54,E,L,0
2934,48,54,E,T,1
2934,48,54,E,R,0
2934,48,54,S,L,0
2934,48,54,S,T,1
2934,48,54,S,R,0
2934,48,54,W,L,0
2934,48,54,W,T,0
2934,48,54,W,R,0
2935,48,55,N,L,0
2935,48,55,N,T,0
2935,48,55,N,R,0
2935,48,55,E,L,0
2935,48,55,E,T,0
2935,48,55,E,R,1
2935,48,55,S,L,0
2935,48,55,S,T,0
2935,48,55,S,R,0
2935,48,55,W,L,0
2935,48,55,W,T,0
2935,48,55,W,R,0
2936,48,56,N,L,0
2936,48,56,N,T,1
2936,48,56,N,R,0
2936,48,56,E,L,0
2936,48,56,E,T,1
2936,48,56,E,R,0
2936,48,56,S,L,0
2936,48,56,S,T,0
2936,48,56,S,R,0
2936,48,56,W,L,0
2936,48,56,W,T,2
2936,48,56,W,R,0
2937,48,57,N,L,0
2937,48,57,N,T,0
2937,48,57,N,R,0
2937,48,57,E,L,0
2937,48,57,E,T,1
2937,48,57,E,R,0
2937,48,57,S,L,0
2937,48,57,S,T,0
2937,48,57,S,R,0
2937,48,57,W,L,0
2937,48,57,W,T,0
2937,48,57,W,R,0
2938,48,58,N,L,0
2938,48,58,N,T,0
2938,48,58,N,R,0
2938,48,58,E,L,0
2938,48,58,E,T,1
2938,48,58,E,R,0
2938,48,58,S,L,0
2938,48,58,S,T,0
2938,48,58,S,R,0
2938,48,58,W,L,0
2938,48,58,W,T,0
2938,48,58,W,R,0
2939,48,59,N,L,0
2939,48,59,N,T,0
2939,48,59,N,R,0
2939,48,59,E,L,0
2939,48,59,E,T,0
2939,48,59,E,R,0
2939,48,59,S,L,0
2939,48,59,S,T,0
2939,48,59,S,R,1
2939,48,59,W,L,0
2939,48,59,W,T,0
2939,48,59,W,R,0
2940,49,00,N,L,0
2940,49,00,N,T,0
2940,49,00,N,R,0
2940,49,00,E,L,0
2940,49,00,E,T,0
2940,49,00,E,R,0
2940,49,00,S,L,0
2940,49,00,S,T,0
2940,49,00,S,R,0
2940,49,00,W,L,0
2940,49,00,W,T,0
2940,49,00,W,R,0
2941,49,01,N,L,0
2941,49,01,N,T,0
2941,49,01,N,R,0
2941,49,01,E,L,0
2941,49,01,E,T,0
2941,49,01,E,R,0
2941,49,01,S,L,0
2941,49,01,S,T,0
2941,49,01,S,R,0
2941,49,01,W,L,0
2941,49,01,W,T,0
2941,49,01,W,R,0
2942,49,02,N,L,0
2942,49,02,N,T,0
2942,49,02,N,R,0
2942,49,02,E,L,0
2942,49,02,E,T,1
2942,49,02,E,R,0
2942,49,02,S,L,0
2942,49,02,S,T,0
2942,49,02,S,R,0
2942,49,02,W,L,0
2942,49,02,W,T,0
2942,49,02,W,R,0
2943,49,03,N,L,0
2943,49,03,N,T,0
2943,49,03,N,R,0
2943,49,03,E,L,0
2943,49,03,E,T,0
2943,49,03,E,R,0
2943,49,03,S,L,0
2943,49,03,S,T,0
2943,49,03,S,R,0
2943,49,03,W,L,0
2943,49,03,W,T,0
2943,49,03,W,R,0
2944,49,04,N,L,0
2944,49,04,N,T,0
2944,49,04,N,R,0
2944,49,04,E,L,0
2944,49,04,E,T,0
2944,49,04,E,R,0
2944,49,04,S,L,0
2944,49,04,S,T,1
2944,49,04,S,R,0
2944,49,04,W,L,0
2944,49,04,W,T,0
2944,49,04,W,R,0
2945,49,05,N,L,0
2945,49,05,N,T,0
2945,49,05,N,R,0
2945,49,05,E,L,0
2945,49,05,E,T,0
2945,49,05,E,R,0
2945,49,05,S,L,0
2945,49,05,S,T,0
2945,49,05,S,R,0
2945,49,05,W,L,0
2945,49,05,W,T,1
2945,49,05,W,R,0
2946,49,06,N,L,0
2946,49,06,N,T,0
2946,49,06,N,R,0
2946,49,06,E,L,1
2946,49,06,E,T,0
2946,49,06,E,R,0
2946,49,06,S,L,0
2946,49,06,S,T,0
2946,49,06,S,R,0
2946,49,06,W,L,0
2946,49,06,W,T,0
2946,49,06,W,R,0
2947,49,07,N,L,0
2947,49,07,N,T,1
2947,49,07,N,R,0
2947,49,07,E,L,0
2947,49,07,E,T,1
2947,49,07,E,R,0
2947,49,07,S,L,0
2947,49,07,S,T,0
2947,49,07,S,R,0
2947,49,07,W,L,0
2947,49,07,W,T,0
2947,49,07,W,R,0
2948,49,08,N,L,0
2948,49,08,N,T,1
2948,49,08,N,R,0
2948,49,08,E,L,0
2948,49,08,E,T,1
2948,49,08,E,R,0
2948,49,08,S,L,0
2948,49,08,S,T,0
2948,49,08,S,R,0
2948,49,08,W,L,0
2948,49,08,W,T,0
2948,49,08,W,R,1
2949,49,09,N,L,0
2949,49,09,N,T,0
2949,49,09,N,R,0
2949,49,09,E,L,0
2949,49,09,E,T,0
2949,49,09,E,R,0
2949,49,09,S,L,0
2949,49,09,S,T,0
2949,49,09,S,R,0
2949,49,09,W,L,0
2949,49,09,W,T,0
2949,49,09,W,R,0
2950,49,10,N,L,0
2950,49,10,N,T,0
2950,49,10,N,R,0
2950,49,10,E,L,0
2950,49,10,E,T,0
2950,49,10,E,R,0
2950,49,10,S,L,0
2950,49,10,S,T,0
2950,49,10,S,R,0
2950,49,10,W,L,1
2950,49,10,W,T,0
2950,49,10,W,R,0
2951,49,11,N,L,0
2951,49,11,N,T,0
2951,49,11,N,R,0
2951,49,11,E,L,0
2951,49,11,E,T,0
2951,49,11,E,R,0
2951,49,11,S,L,0
2951,49,11,S,T,1
2951,49,11,S,R,0
2951,49,11,W,L,0
2951,49,11,W,T,1
2951,49,11,W,R,0
2952,49,12,N,L,0
2952,49,12,N,T,0
2952,49,12,N,R,0
2952,49,12,E,L,0
2952,49,12,E,T,0
2952,49,12,E,R,0
2952,49,12,S,L,0
2952,49,12,S,T,0
2952,49,12,S,R,0
2952,49,12,W,L,0
2952,49,12,W,T,0
2952,49,12,W,R,0
2953,49,13,N,L,0
2953,49,13,N,T,1
2953,49,13,N,R,0
2953,49,13,E,L,0
2953,49,13,E,T,0
2953,49,13,E,R,0
2953,49,13,S,L,0
2953,49,13,S,T,0
2953,49,13,S,R,0
2953,49,13,W,L,0
2953,49,13,W,T,0
2953,49,13,W,R,0
2954,49,14,N,L,1
2954,49,14,N,T,0
2954,49,14,N,R,0
2954,49,14,E,L,0
2954,49,14,E,T,0
2954,49,14,E,R,0
2954,49,14,S,L,0
2954,49,14,S,T,1
2954,49,14,S,R,0
2954,49,14,W,L,0
2954,49,14,W,T,0
2954,49,14,W,R,0
2955,49,15,N,L,0
2955,49,15,N,T,0
2955,49,15,N,R,0
2955,49,15,E,L,0
2955,49,15,E,T,0
2955,49,15,E,R,0
2955,49,15,S,L,0
2955,49,15,S,T,1
2955,49,15,S,R,0
2955,49,15,W,L,0
2955,49,15,W,T,0
2955,49,15,W,R,0
2956,49,16,N,L,0
2956,49,16,N,T,0
2956,49,16,N,R,0
2956,49,16,E,L,0
2956,49,16,E,T,1
2956,49,16,E,R,0
2956,49,16,S,L,0
2956,49,16,S,T,0
2956,49,16,S,R,0
2956,49,16,W,L,0
2956,49,16,W,T,0
2956,49,16,W,R,0
2957,49,17,N,L,0
2957,49,17,N,T,1
2957,49,17,N,R,0
2957,49,17,E,L,0
2957,49,17,E,T,1
2957,49,17,E,R,0
2957,49,17,S,L,0
2957,49,17,S,T,0
2957,49,17,S,R,0
2957,49,17,W,L,0
2957,49,17,W,T,0
2957,49,17,W,R,0
2958,49,18,N,L,0
2958,49,18,N,T,0
2958,49,18,N,R,0
2958,49,18,E,L,0
2958,49,18,E,T,1
2958,49,18,E,R,0
2958,49,18,S,L,0
2958,49,18,S,T,0
2958,49,18,S,R,0
2958,49,18,W,L,0
2958,49,18,W,T,2
2958,49,18,W,R,0
2959,49,19,N,L,1
2959,49,19,N,T,1
2959,49,19,N,R,0
2959,49,19,E,L,0
2959,49,19,E,T,0
2959,49,19,E,R,0
2959,49,19,S,L,0
2959,49,19,S,T,0
2959,49,19,S,R,0
2959,49,19,W,L,0
2959,49,19,W,T,0
2959,49,19,W,R,0
2960,49,20,N,L,0
2960,49,20,N,T,0
2960,49,20,N,R,0
2960,49,20,E,L,0
2960,49,20,E,T,0
2960,49,20,E,R,0
2960,49,20,S,L,0
2960,49,20,S,T,0
2960,49,20,S,R,0
2960,49,20,W,L,0
2960,49,20,W,T,0
2960,49,20,W,R,0
2961,49,21,N,L,0
2961,49,21,N,T,1
2961,49,21,N,R,0
2961,49,21,E,L,0
2961,49,21,E,T,2
2961,49,21,E,R,0
2961,49,21,S,L,0
2961,49,21,S,T,0
2961,49,21,S,R,0
2961,49,21,W,L,1
2961,49,21,W,T,0
2961,49,21,W,R,0
2962,49,22,N,L,0
2962,49,22,N,T,1
2962,49,22,N,R,0
2962,49,22,E,L,0
2962,49,22,E,T,0
2962,49,22,E,R,0
2962,49,22,S,L,0
2962,49,22,S,T,0
2962,49,22,S,R,0
2962,49,22,W,L,0
2962,49,22,W,T,0
2962,49,22,W,R,0
2963,49,23,N,L,0
2963,49,23,N,T,0
2963,49,23,N,R,0
2963,49,23,E,L,0
2963,49,23,E,T,0
2963,49,23,E,R,0
2963,49,23,S,L,0
2963,49,23,S,T,0
2963,49,23,S,R,0
2963,49,23,W,L,0
2963,49,23,W,T,0
2963,49,23,W,R,0
2964,49,24,N,L,0
2964,49,24,N,T,0
2964,49,24,N,R,0
2964,49,24,E,L,0
2964,49,24,E,T,1
2964,49,24,E,R,0
2964,49,24,S,L,0
2964,49,24,S,T,0
2964,49,24,S,R,0
2964,49,24,W,L,0
2964,49,24,W,T,0
2964,49,24,W,R,0
2965,49,25,N,L,0
2965,49,25,N,T,0
2965,49,25,N,R,0
2965,49,25,E,L,0
2965,49,25,E,T,1
2965,49,25,E,R,0
2965,49,25,S,L,0
2965,49,25,S,T,0
2965,49,25,S,R,1
2965,49,25,W,L,0
2965,49,25,W,T,0
2965,49,25,W,R,0
2966,49,26,N,L,0
2966,49,26,N,T,0
2966,49,26,N,R,0
2966,49,26,E,L,0
2966,49,26,E,T,0
2966,49,26,E,R,0
2966,49,26,S,L,0
2966,49,26,S,T,1
2966,49,26,S,R,0
2966,49,26,W,L,0
2966,49,26,W,T,0
2966,49,26,W,R,0
2967,49,27,N,L,0
2967,49,27,N,T,0
2967,49,27,N,R,0
2967,49,27,E,L,0
2967,49,27,E,T,0
2967,49,27,E,R,0
2967,49,27,S,L,0
2967,49,27,S,T,0
2967,49,27,S,R,0
2967,49,27,W,L,0
2967,49,27,W,T,0
2967,49,27,W,R,0
2968,49,28,N,L,0
2968,49,28,N,T,0
2968,49,28,N,R,0
2968,49,28,E,L,0
2968,49,28,E,T,0
2968,49,28,E,R,0
2968,49,28,S,L,1
2968,49,28,S,T,0
2968,49,28,S,R,0
2968,49,28,W,L,0
2968,49,28,W,T,0
2968,49,28,W,R,0
2969,49,29,N,L,0
2969,49,29,N,T,0
2969,49,29,N,R,0
2969,49,29,E,L,0
2969,49,29,E,T,0
2969,49,29,E,R,0
2969,49,29,S,L,0
2969,49,29,S,T,0
2969,49,29,S,R,0
2969,49,29,W,L,0
2969,49,29,W,T,0
2969,49,29,W,R,0
2970,49,30,N,L,0
2970,49,30,N,T,0
2970,49,30,N,R,0
2970,49,30,E,L,0
2970,49,30,E,T,0
2970,49,30,E,R,0
2970,49,30,S,L,0
2970,49,30,S,T,0
2970,49,30,S,R,0
2970,49,30,W,L,0
2970,49,30,W,T,1
2970,49,30,W,R,0
2971,49,31,N,L,0
2971,49,31,N,T,0
2971,49,31,N,R,0
2971,49,31,E,L,0
2971,49,31,E,T,0
2971,49,31,E,R,0
2971,49,31,S,L,0
2971,49,31,S,T,0
2971,49,31,S,R,0
2971,49,31,W,L,0
2971,49,31,W,T,0
2971,49,31,W,R,0
2972,49,32,N,L,0
2972,49,32,N,T,0
2972,49,32,N,R,0
2972,49,32,E,L,0
2972,49,32,E,T,0
2972,49,32,E,R,0
2972,49,32,S,L,0
2972,49,32,S,T,0
2972,49,32,S,R,0
2972,49,32,W,L,0
2972,49,32,W,T,0
2972,49,32,W,R,0
2973,49,33,N,L,0
2973,49,33,N,T,0
2973,49,33,N,R,0
2973,49,33,E,L,0
2973,49,33,E,T,0
2973,49,33,E,R,0
2973,49,33,S,L,0
2973,49,33,S,T,0
2973,49,33,S,R,0
2973,49,33,W,L,0
2973,49,33,W,T,0
2973,49,33,W,R,0
2974,49,34,N,L,0
2974,49,34,N,T,0
2974,49,34,N,R,0
2974,49,34,E,L,0
2974,49,34,E,T,0
2974,49,34,E,R,0
2974,49,34,S,L,0
2974,49,34,S,T,0
2974,49,34,S,R,0
2974,49,34,W,L,0
2974,49,34,W,T,0
2974,49,34,W,R,0
2975,49,35,N,L,0
2975,49,35,N,T,0
2975,49,35,N,R,0
2975,49,35,E,L,0
2975,49,35,E,T,0
2975,49,35,E,R,0
2975,49,35,S,L,0
2975,49,35,S,T,1
2975,49,35,S,R,0
2975,49,35,W,L,0
2975,49,35,W,T,0
2975,49,35,W,R,0
2976,49,36,N,L,0
2976,49,36,N,T,0
2976,49,36,N,R,0
2976,49,36,E,L,0
2976,49,36,E,T,0
2976,49,36,E,R,0
2976,49,36,S,L,0
2976,49,36,S,T,0
2976,49,36,S,R,0
2976,49,36,W,L,0
2976,49,36,W,T,0
2976,49,36,W,R,0
2977,49,37,N,L,0
2977,49,37,N,T,0
2977,49,37,N,R,0
2977,49,37,E,L,0
2977,49,37,E,T,0
2977,49,37,E,R,0
2977,49,37,S,L,0
2977,49,37,S,T,0
2977,49,37,S,R,0
2977,49,37,W,L,0
2977,49,37,W,T,0
2977,49,37,W,R,0
2978,49,38,N,L,0
2978,49,38,N,T,0
2978,49,38,N,R,0
2978,49,38,E,L,0
2978,49,38,E,T,1
2978,49,38,E,R,0
2978,49,38,S,L,0
2978,49,38,S,T,0
2978,49,38,S,R,0
2978,49,38,W,L,0
2978,49,38,W,T,0
2978,49,38,W,R,0
2979,49,39,N,L,0
2979,49,39,N,T,0
2979,49,39,N,R,0
2979,49,39,E,L,0
2979,49,39,E,T,0
2979,49,39,E,R,0
2979,49,39,S,L,1
2979,49,39,S,T,1
2979,49,39,S,R,0
2979,49,39,W,L,0
2979,49,39,W,T,0
2979,49,39,W,R,0
2980,49,40,N,L,0
2980,49,40,N,T,0
2980,49,40,N,R,0
2980,49,40,E,L,0
2980,49,40,E,T,0
2980,49,40,E,R,0
2980,49,40,S,L,0
2980,49,40,S,T,0
2980,49,40,S,R,0
2980,49,40,W,L,0
2980,49,40,W,T,0
2980,49,40,W,R,0
2981,49,41,N,L,0
2981,49,41,N,T,1
2981,49,41,N,R,0
2981,49,41,E,L,0
2981,49,41,E,T,1
2981,49,41,E,R,0
2981,49,41,S,L,0
2981,49,41,S,T,0
2981,49,41,S,R,0
2981,49,41,W,L,0
2981,49,41,W,T,0
2981,49,41,W,R,1
2982,49,42,N,L,0
2982,49,42,N,T,0
2982,49,42,N,R,0
2982,49,42,E,L,0
2982,49,42,E,T,1
2982,49,42,E,R,0
2982,49,42,S,L,0
2982,49,42,S,T,0
2982,49,42,S,R,0
2982,49,42,W,L,0
2982,49,42,W,T,0
2982,49,42,W,R,0
2983,49,43,N,L,0
2983,49,43,N,T,1
2983,49,43,N,R,0
2983,49,43,E,L,0
2983,49,43,E,T,1
2983,49,43,E,R,0
2983,49,43,S,L,0
2983,49,43,S,T,0
2983,49,43,S,R,0
2983,49,43,W,L,0
2983,49,43,W,T,0
2983,49,43,W,R,0
2984,49,44,N,L,0
2984,49,44,N,T,0
2984,49,44,N,R,0
2984,49,44,E,L,0
2984,49,44,E,T,0
2984,49,44,E,R,0
2984,49,44,S,L,0
2984,49,44,S,T,0
2984,49,44,S,R,0
2984,49,44,W,L,0
2984,49,44,W,T,0
2984,49,44,W,R,0
2985,49,45,N,L,0
2985,49,45,N,T,0
2985,49,45,N,R,0
2985,49,45,E,L,0
2985,49,45,E,T,0
2985,49,45,E,R,0
2985,49,45,S,L,0
2985,49,45,S,T,0
2985,49,45,S,R,0
2985,49,45,W,L,1
2985,49,45,W,T,0
2985,49,45,W,R,0
2986,49,46,N,L,0
2986,49,46,N,T,0
2986,49,46,N,R,0
2986,49,46,E,L,0
2986,49,46,E,T,0
2986,49,46,E,R,0
2986,49,46,S,L,0
2986,49,46,S,T,0
2986,49,46,S,R,0
2986,49,46,W,L,0
2986,49,46,W,T,0
2986,49,46,W,R,0
2987,49,47,N,L,0
2987,49,47,N,T,0
2987,49,47,N,R,0
2987,49,47,E,L,1
2987,49,47,E,T,1
2987,49,47,E,R,0
2987,49,47,S,L,0
2987,49,47,S,T,0
2987,49,47,S,R,0
2987,49,47,W,L,0
2987,49,47,W,T,0
2987,49,47,W,R,0
2988,49,48,N,L,0
2988,49,48,N,T,0
2988,49,48,N,R,0
2988,49,48,E,L,0
2988,49,48,E,T,1
2988,49,48,E,R,0
2988,49,48,S,L,0
2988,49,48,S,T,1
2988,49,48,S,R,0
2988,49,48,W,L,0
2988,49,48,W,T,1
2988,49,48,W,R,0
2989,49,49,N,L,0
2989,49,49,N,T,0
2989,49,49,N,R,0
2989,49,49,E,L,0
2989,49,49,E,T,1
2989,49,49,E,R,0
2989,49,49,S,L,0
2989,49,49,S,T,0
2989,49,49,S,R,0
2989,49,49,W,L,0
2989,49,49,W,T,0
2989,49,49,W,R,0
2990,49,50,N,L,0
2990,49,50,N,T,0
2990,49,50,N,R,0
2990,49,50,E,L,0
2990,49,50,E,T,0
2990,49,50,E,R,0
2990,49,50,S,L,0
2990,49,50,S,T,0
2990,49,50,S,R,0
2990,49,50,W,L,0
2990,49,50,W,T,0
2990,49,50,W,R,0
2991,49,51,N,L,0
2991,49,51,N,T,1
2991,49,51,N,R,0
2991,49,51,E,L,0
2991,49,51,E,T,0
2991,49,51,E,R,0
2991,49,51,S,L,0
2991,49,51,S,T,0
2991,49,51,S,R,0
2991,49,51,W,L,0
2991,49,51,W,T,0
2991,49,51,W,R,0
2992,49,52,N,L,0
2992,49,52,N,T,1
2992,49,52,N,R,0
2992,49,52,E,L,0
2992,49,52,E,T,0
2992,49,52,E,R,0
2992,49,52,S,L,0
2992,49,52,S,T,0
2992,49,52,S,R,0
2992,49,52,W,L,0
2992,49,52,W,T,0
2992,49,52,W,R,0
2993,49,53,N,L,0
2993,49,53,N,T,1
2993,49,53,N,R,0
2993,49,53,E,L,0
2993,49,53,E,T,0
2993,49,53,E,R,0
2993,49,53,S,L,0
2993,49,53,S,T,0
2993,49,53,S,R,0
2993,49,53,W,L,0
2993,49,53,W,T,0
2993,49,53,W,R,0
2994,49,54,N,L,1
2994,49,54,N,T,0
2994,49,54,N,R,0
2994,49,54,E,L,0
2994,49,54,E,T,0
2994,49,54,E,R,0
2994,49,54,S,L,0
2994,49,54,S,T,0
2994,49,54,S,R,0
2994,49,54,W,L,0
2994,49,54,W,T,0
2994,49,54,W,R,0
2995,49,55,N,L,0
2995,49,55,N,T,0
2995,49,55,N,R,0
2995,49,55,E,L,0
2995,49,55,E,T,0
2995,49,55,E,R,0
2995,49,55,S,L,0
2995,49,55,S,T,0
2995,49,55,S,R,0
2995,49,55,W,L,0
2995,49,55,W,T,1
2995,49,55,W,R,0
2996,49,56,N,L,0
2996,49,56,N,T,1
2996,49,56,N,R,0
2996,49,56,E,L,0
2996,49,56,E,T,0
2996,49,56,E,R,0
2996,49,56,S,L,0
2996,49,56,S,T,0
2996,49,56,S,R,0
2996,49,56,W,L,0
2996,49,56,W,T,0
2996,49,56,W,R,0
2997,49,57,N,L,0
2997,49,57,N,T,0
2997,49,57,N,R,0
2997,49,57,E,L,0
2997,49,57,E,T,1
2997,49,57,E,R,0
2997,49,57,S,L,0
2997,49,57,S,T,0
2997,49,57,S,R,0
2997,49,57,W,L,0
2997,49,57,W,T,0
2997,49,57,W,R,0
2998,49,58,N,L,0
2998,49,58,N,T,0
2998,49,58,N,R,0
2998,49,58,E,L,0
2998,49,58,E,T,0
2998,49,58,E,R,0
2998,49,58,S,L,0
2998,49,58,S,T,0
2998,49,58,S,R,0
2998,49,58,W,L,0
2998,49,58,W,T,0
2998,49,58,W,R,0
2999,49,59,N,L,0
2999,49,59,N,T,0
2999,49,59,N,R,0
2999,49,59,E,L,0
2999,49,59,E,T,0
2999,49,59,E,R,0
2999,49,59,S,L,0
2999,49,59,S,T,0
2999,49,59,S,R,1
2999,49,59,W,L,0
2999,49,59,W,T,1
2999,49,59,W,R,0
3000,50,00,N,L,0
3000,50,00,N,T,1
3000,50,00,N,R,0
3000,50,00,E,L,0
3000,50,00,E,T,1
3000,50,00,E,R,0
3000,50,00,S,L,0
3000,50,00,S,T,0
3000,50,00,S,R,0
3000,50,00,W,L,0
3000,50,00,W,T,0
3000,50,00,W,R,0
3001,50,01,N,L,0
3001,50,01,N,T,0
3001,50,01,N,R,0
3001,50,01,E,L,0
3001,50,01,E,T,0
3001,50,01,E,R,0
3001,50,01,S,L,0
3001,50,01,S,T,0
3001,50,01,S,R,0
3001,50,01,W,L,0
3001,50,01,W,T,0
3001,50,01,W,R,0
3002,50,02,N,L,0
3002,50,02,N,T,1
3002,50,02,N,R,0
3002,50,02,E,L,0
3002,50,02,E,T,0
3002,50,02,E,R,0
3002,50,02,S,L,0
3002,50,02,S,T,1
3002,50,02,S,R,0
3002,50,02,W,L,0
3002,50,02,W,T,0
3002,50,02,W,R,0
3003,50,03,N,L,0
3003,50,03,N,T,0
3003,50,03,N,R,0
3003,50,03,E,L,0
3003,50,03,E,T,0
3003,50,03,E,R,0
3003,50,03,S,L,0
3003,50,03,S,T,0
3003,50,03,S,R,0
3003,50,03,W,L,0
3003,50,03,W,T,0
3003,50,03,W,R,0
3004,50,04,N,L,0
3004,50,04,N,T,1
3004,50,04,N,R,0
3004,50,04,E,L,0
3004,50,04,E,T,1
3004,50,04,E,R,0
3004,50,04,S,L,0
3004,50,04,S,T,0
3004,50,04,S,R,0
3004,50,04,W,L,0
3004,50,04,W,T,1
3004,50,04,W,R,0
3005,50,05,N,L,0
3005,50,05,N,T,0
3005,50,05,N,R,0
3005,50,05,E,L,0
3005,50,05,E,T,2
3005,50,05,E,R,0
3005,50,05,S,L,0
3005,50,05,S,T,0
3005,50,05,S,R,1
3005,50,05,W,L,0
3005,50,05,W,T,1
3005,50,05,W,R,0
3006,50,06,N,L,0
3006,50,06,N,T,0
3006,50,06,N,R,0
3006,50,06,E,L,0
3006,50,06,E,T,0
3006,50,06,E,R,0
3006,50,06,S,L,0
3006,50,06,S,T,0
3006,50,06,S,R,0
3006,50,06,W,L,0
3006,50,06,W,T,0
3006,50,06,W,R,0
3007,50,07,N,L,0
3007,50,07,N,T,0
3007,50,07,N,R,0
3007,50,07,E,L,0
3007,50,07,E,T,0
3007,50,07,E,R,0
3007,50,07,S,L,0
3007,50,07,S,T,1
3007,50,07,S,R,0
3007,50,07,W,L,0
3007,50,07,W,T,0
3007,50,07,W,R,1
3008,50,08,N,L,0
3008,50,08,N,T,0
3008,50,08,N,R,0
3008,50,08,E,L,0
3008,50,08,E,T,0
3008,50,08,E,R,0
3008,50,08,S,L,0
3008,50,08,S,T,1
3008,50,08,S,R,0
3008,50,08,W,L,1
3008,50,08,W,T,0
3008,50,08,W,R,0
3009,50,09,N,L,0
3009,50,09,N,T,0
3009,50,09,N,R,0
3009,50,09,E,L,0
3009,50,09,E,T,0
3009,50,09,E,R,0
3009,50,09,S,L,0
3009,50,09,S,T,0
3009,50,09,S,R,0
3009,50,09,W,L,0
3009,50,09,W,T,1
3009,50,09,W,R,0
3010,50,10,N,L,0
3010,50,10,N,T,0
3010,50,10,N,R,0
3010,50,10,E,L,0
3010,50,10,E,T,0
3010,50,10,E,R,0
3010,50,10,S,L,0
3010,50,10,S,T,0
3010,50,10,S,R,0
3010,50,10,W,L,0
3010,50,10,W,T,0
3010,50,10,W,R,0
3011,50,11,N,L,0
3011,50,11,N,T,2
3011,50,11,N,R,0
3011,50,11,E,L,0
3011,50,11,E,T,1
3011,50,11,E,R,0
3011,50,11,S,L,0
3011,50,11,S,T,0
3011,50,11,S,R,0
3011,50,11,W,L,0
3011,50,11,W,T,0
3011,50,11,W,R,0
3012,50,12,N,L,0
3012,50,12,N,T,0
3012,50,12,N,R,0
3012,50,12,E,L,0
3012,50,12,E,T,0
3012,50,12,E,R,0
3012,50,12,S,L,0
3012,50,12,S,T,0
3012,50,12,S,R,0
3012,50,12,W,L,0
3012,50,12,W,T,0
3012,50,12,W,R,0
3013,50,13,N,L,0
3013,50,13,N,T,0
3013,50,13,N,R,0
3013,50,13,E,L,0
3013,50,13,E,T,0
3013,50,13,E,R,0
3013,50,13,S,L,0
3013,50,13,S,T,2
3013,50,13,S,R,0
3013,50,13,W,L,0
3013,50,13,W,T,0
3013,50,13,W,R,0
3014,50,14,N,L,0
3014,50,14,N,T,0
3014,50,14,N,R,0
3014,50,14,E,L,0
3014,50,14,E,T,0
3014,50,14,E,R,0
3014,50,14,S,L,1
3014,50,14,S,T,1
3014,50,14,S,R,0
3014,50,14,W,L,0
3014,50,14,W,T,0
3014,50,14,W,R,0
3015,50,15,N,L,0
3015,50,15,N,T,0
3015,50,15,N,R,0
3015,50,15,E,L,1
3015,50,15,E,T,1
3015,50,15,E,R,0
3015,50,15,S,L,0
3015,50,15,S,T,1
3015,50,15,S,R,0
3015,50,15,W,L,0
3015,50,15,W,T,0
3015,50,15,W,R,0
3016,50,16,N,L,0
3016,50,16,N,T,0
3016,50,16,N,R,0
3016,50,16,E,L,0
3016,50,16,E,T,0
3016,50,16,E,R,0
3016,50,16,S,L,0
3016,50,16,S,T,2
3016,50,16,S,R,0
3016,50,16,W,L,0
3016,50,16,W,T,0
3016,50,16,W,R,0
3017,50,17,N,L,0
3017,50,17,N,T,0
3017,50,17,N,R,0
3017,50,17,E,L,0
3017,50,17,E,T,0
3017,50,17,E,R,0
3017,50,17,S,L,0
3017,50,17,S,T,1
3017,50,17,S,R,0
3017,50,17,W,L,0
3017,50,17,W,T,0
3017,50,17,W,R,0
3018,50,18,N,L,0
3018,50,18,N,T,0
3018,50,18,N,R,0
3018,50,18,E,L,0
3018,50,18,E,T,0
3018,50,18,E,R,0
3018,50,18,S,L,0
3018,50,18,S,T,0
3018,50,18,S,R,0
3018,50,18,W,L,0
3018,50,18,W,T,0
3018,50,18,W,R,0
3019,50,19,N,L,0
3019,50,19,N,T,0
3019,50,19,N,R,0
3019,50,19,E,L,0
3019,50,19,E,T,0
3019,50,19,E,R,0
3019,50,19,S,L,0
3019,50,19,S,T,1
3019,50,19,S,R,0
3019,50,19,W,L,0
3019,50,19,W,T,1
3019,50,19,W,R,0
3020,50,20,N,L,0
3020,50,20,N,T,0
3020,50,20,N,R,0
3020,50,20,E,L,0
3020,50,20,E,T,1
3020,50,20,E,R,0
3020,50,20,S,L,0
3020,50,20,S,T,0
3020,50,20,S,R,0
3020,50,20,W,L,0
3020,50,20,W,T,0
3020,50,20,W,R,0
3021,50,21,N,L,0
3021,50,21,N,T,1
3021,50,21,N,R,0
3021,50,21,E,L,0
3021,50,21,E,T,0
3021,50,21,E,R,0
3021,50,21,S,L,0
3021,50,21,S,T,0
3021,50,21,S,R,0
3021,50,21,W,L,0
3021,50,21,W,T,0
3021,50,21,W,R,0
3022,50,22,N,L,0
3022,50,22,N,T,0
3022,50,22,N,R,0
3022,50,22,E,L,0
3022,50,22,E,T,0
3022,50,22,E,R,0
3022,50,22,S,L,0
3022,50,22,S,T,1
3022,50,22,S,R,0
3022,50,22,W,L,0
3022,50,22,W,T,1
3022,50,22,W,R,0
3023,50,23,N,L,0
3023,50,23,N,T,1
3023,50,23,N,R,0
3023,50,23,E,L,0
3023,50,23,E,T,0
3023,50,23,E,R,0
3023,50,23,S,L,0
3023,50,23,S,T,0
3023,50,23,S,R,1
3023,50,23,W,L,0
3023,50,23,W,T,0
3023,50,23,W,R,0
3024,50,24,N,L,0
3024,50,24,N,T,0
3024,50,24,N,R,0
3024,50,24,E,L,0
3024,50,24,E,T,2
3024,50,24,E,R,0
3024,50,24,S,L,0
3024,50,24,S,T,0
3024,50,24,S,R,0
3024,50,24,W,L,0
3024,50,24,W,T,0
3024,50,24,W,R,0
3025,50,25,N,L,0
3025,50,25,N,T,0
3025,50,25,N,R,0
3025,50,25,E,L,0
3025,50,25,E,T,0
3025,50,25,E,R,0
3025,50,25,S,L,0
3025,50,25,S,T,0
3025,50,25,S,R,0
3025,50,25,W,L,0
3025,50,25,W,T,1
3025,50,25,W,R,0
3026,50,26,N,L,0
3026,50,26,N,T,0
3026,50,26,N,R,0
3026,50,26,E,L,0
3026,50,26,E,T,0
3026,50,26,E,R,0
3026,50,26,S,L,0
3026,50,26,S,T,0
3026,50,26,S,R,0
3026,50,26,W,L,0
3026,50,26,W,T,0
3026,50,26,W,R,0
3027,50,27,N,L,0
3027,50,27,N,T,0
3027,50,27,N,R,0
3027,50,27,E,L,0
3027,50,27,E,T,0
3027,50,27,E,R,0
3027,50,27,S,L,0
3027,50,27,S,T,0
3027,50,27,S,R,0
3027,50,27,W,L,0
3027,50,27,W,T,0
3027,50,27,W,R,0
3028,50,28,N,L,0
3028,50,28,N,T,0
3028,50,28,N,R,0
3028,50,28,E,L,0
3028,50,28,E,T,0
3028,50,28,E,R,0
3028,50,28,S,L,0
3028,50,28,S,T,0
3028,50,28,S,R,0
3028,50,28,W,L,0
3028,50,28,W,T,0
3028,50,28,W,R,0
3029,50,29,N,L,0
3029,50,29,N,T,0
3029,50,29,N,R,0
3029,50,29,E,L,0
3029,50,29,E,T,0
3029,50,29,E,R,0
3029,50,29,S,L,0
3029,50,29,S,T,1
3029,50,29,S,R,0
3029,50,29,W,L,0
3029,50,29,W,T,0
3029,50,29,W,R,0
3030,50,30,N,L,0
3030,50,30,N,T,0
3030,50,30,N,R,0
3030,50,30,E,L,0
3030,50,30,E,T,0
3030,50,30,E,R,0
3030,50,30,S,L,0
3030,50,30,S,T,0
3030,50,30,S,R,0
3030,50,30,W,L,0
3030,50,30,W,T,1
3030,50,30,W,R,0
3031,50,31,N,L,0
3031,50,31,N,T,0
3031,50,31,N,R,0
3031,50,31,E,L,0
3031,50,31,E,T,1
3031,50,31,E,R,0
3031,50,31,S,L,0
3031,50,31,S,T,0
3031,50,31,S,R,0
3031,50,31,W,L,0
3031,50,31,W,T,0
3031,50,31,W,R,0
3032,50,32,N,L,0
3032,50,32,N,T,0
3032,50,32,N,R,0
3032,50,32,E,L,0
3032,50,32,E,T,1
3032,50,32,E,R,0
3032,50,32,S,L,0
3032,50,32,S,T,0
3032,50,32,S,R,0
3032,50,32,W,L,0
3032,50,32,W,T,0
3032,50,32,W,R,0
3033,50,33,N,L,0
3033,50,33,N,T,0
3033,50,33,N,R,0
3033,50,33,E,L,0
3033,50,33,E,T,0
3033,50,33,E,R,0
3033,50,33,S,L,0
3033,50,33,S,T,0
3033,50,33,S,R,0
3033,50,33,W,L,0
3033,50,33,W,T,0
3033,50,33,W,R,0
3034,50,34,N,L,0
3034,50,34,N,T,0
3034,50,34,N,R,0
3034,50,34,E,L,0
3034,50,34,E,T,0
3034,50,34,E,R,0
3034,50,34,S,L,0
3034,50,34,S,T,0
3034,50,34,S,R,0
3034,50,34,W,L,0
3034,50,34,W,T,0
3034,50,34,W,R,0
3035,50,35,N,L,0
3035,50,35,N,T,0
3035,50,35,N,R,0
3035,50,35,E,L,0
3035,50,35,E,T,0
3035,50,35,E,R,0
3035,50,35,S,L,0
3035,50,35,S,T,0
3035,50,35,S,R,0
3035,50,35,W,L,0
3035,50,35,W,T,1
3035,50,35,W,R,0
3036,50,36,N,L,0
3036,50,36,N,T,1
3036,50,36,N,R,0
3036,50,36,E,L,0
3036,50,36,E,T,0
3036,50,36,E,R,0
3036,50,36,S,L,0
3036,50,36,S,T,0
3036,50,36,S,R,0
3036,50,36,W,L,0
3036,50,36,W,T,0
3036,50,36,W,R,0
3037,50,37,N,L,0
3037,50,37,N,T,0
3037,50,37,N,R,0
3037,50,37,E,L,0
3037,50,37,E,T,0
3037,50,37,E,R,0
3037,50,37,S,L,0
3037,50,37,S,T,0
3037,50,37,S,R,0
3037,50,37,W,L,0
3037,50,37,W,T,0
3037,50,37,W,R,0
3038,50,38,N,L,0
3038,50,38,N,T,1
3038,50,38,N,R,0
3038,50,38,E,L,0
3038,50,38,E,T,0
3038,50,38,E,R,0
3038,50,38,S,L,0
3038,50,38,S,T,1
3038,50,38,S,R,0
3038,50,38,W,L,0
3038,50,38,W,T,1
3038,50,38,W,R,0
3039,50,39,N,L,0
3039,50,39,N,T,1
3039,50,39,N,R,0
3039,50,39,E,L,0
3039,50,39,E,T,0
3039,50,39,E,R,0
3039,50,39,S,L,0
3039,50,39,S,T,0
3039,50,39,S,R,0
3039,50,39,W,L,0
3039,50,39,W,T,0
3039,50,39,W,R,0
3040,50,40,N,L,0
3040,50,40,N,T,0
3040,50,40,N,R,0
3040,50,40,E,L,0
3040,50,40,E,T,0
3040,50,40,E,R,0
3040,50,40,S,L,1
3040,50,40,S,T,0
3040,50,40,S,R,0
3040,50,40,W,L,0
3040,50,40,W,T,0
3040,50,40,W,R,0
3041,50,41,N,L,0
3041,50,41,N,T,0
3041,50,41,N,R,0
3041,50,41,E,L,0
3041,50,41,E,T,1
3041,50,41,E,R,0
3041,50,41,S,L,0
3041,50,41,S,T,0
3041,50,41,S,R,0
3041,50,41,W,L,0
3041,50,41,W,T,1
3041,50,41,W,R,0
3042,50,42,N,L,0
3042,50,42,N,T,1
3042,50,42,N,R,0
3042,50,42,E,L,0
3042,50,42,E,T,0
3042,50,42,E,R,0
3042,50,42,S,L,0
3042,50,42,S,T,0
3042,50,42,S,R,0
3042,50,42,W,L,0
3042,50,42,W,T,0
3042,50,42,W,R,0
3043,50,43,N,L,0
3043,50,43,N,T,0
3043,50,43,N,R,0
3043,50,43,E,L,0
3043,50,43,E,T,0
3043,50,43,E,R,0
3043,50,43,S,L,0
3043,50,43,S,T,1
3043,50,43,S,R,0
3043,50,43,W,L,0
3043,50,43,W,T,0
3043,50,43,W,R,0
3044,50,44,N,L,0
3044,50,44,N,T,0
3044,50,44,N,R,0
3044,50,44,E,L,0
3044,50,44,E,T,1
3044,50,44,E,R,0
3044,50,44,S,L,0
3044,50,44,S,T,0
3044,50,44,S,R,0
3044,50,44,W,L,0
3044,50,44,W,T,0
3044,50,44,W,R,0
3045,50,45,N,L,0
3045,50,45,N,T,0
3045,50,45,N,R,0
3045,50,45,E,L,0
3045,50,45,E,T,0
3045,50,45,E,R,0
3045,50,45,S,L,0
3045,50,45,S,T,0
3045,50,45,S,R,0
3045,50,45,W,L,0
3045,50,45,W,T,0
3045,50,45,W,R,0
3046,50,46,N,L,0
3046,50,46,N,T,0
3046,50,46,N,R,0
3046,50,46,E,L,0
3046,50,46,E,T,0
3046,50,46,E,R,0
3046,50,46,S,L,0
3046,50,46,S,T,0
3046,50,46,S,R,0
3046,50,46,W,L,0
3046,50,46,W,T,0
3046,50,46,W,R,0
3047,50,47,N,L,1
3047,50,47,N,T,0
3047,50,47,N,R,0
3047,50,47,E,L,0
3047,50,47,E,T,0
3047,50,47,E,R,0
3047,50,47,S,L,0
3047,50,47,S,T,0
3047,50,47,S,R,0
3047,50,47,W,L,0
3047,50,47,W,T,0
3047,50,47,W,R,0
3048,50,48,N,L,0
3048,50,48,N,T,0
3048,50,48,N,R,0
3048,50,48,E,L,0
3048,50,48,E,T,0
3048,50,48,E,R,0
3048,50,48,S,L,0
3048,50,48,S,T,0
3048,50,48,S,R,0
3048,50,48,W,L,0
3048,50,48,W,T,0
3048,50,48,W,R,0
3049,50,49,N,L,0
3049,50,49,N,T,0
3049,50,49,N,R,0
3049,50,49,E,L,0
3049,50,49,E,T,0
3049,50,49,E,R,0
3049,50,49,S,L,0
3049,50,49,S,T,0
3049,50,49,S,R,0
3049,50,49,W,L,0
3049,50,49,W,T,1
3049,50,49,W,R,0
3050,50,50,N,L,0
3050,50,50,N,T,0
3050,50,50,N,R,0
3050,50,50,E,L,0
3050,50,50,E,T,1
3050,50,50,E,R,0
3050,50,50,S,L,0
3050,50,50,S,T,0
3050,50,50,S,R,0
3050,50,50,W,L,0
3050,50,50,W,T,0
3050,50,50,W,R,0
3051,50,51,N,L,0
3051,50,51,N,T,0
3051,50,51,N,R,0
3051,50,51,E,L,0
3051,50,51,E,T,0
3051,50,51,E,R,0
3051,50,51,S,L,0
3051,50,51,S,T,0
3051,50,51,S,R,0
3051,50,51,W,L,0
3051,50,51,W,T,2
3051,50,51,W,R,0
3052,50,52,N,L,0
3052,50,52,N,T,0
3052,50,52,N,R,0
3052,50,52,E,L,0
3052,50,52,E,T,0
3052,50,52,E,R,0
3052,50,52,S,L,0
3052,50,52,S,T,0
3052,50,52,S,R,0
3052,50,52,W,L,0
3052,50,52,W,T,0
3052,50,52,W,R,0
3053,50,53,N,L,0
3053,50,53,N,T,1
3053,50,53,N,R,0
3053,50,53,E,L,0
3053,50,53,E,T,1
3053,50,53,E,R,0
3053,50,53,S,L,0
3053,50,53,S,T,0
3053,50,53,S,R,0
3053,50,53,W,L,0
3053,50,53,W,T,0
3053,50,53,W,R,0
3054,50,54,N,L,0
3054,50,54,N,T,0
3054,50,54,N,R,0
3054,50,54,E,L,0
3054,50,54,E,T,0
3054,50,54,E,R,0
3054,50,54,S,L,0
3054,50,54,S,T,0
3054,50,54,S,R,1
3054,50,54,W,L,0
3054,50,54,W,T,0
3054,50,54,W,R,0
3055,50,55,N,L,0
3055,50,55,N,T,0
3055,50,55,N,R,0
3055,50,55,E,L,0
3055,50,55,E,T,0
3055,50,55,E,R,0
3055,50,55,S,L,0
3055,50,55,S,T,0
3055,50,55,S,R,0
3055,50,55,W,L,0
3055,50,55,W,T,0
3055,50,55,W,R,0
3056,50,56,N,L,0
3056,50,56,N,T,1
3056,50,56,N,R,1
3056,50,56,E,L,0
3056,50,56,E,T,0
3056,50,56,E,R,0
3056,50,56,S,L,0
3056,50,56,S,T,0
3056,50,56,S,R,0
3056,50,56,W,L,0
3056,50,56,W,T,0
3056,50,56,W,R,0
3057,50,57,N,L,1
3057,50,57,N,T,0
3057,50,57,N,R,0
3057,50,57,E,L,0
3057,50,57,E,T,0
3057,50,57,E,R,0
3057,50,57,S,L,0
3057,50,57,S,T,0
3057,50,57,S,R,0
3057,50,57,W,L,0
3057,50,57,W,T,1
3057,50,57,W,R,0
3058,50,58,N,L,0
3058,50,58,N,T,0
3058,50,58,N,R,0
3058,50,58,E,L,0
3058,50,58,E,T,0
3058,50,58,E,R,0
3058,50,58,S,L,0
3058,50,58,S,T,0
3058,50,58,S,R,0
3058,50,58,W,L,0
3058,50,58,W,T,1
3058,50,58,W,R,0
3059,50,59,N,L,0
3059,50,59,N,T,0
3059,50,59,N,R,0
3059,50,59,E,L,0
3059,50,59,E,T,1
3059,50,59,E,R,0
3059,50,59,S,L,0
3059,50,59,S,T,0
3059,50,59,S,R,0
3059,50,59,W,L,0
3059,50,59,W,T,0
3059,50,59,W,R,0
3060,51,00,N,L,0
3060,51,00,N,T,0
3060,51,00,N,R,0
3060,51,00,E,L,0
3060,51,00,E,T,0
3060,51,00,E,R,0
3060,51,00,S,L,0
3060,51,00,S,T,0
3060,51,00,S,R,0
3060,51,00,W,L,0
3060,51,00,W,T,0
3060,51,00,W,R,0
3061,51,01,N,L,0
3061,51,01,N,T,1
3061,51,01,N,R,0
3061,51,01,E,L,0
3061,51,01,E,T,1
3061,51,01,E,R,0
3061,51,01,S,L,0
3061,51,01,S,T,0
3061,51,01,S,R,0
3061,51,01,W,L,0
3061,51,01,W,T,0
3061,51,01,W,R,0
3062,51,02,N,L,0
3062,51,02,N,T,0
3062,51,02,N,R,0
3062,51,02,E,L,0
3062,51,02,E,T,0
3062,51,02,E,R,1
3062,51,02,S,L,1
3062,51,02,S,T,0
3062,51,02,S,R,0
3062,51,02,W,L,0
3062,51,02,W,T,0
3062,51,02,W,R,0
3063,51,03,N,L,0
3063,51,03,N,T,1
3063,51,03,N,R,0
3063,51,03,E,L,0
3063,51,03,E,T,0
3063,51,03,E,R,0
3063,51,03,S,L,0
3063,51,03,S,T,0
3063,51,03,S,R,0
3063,51,03,W,L,0
3063,51,03,W,T,2
3063,51,03,W,R,0
3064,51,04,N,L,0
3064,51,04,N,T,0
3064,51,04,N,R,0
3064,51,04,E,L,0
3064,51,04,E,T,1
3064,51,04,E,R,0
3064,51,04,S,L,1
3064,51,04,S,T,1
3064,51,04,S,R,0
3064,51,04,W,L,0
3064,51,04,W,T,1
3064,51,04,W,R,0
3065,51,05,N,L,0
3065,51,05,N,T,0
3065,51,05,N,R,0
3065,51,05,E,L,0
3065,51,05,E,T,0
3065,51,05,E,R,0
3065,51,05,S,L,0
3065,51,05,S,T,1
3065,51,05,S,R,0
3065,51,05,W,L,0
3065,51,05,W,T,0
3065,51,05,W,R,0
3066,51,06,N,L,0
3066,51,06,N,T,0
3066,51,06,N,R,0
3066,51,06,E,L,0
3066,51,06,E,T,0
3066,51,06,E,R,0
3066,51,06,S,L,0
3066,51,06,S,T,0
3066,51,06,S,R,0
3066,51,06,W,L,0
3066,51,06,W,T,0
3066,51,06,W,R,0
3067,51,07,N,L,0
3067,51,07,N,T,0
3067,51,07,N,R,0
3067,51,07,E,L,0
3067,51,07,E,T,0
3067,51,07,E,R,0
3067,51,07,S,L,0
3067,51,07,S,T,0
3067,51,07,S,R,0
3067,51,07,W,L,0
3067,51,07,W,T,0
3067,51,07,W,R,0
3068,51,08,N,L,0
3068,51,08,N,T,1
3068,51,08,N,R,0
3068,51,08,E,L,0
3068,51,08,E,T,1
3068,51,08,E,R,0
3068,51,08,S,L,0
3068,51,08,S,T,1
3068,51,08,S,R,0
3068,51,08,W,L,0
3068,51,08,W,T,0
3068,51,08,W,R,0
3069,51,09,N,L,0
3069,51,09,N,T,0
3069,51,09,N,R,0
3069,51,09,E,L,0
3069,51,09,E,T,1
3069,51,09,E,R,0
3069,51,09,S,L,0
3069,51,09,S,T,0
3069,51,09,S,R,0
3069,51,09,W,L,0
3069,51,09,W,T,0
3069,51,09,W,R,0
3070,51,10,N,L,0
3070,51,10,N,T,0
3070,51,10,N,R,0
3070,51,10,E,L,0
3070,51,10,E,T,0
3070,51,10,E,R,0
3070,51,10,S,L,0
3070,51,10,S,T,0
3070,51,10,S,R,0
3070,51,10,W,L,0
3070,51,10,W,T,0
3070,51,10,W,R,0
3071,51,11,N,L,0
3071,51,11,N,T,0
3071,51,11,N,R,0
3071,51,11,E,L,0
3071,51,11,E,T,0
3071,51,11,E,R,0
3071,51,11,S,L,0
3071,51,11,S,T,1
3071,51,11,S,R,0
3071,51,11,W,L,0
3071,51,11,W,T,0
3071,51,11,W,R,0
3072,51,12,N,L,0
3072,51,12,N,T,0
3072,51,12,N,R,0
3072,51,12,E,L,0
3072,51,12,E,T,1
3072,51,12,E,R,0
3072,51,12,S,L,0
3072,51,12,S,T,0
3072,51,12,S,R,0
3072,51,12,W,L,0
3072,51,12,W,T,0
3072,51,12,W,R,0
3073,51,13,N,L,0
3073,51,13,N,T,0
3073,51,13,N,R,0
3073,51,13,E,L,0
3073,51,13,E,T,0
3073,51,13,E,R,0
3073,51,13,S,L,0
3073,51,13,S,T,0
3073,51,13,S,R,0
3073,51,13,W,L,0
3073,51,13,W,T,0
3073,51,13,W,R,0
3074,51,14,N,L,0
3074,51,14,N,T,0
3074,51,14,N,R,1
3074,51,14,E,L,0
3074,51,14,E,T,1
3074,51,14,E,R,0
3074,51,14,S,L,0
3074,51,14,S,T,0
3074,51,14,S,R,0
3074,51,14,W,L,0
3074,51,14,W,T,0
3074,51,14,W,R,0
3075,51,15,N,L,0
3075,51,15,N,T,0
3075,51,15,N,R,0
3075,51,15,E,L,0
3075,51,15,E,T,0
3075,51,15,E,R,0
3075,51,15,S,L,0
3075,51,15,S,T,0
3075,51,15,S,R,0
3075,51,15,W,L,0
3075,51,15,W,T,0
3075,51,15,W,R,0
3076,51,16,N,L,0
3076,51,16,N,T,0
3076,51,16,N,R,0
3076,51,16,E,L,0
3076,51,16,E,T,0
3076,51,16,E,R,0
3076,51,16,S,L,0
3076,51,16,S,T,0
3076,51,16,S,R,0
3076,51,16,W,L,0
3076,51,16,W,T,0
3076,51,16,W,R,0
3077,51,17,N,L,1
3077,51,17,N,T,0
3077,51,17,N,R,0
3077,51,17,E,L,0
3077,51,17,E,T,0
3077,51,17,E,R,0
3077,51,17,S,L,0
3077,51,17,S,T,0
3077,51,17,S,R,0
3077,51,17,W,L,0
3077,51,17,W,T,0
3077,51,17,W,R,0
3078,51,18,N,L,0
3078,51,18,N,T,1
3078,51,18,N,R,0
3078,51,18,E,L,0
3078,51,18,E,T,0
3078,51,18,E,R,0
3078,51,18,S,L,0
3078,51,18,S,T,0
3078,51,18,S,R,0
3078,51,18,W,L,1
3078,51,18,W,T,0
3078,51,18,W,R,0
3079,51,19,N,L,0
3079,51,19,N,T,1
3079,51,19,N,R,0
3079,51,19,E,L,0
3079,51,19,E,T,0
3079,51,19,E,R,0
3079,51,19,S,L,0
3079,51,19,S,T,1
3079,51,19,S,R,0
3079,51,19,W,L,0
3079,51,19,W,T,2
3079,51,19,W,R,0
3080,51,20,N,L,0
3080,51,20,N,T,1
3080,51,20,N,R,0
3080,51,20,E,L,0
3080,51,20,E,T,0
3080,51,20,E,R,0
3080,51,20,S,L,0
3080,51,20,S,T,0
3080,51,20,S,R,0
3080,51,20,W,L,0
3080,51,20,W,T,0
3080,51,20,W,R,0
3081,51,21,N,L,0
3081,51,21,N,T,0
3081,51,21,N,R,0
3081,51,21,E,L,0
3081,51,21,E,T,0
3081,51,21,E,R,0
3081,51,21,S,L,0
3081,51,21,S,T,0
3081,51,21,S,R,0
3081,51,21,W,L,0
3081,51,21,W,T,0
3081,51,21,W,R,0
3082,51,22,N,L,0
3082,51,22,N,T,1
3082,51,22,N,R,0
3082,51,22,E,L,0
3082,51,22,E,T,0
3082,51,22,E,R,0
3082,51,22,S,L,0
3082,51,22,S,T,0
3082,51,22,S,R,0
3082,51,22,W,L,1
3082,51,22,W,T,0
3082,51,22,W,R,0
3083,51,23,N,L,0
3083,51,23,N,T,0
3083,51,23,N,R,0
3083,51,23,E,L,0
3083,51,23,E,T,0
3083,51,23,E,R,0
3083,51,23,S,L,0
3083,51,23,S,T,0
3083,51,23,S,R,0
3083,51,23,W,L,0
3083,51,23,W,T,0
3083,51,23,W,R,0
3084,51,24,N,L,0
3084,51,24,N,T,0
3084,51,24,N,R,0
3084,51,24,E,L,0
3084,51,24,E,T,2
3084,51,24,E,R,0
3084,51,24,S,L,0
3084,51,24,S,T,0
3084,51,24,S,R,0
3084,51,24,W,L,0
3084,51,24,W,T,0
3084,51,24,W,R,0
3085,51,25,N,L,0
3085,51,25,N,T,0
3085,51,25,N,R,0
3085,51,25,E,L,0
3085,51,25,E,T,0
3085,51,25,E,R,0
3085,51,25,S,L,1
3085,51,25,S,T,0
3085,51,25,S,R,0
3085,51,25,W,L,0
3085,51,25,W,T,0
3085,51,25,W,R,0
3086,51,26,N,L,0
3086,51,26,N,T,0
3086,51,26,N,R,0
3086,51,26,E,L,0
3086,51,26,E,T,0
3086,51,26,E,R,0
3086,51,26,S,L,0
3086,51,26,S,T,0
3086,51,26,S,R,0
3086,51,26,W,L,0
3086,51,26,W,T,0
3086,51,26,W,R,0
3087,51,27,N,L,0
3087,51,27,N,T,0
3087,51,27,N,R,0
3087,51,27,E,L,0
3087,51,27,E,T,0
3087,51,27,E,R,0
3087,51,27,S,L,0
3087,51,27,S,T,0
3087,51,27,S,R,0
3087,51,27,W,L,0
3087,51,27,W,T,0
3087,51,27,W,R,0
3088,51,28,N,L,0
3088,51,28,N,T,0
3088,51,28,N,R,0
3088,51,28,E,L,0
3088,51,28,E,T,0
3088,51,28,E,R,0
3088,51,28,S,L,0
3088,51,28,S,T,0
3088,51,28,S,R,0
3088,51,28,W,L,1
3088,51,28,W,T,0
3088,51,28,W,R,0
3089,51,29,N,L,0
3089,51,29,N,T,0
3089,51,29,N,R,0
3089,51,29,E,L,0
3089,51,29,E,T,0
3089,51,29,E,R,0
3089,51,29,S,L,0
3089,51,29,S,T,0
3089,51,29,S,R,0
3089,51,29,W,L,0
3089,51,29,W,T,0
3089,51,29,W,R,0
3090,51,30,N,L,0
3090,51,30,N,T,1
3090,51,30,N,R,1
3090,51,30,E,L,1
3090,51,30,E,T,0
3090,51,30,E,R,0
3090,51,30,S,L,0
3090,51,30,S,T,0
3090,51,30,S,R,0
3090,51,30,W,L,0
3090,51,30,W,T,0
3090,51,30,W,R,0
3091,51,31,N,L,0
3091,51,31,N,T,0
3091,51,31,N,R,0
3091,51,31,E,L,0
3091,51,31,E,T,0
3091,51,31,E,R,0
3091,51,31,S,L,0
3091,51,31,S,T,0
3091,51,31,S,R,0
3091,51,31,W,L,1
3091,51,31,W,T,0
3091,51,31,W,R,0
3092,51,32,N,L,0
3092,51,32,N,T,0
3092,51,32,N,R,0
3092,51,32,E,L,0
3092,51,32,E,T,0
3092,51,32,E,R,0
3092,51,32,S,L,0
3092,51,32,S,T,0
3092,51,32,S,R,0
3092,51,32,W,L,0
3092,51,32,W,T,0
3092,51,32,W,R,0
3093,51,33,N,L,0
3093,51,33,N,T,0
3093,51,33,N,R,0
3093,51,33,E,L,0
3093,51,33,E,T,1
3093,51,33,E,R,0
3093,51,33,S,L,0
3093,51,33,S,T,0
3093,51,33,S,R,0
3093,51,33,W,L,0
3093,51,33,W,T,0
3093,51,33,W,R,0
3094,51,34,N,L,0
3094,51,34,N,T,0
3094,51,34,N,R,0
3094,51,34,E,L,0
3094,51,34,E,T,1
3094,51,34,E,R,0
3094,51,34,S,L,0
3094,51,34,S,T,0
3094,51,34,S,R,0
3094,51,34,W,L,0
3094,51,34,W,T,1
3094,51,34,W,R,0
3095,51,35,N,L,0
3095,51,35,N,T,0
3095,51,35,N,R,0
3095,51,35,E,L,0
3095,51,35,E,T,0
3095,51,35,E,R,0
3095,51,35,S,L,0
3095,51,35,S,T,0
3095,51,35,S,R,0
3095,51,35,W,L,0
3095,51,35,W,T,0
3095,51,35,W,R,0
3096,51,36,N,L,0
3096,51,36,N,T,0
3096,51,36,N,R,0
3096,51,36,E,L,0
3096,51,36,E,T,0
3096,51,36,E,R,0
3096,51,36,S,L,0
3096,51,36,S,T,0
3096,51,36,S,R,0
3096,51,36,W,L,0
3096,51,36,W,T,0
3096,51,36,W,R,0
3097,51,37,N,L,0
3097,51,37,N,T,0
3097,51,37,N,R,0
3097,51,37,E,L,0
3097,51,37,E,T,1
3097,51,37,E,R,0
3097,51,37,S,L,0
3097,51,37,S,T,0
3097,51,37,S,R,0
3097,51,37,W,L,1
3097,51,37,W,T,0
3097,51,37,W,R,0
3098,51,38,N,L,0
3098,51,38,N,T,0
3098,51,38,N,R,0
3098,51,38,E,L,0
3098,51,38,E,T,0
3098,51,38,E,R,0
3098,51,38,S,L,0
3098,51,38,S,T,0
3098,51,38,S,R,0
3098,51,38,W,L,0
3098,51,38,W,T,0
3098,51,38,W,R,0
3099,51,39,N,L,0
3099,51,39,N,T,0
3099,51,39,N,R,1
3099,51,39,E,L,0
3099,51,39,E,T,0
3099,51,39,E,R,0
3099,51,39,S,L,0
3099,51,39,S,T,0
3099,51,39,S,R,0
3099,51,39,W,L,0
3099,51,39,W,T,0
3099,51,39,W,R,0
3100,51,40,N,L,0
3100,51,40,N,T,0
3100,51,40,N,R,0
3100,51,40,E,L,0
3100,51,40,E,T,1
3100,51,40,E,R,0
3100,51,40,S,L,0
3100,51,40,S,T,0
3100,51,40,S,R,0
3100,51,40,W,L,0
3100,51,40,W,T,0
3100,51,40,W,R,0
3101,51,41,N,L,0
3101,51,41,N,T,1
3101,51,41,N,R,0
3101,51,41,E,L,0
3101,51,41,E,T,0
3101,51,41,E,R,0
3101,51,41,S,L,0
3101,51,41,S,T,0
3101,51,41,S,R,0
3101,51,41,W,L,0
3101,51,41,W,T,0
3101,51,41,W,R,0
3102,51,42,N,L,0
3102,51,42,N,T,0
3102,51,42,N,R,0
3102,51,42,E,L,0
3102,51,42,E,T,0
3102,51,42,E,R,0
3102,51,42,S,L,0
3102,51,42,S,T,0
3102,51,42,S,R,0
3102,51,42,W,L,0
3102,51,42,W,T,0
3102,51,42,W,R,0
3103,51,43,N,L,0
3103,51,43,N,T,0
3103,51,43,N,R,0
3103,51,43,E,L,0
3103,51,43,E,T,0
3103,51,43,E,R,0
3103,51,43,S,L,0
3103,51,43,S,T,0
3103,51,43,S,R,0
3103,51,43,W,L,0
3103,51,43,W,T,0
3103,51,43,W,R,0
3104,51,44,N,L,0
3104,51,44,N,T,0
3104,51,44,N,R,0
3104,51,44,E,L,0
3104,51,44,E,T,0
3104,51,44,E,R,0
3104,51,44,S,L,0
3104,51,44,S,T,0
3104,51,44,S,R,0
3104,51,44,W,L,0
3104,51,44,W,T,0
3104,51,44,W,R,0
3105,51,45,N,L,0
3105,51,45,N,T,0
3105,51,45,N,R,0
3105,51,45,E,L,0
3105,51,45,E,T,0
3105,51,45,E,R,0
3105,51,45,S,L,0
3105,51,45,S,T,0
3105,51,45,S,R,0
3105,51,45,W,L,0
3105,51,45,W,T,0
3105,51,45,W,R,0
3106,51,46,N,L,0
3106,51,46,N,T,0
3106,51,46,N,R,0
3106,51,46,E,L,0
3106,51,46,E,T,0
3106,51,46,E,R,0
3106,51,46,S,L,0
3106,51,46,S,T,0
3106,51,46,S,R,0
3106,51,46,W,L,0
3106,51,46,W,T,0
3106,51,46,W,R,0
3107,51,47,N,L,0
3107,51,47,N,T,0
3107,51,47,N,R,0
3107,51,47,E,L,0
3107,51,47,E,T,0
3107,51,47,E,R,0
3107,51,47,S,L,0
3107,51,47,S,T,0
3107,51,47,S,R,0
3107,51,47,W,L,0
3107,51,47,W,T,0
3107,51,47,W,R,0
3108,51,48,N,L,0
3108,51,48,N,T,0
3108,51,48,N,R,0
3108,51,48,E,L,0
3108,51,48,E,T,1
3108,51,48,E,R,0
3108,51,48,S,L,0
3108,51,48,S,T,1
3108,51,48,S,R,0
3108,51,48,W,L,0
3108,51,48,W,T,1
3108,51,48,W,R,0
3109,51,49,N,L,0
3109,51,49,N,T,0
3109,51,49,N,R,0
3109,51,49,E,L,0
3109,51,49,E,T,0
3109,51,49,E,R,0
3109,51,49,S,L,0
3109,51,49,S,T,0
3109,51,49,S,R,0
3109,51,49,W,L,0
3109,51,49,W,T,0
3109,51,49,W,R,0
3110,51,50,N,L,0
3110,51,50,N,T,0
3110,51,50,N,R,0
3110,51,50,E,L,0
3110,51,50,E,T,0
3110,51,50,E,R,0
3110,51,50,S,L,0
3110,51,50,S,T,0
3110,51,50,S,R,0
3110,51,50,W,L,0
3110,51,50,W,T,0
3110,51,50,W,R,0
3111,51,51,N,L,0
3111,51,51,N,T,0
3111,51,51,N,R,0
3111,51,51,E,L,0
3111,51,51,E,T,0
3111,51,51,E,R,1
3111,51,51,S,L,0
3111,51,51,S,T,0
3111,51,51,S,R,0
3111,51,51,W,L,0
3111,51,51,W,T,0
3111,51,51,W,R,0
3112,51,52,N,L,0
3112,51,52,N,T,0
3112,51,52,N,R,1
3112,51,52,E,L,0
3112,51,52,E,T,0
3112,51,52,E,R,0
3112,51,52,S,L,0
3112,51,52,S,T,1
3112,51,52,S,R,0
3112,51,52,W,L,0
3112,51,52,W,T,1
3112,51,52,W,R,0
3113,51,53,N,L,0
3113,51,53,N,T,0
3113,51,53,N,R,0
3113,51,53,E,L,0
3113,51,53,E,T,0
3113,51,53,E,R,0
3113,51,53,S,L,0
3113,51,53,S,T,1
3113,51,53,S,R,0
3113,51,53,W,L,0
3113,51,53,W,T,1
3113,51,53,W,R,0
3114,51,54,N,L,0
3114,51,54,N,T,0
3114,51,54,N,R,0
3114,51,54,E,L,0
3114,51,54,E,T,0
3114,51,54,E,R,0
3114,51,54,S,L,0
3114,51,54,S,T,0
3114,51,54,S,R,0
3114,51,54,W,L,0
3114,51,54,W,T,0
3114,51,54,W,R,0
3115,51,55,N,L,0
3115,51,55,N,T,0
3115,51,55,N,R,1
3115,51,55,E,L,0
3115,51,55,E,T,0
3115,51,55,E,R,0
3115,51,55,S,L,0
3115,51,55,S,T,1
3115,51,55,S,R,0
3115,51,55,W,L,0
3115,51,55,W,T,0
3115,51,55,W,R,0
3116,51,56,N,L,0
3116,51,56,N,T,0
3116,51,56,N,R,0
3116,51,56,E,L,0
3116,51,56,E,T,0
3116,51,56,E,R,0
3116,51,56,S,L,0
3116,51,56,S,T,1
3116,51,56,S,R,0
3116,51,56,W,L,0
3116,51,56,W,T,0
3116,51,56,W,R,0
3117,51,57,N,L,0
3117,51,57,N,T,0
3117,51,57,N,R,0
3117,51,57,E,L,0
3117,51,57,E,T,0
3117,51,57,E,R,0
3117,51,57,S,L,0
3117,51,57,S,T,1
3117,51,57,S,R,0
3117,51,57,W,L,0
3117,51,57,W,T,0
3117,51,57,W,R,0
3118,51,58,N,L,0
3118,51,58,N,T,0
3118,51,58,N,R,0
3118,51,58,E,L,0
3118,51,58,E,T,0
3118,51,58,E,R,0
3118,51,58,S,L,0
3118,51,58,S,T,0
3118,51,58,S,R,0
3118,51,58,W,L,0
3118,51,58,W,T,0
3118,51,58,W,R,0
3119,51,59,N,L,0
3119,51,59,N,T,0
3119,51,59,N,R,0
3119,51,59,E,L,0
3119,51,59,E,T,0
3119,51,59,E,R,0
3119,51,59,S,L,0
3119,51,59,S,T,0
3119,51,59,S,R,0
3119,51,59,W,L,0
3119,51,59,W,T,0
3119,51,59,W,R,0
3120,52,00,N,L,0
3120,52,00,N,T,0
3120,52,00,N,R,1
3120,52,00,E,L,0
3120,52,00,E,T,0
3120,52,00,E,R,0
3120,52,00,S,L,0
3120,52,00,S,T,1
3120,52,00,S,R,0
3120,52,00,W,L,0
3120,52,00,W,T,0
3120,52,00,W,R,0
3121,52,01,N,L,0
3121,52,01,N,T,0
3121,52,01,N,R,0
3121,52,01,E,L,0
3121,52,01,E,T,0
3121,52,01,E,R,0
3121,52,01,S,L,0
3121,52,01,S,T,1
3121,52,01,S,R,0
3121,52,01,W,L,0
3121,52,01,W,T,0
3121,52,01,W,R,0
3122,52,02,N,L,0
3122,52,02,N,T,1
3122,52,02,N,R,0
3122,52,02,E,L,0
3122,52,02,E,T,0
3122,52,02,E,R,0
3122,52,02,S,L,0
3122,52,02,S,T,0
3122,52,02,S,R,0
3122,52,02,W,L,0
3122,52,02,W,T,0
3122,52,02,W,R,0
3123,52,03,N,L,0
3123,52,03,N,T,0
3123,52,03,N,R,0
3123,52,03,E,L,0
3123,52,03,E,T,0
3123,52,03,E,R,0
3123,52,03,S,L,0
3123,52,03,S,T,0
3123,52,03,S,R,0
3123,52,03,W,L,0
3123,52,03,W,T,0
3123,52,03,W,R,0
3124,52,04,N,L,0
3124,52,04,N,T,0
3124,52,04,N,R,0
3124,52,04,E,L,0
3124,52,04,E,T,1
3124,52,04,E,R,0
3124,52,04,S,L,0
3124,52,04,S,T,1
3124,52,04,S,R,0
3124,52,04,W,L,0
3124,52,04,W,T,0
3124,52,04,W,R,0
3125,52,05,N,L,0
3125,52,05,N,T,0
3125,52,05,N,R,0
3125,52,05,E,L,0
3125,52,05,E,T,0
3125,52,05,E,R,0
3125,52,05,S,L,0
3125,52,05,S,T,0
3125,52,05,S,R,0
3125,52,05,W,L,0
3125,52,05,W,T,1
3125,52,05,W,R,0
3126,52,06,N,L,0
3126,52,06,N,T,0
3126,52,06,N,R,0
3126,52,06,E,L,0
3126,52,06,E,T,0
3126,52,06,E,R,0
3126,52,06,S,L,0
3126,52,06,S,T,0
3126,52,06,S,R,0
3126,52,06,W,L,0
3126,52,06,W,T,0
3126,52,06,W,R,0
3127,52,07,N,L,0
3127,52,07,N,T,1
3127,52,07,N,R,0
3127,52,07,E,L,0
3127,52,07,E,T,0
3127,52,07,E,R,0
3127,52,07,S,L,0
3127,52,07,S,T,0
3127,52,07,S,R,0
3127,52,07,W,L,0
3127,52,07,W,T,0
3127,52,07,W,R,0
3128,52,08,N,L,0
3128,52,08,N,T,1
3128,52,08,N,R,0
3128,52,08,E,L,0
3128,52,08,E,T,0
3128,52,08,E,R,0
3128,52,08,S,L,0
3128,52,08,S,T,0
3128,52,08,S,R,0
3128,52,08,W,L,0
3128,52,08,W,T,0
3128,52,08,W,R,0
3129,52,09,N,L,0
3129,52,09,N,T,0
3129,52,09,N,R,0
3129,52,09,E,L,0
3129,52,09,E,T,0
3129,52,09,E,R,0
3129,52,09,S,L,0
3129,52,09,S,T,0
3129,52,09,S,R,0
3129,52,09,W,L,0
3129,52,09,W,T,0
3129,52,09,W,R,0
3130,52,10,N,L,0
3130,52,10,N,T,0
3130,52,10,N,R,0
3130,52,10,E,L,0
3130,52,10,E,T,0
3130,52,10,E,R,0
3130,52,10,S,L,0
3130,52,10,S,T,0
3130,52,10,S,R,0
3130,52,10,W,L,0
3130,52,10,W,T,0
3130,52,10,W,R,0
3131,52,11,N,L,0
3131,52,11,N,T,0
3131,52,11,N,R,0
3131,52,11,E,L,0
3131,52,11,E,T,1
3131,52,11,E,R,0
3131,52,11,S,L,0
3131,52,11,S,T,0
3131,52,11,S,R,0
3131,52,11,W,L,0
3131,52,11,W,T,0
3131,52,11,W,R,0
3132,52,12,N,L,0
3132,52,12,N,T,0
3132,52,12,N,R,0
3132,52,12,E,L,0
3132,52,12,E,T,0
3132,52,12,E,R,0
3132,52,12,S,L,0
3132,52,12,S,T,0
3132,52,12,S,R,0
3132,52,12,W,L,0
3132,52,12,W,T,0
3132,52,12,W,R,0
3133,52,13,N,L,0
3133,52,13,N,T,0
3133,52,13,N,R,0
3133,52,13,E,L,0
3133,52,13,E,T,0
3133,52,13,E,R,0
3133,52,13,S,L,0
3133,52,13,S,T,0
3133,52,13,S,R,0
3133,52,13,W,L,0
3133,52,13,W,T,0
3133,52,13,W,R,0
3134,52,14,N,L,0
3134,52,14,N,T,0
3134,52,14,N,R,0
3134,52,14,E,L,0
3134,52,14,E,T,0
3134,52,14,E,R,0
3134,52,14,S,L,0
3134,52,14,S,T,0
3134,52,14,S,R,0
3134,52,14,W,L,0
3134,52,14,W,T,1
3134,52,14,W,R,0
3135,52,15,N,L,0
3135,52,15,N,T,0
3135,52,15,N,R,0
3135,52,15,E,L,0
3135,52,15,E,T,0
3135,52,15,E,R,0
3135,52,15,S,L,0
3135,52,15,S,T,0
3135,52,15,S,R,0
3135,52,15,W,L,0
3135,52,15,W,T,0
3135,52,15,W,R,0
3136,52,16,N,L,0
3136,52,16,N,T,0
3136,52,16,N,R,0
3136,52,16,E,L,0
3136,52,16,E,T,0
3136,52,16,E,R,0
3136,52,16,S,L,0
3136,52,16,S,T,0
3136,52,16,S,R,0
3136,52,16,W,L,0
3136,52,16,W,T,0
3136,52,16,W,R,0
3137,52,17,N,L,0
3137,52,17,N,T,1
3137,52,17,N,R,0
3137,52,17,E,L,0
3137,52,17,E,T,0
3137,52,17,E,R,0
3137,52,17,S,L,0
3137,52,17,S,T,0
3137,52,17,S,R,0
3137,52,17,W,L,0
3137,52,17,W,T,0
3137,52,17,W,R,1
3138,52,18,N,L,0
3138,52,18,N,T,1
3138,52,18,N,R,0
3138,52,18,E,L,0
3138,52,18,E,T,0
3138,52,18,E,R,0
3138,52,18,S,L,0
3138,52,18,S,T,0
3138,52,18,S,R,0
3138,52,18,W,L,0
3138,52,18,W,T,1
3138,52,18,W,R,0
3139,52,19,N,L,0
3139,52,19,N,T,1
3139,52,19,N,R,0
3139,52,19,E,L,0
3139,52,19,E,T,0
3139,52,19,E,R,0
3139,52,19,S,L,0
3139,52,19,S,T,1
3139,52,19,S,R,0
3139,52,19,W,L,0
3139,52,19,W,T,1
3139,52,19,W,R,0
3140,52,20,N,L,0
3140,52,20,N,T,0
3140,52,20,N,R,0
3140,52,20,E,L,0
3140,52,20,E,T,1
3140,52,20,E,R,0
3140,52,20,S,L,0
3140,52,20,S,T,0
3140,52,20,S,R,0
3140,52,20,W,L,0
3140,52,20,W,T,2
3140,52,20,W,R,0
3141,52,21,N,L,0
3141,52,21,N,T,0
3141,52,21,N,R,0
3141,52,21,E,L,0
3141,52,21,E,T,0
3141,52,21,E,R,0
3141,52,21,S,L,0
3141,52,21,S,T,0
3141,52,21,S,R,0
3141,52,21,W,L,0
3141,52,21,W,T,0
3141,52,21,W,R,0
3142,52,22,N,L,0
3142,52,22,N,T,0
3142,52,22,N,R,0
3142,52,22,E,L,0
3142,52,22,E,T,0
3142,52,22,E,R,0
3142,52,22,S,L,0
3142,52,22,S,T,0
3142,52,22,S,R,0
3142,52,22,W,L,0
3142,52,22,W,T,0
3142,52,22,W,R,0
3143,52,23,N,L,0
3143,52,23,N,T,0
3143,52,23,N,R,0
3143,52,23,E,L,0
3143,52,23,E,T,0
3143,52,23,E,R,0
3143,52,23,S,L,0
3143,52,23,S,T,0
3143,52,23,S,R,0
3143,52,23,W,L,0
3143,52,23,W,T,0
3143,52,23,W,R,0
3144,52,24,N,L,0
3144,52,24,N,T,0
3144,52,24,N,R,0
3144,52,24,E,L,0
3144,52,24,E,T,0
3144,52,24,E,R,0
3144,52,24,S,L,0
3144,52,24,S,T,0
3144,52,24,S,R,0
3144,52,24,W,L,0
3144,52,24,W,T,1
3144,52,24,W,R,0
3145,52,25,N,L,0
3145,52,25,N,T,1
3145,52,25,N,R,0
3145,52,25,E,L,0
3145,52,25,E,T,0
3145,52,25,E,R,0
3145,52,25,S,L,0
3145,52,25,S,T,0
3145,52,25,S,R,0
3145,52,25,W,L,0
3145,52,25,W,T,1
3145,52,25,W,R,0
3146,52,26,N,L,0
3146,52,26,N,T,0
3146,52,26,N,R,0
3146,52,26,E,L,0
3146,52,26,E,T,0
3146,52,26,E,R,1
3146,52,26,S,L,0
3146,52,26,S,T,0
3146,52,26,S,R,0
3146,52,26,W,L,0
3146,52,26,W,T,0
3146,52,26,W,R,0
3147,52,27,N,L,0
3147,52,27,N,T,0
3147,52,27,N,R,0
3147,52,27,E,L,0
3147,52,27,E,T,0
3147,52,27,E,R,0
3147,52,27,S,L,0
3147,52,27,S,T,0
3147,52,27,S,R,0
3147,52,27,W,L,0
3147,52,27,W,T,0
3147,52,27,W,R,0
3148,52,28,N,L,0
3148,52,28,N,T,1
3148,52,28,N,R,0
3148,52,28,E,L,0
3148,52,28,E,T,0
3148,52,28,E,R,0
3148,52,28,S,L,0
3148,52,28,S,T,1
3148,52,28,S,R,0
3148,52,28,W,L,0
3148,52,28,W,T,0
3148,52,28,W,R,0
3149,52,29,N,L,0
3149,52,29,N,T,0
3149,52,29,N,R,0
3149,52,29,E,L,0
3149,52,29,E,T,0
3149,52,29,E,R,0
3149,52,29,S,L,0
3149,52,29,S,T,0
3149,52,29,S,R,0
3149,52,29,W,L,0
3149,52,29,W,T,0
3149,52,29,W,R,0
3150,52,30,N,L,0
3150,52,30,N,T,1
3150,52,30,N,R,0
3150,52,30,E,L,0
3150,52,30,E,T,0
3150,52,30,E,R,0
3150,52,30,S,L,0
3150,52,30,S,T,0
3150,52,30,S,R,0
3150,52,30,W,L,0
3150,52,30,W,T,0
3150,52,30,W,R,0
3151,52,31,N,L,0
3151,52,31,N,T,1
3151,52,31,N,R,0
3151,52,31,E,L,0
3151,52,31,E,T,0
3151,52,31,E,R,0
3151,52,31,S,L,0
3151,52,31,S,T,0
3151,52,31,S,R,0
3151,52,31,W,L,0
3151,52,31,W,T,0
3151,52,31,W,R,0
3152,52,32,N,L,0
3152,52,32,N,T,0
3152,52,32,N,R,0
3152,52,32,E,L,0
3152,52,32,E,T,0
3152,52,32,E,R,0
3152,52,32,S,L,0
3152,52,32,S,T,0
3152,52,32,S,R,0
3152,52,32,W,L,0
3152,52,32,W,T,0
3152,52,32,W,R,0
3153,52,33,N,L,0
3153,52,33,N,T,0
3153,52,33,N,R,0
3153,52,33,E,L,0
3153,52,33,E,T,0
3153,52,33,E,R,0
3153,52,33,S,L,0
3153,52,33,S,T,0
3153,52,33,S,R,0
3153,52,33,W,L,0
3153,52,33,W,T,0
3153,52,33,W,R,0
3154,52,34,N,L,0
3154,52,34,N,T,0
3154,52,34,N,R,0
3154,52,34,E,L,0
3154,52,34,E,T,0
3154,52,34,E,R,0
3154,52,34,S,L,0
3154,52,34,S,T,0
3154,52,34,S,R,0
3154,52,34,W,L,1
3154,52,34,W,T,0
3154,52,34,W,R,0
3155,52,35,N,L,0
3155,52,35,N,T,0
3155,52,35,N,R,0
3155,52,35,E,L,0
3155,52,35,E,T,0
3155,52,35,E,R,0
3155,52,35,S,L,0
3155,52,35,S,T,1
3155,52,35,S,R,0
3155,52,35,W,L,0
3155,52,35,W,T,0
3155,52,35,W,R,0
3156,52,36,N,L,0
3156,52,36,N,T,0
3156,52,36,N,R,0
3156,52,36,E,L,0
3156,52,36,E,T,0
3156,52,36,E,R,0
3156,52,36,S,L,0
3156,52,36,S,T,0
3156,52,36,S,R,0
3156,52,36,W,L,0
3156,52,36,W,T,2
3156,52,36,W,R,0
3157,52,37,N,L,0
3157,52,37,N,T,0
3157,52,37,N,R,0
3157,52,37,E,L,0
3157,52,37,E,T,0
3157,52,37,E,R,0
3157,52,37,S,L,0
3157,52,37,S,T,0
3157,52,37,S,R,0
3157,52,37,W,L,0
3157,52,37,W,T,0
3157,52,37,W,R,0
3158,52,38,N,L,0
3158,52,38,N,T,0
3158,52,38,N,R,0
3158,52,38,E,L,0
3158,52,38,E,T,0
3158,52,38,E,R,0
3158,52,38,S,L,0
3158,52,38,S,T,0
3158,52,38,S,R,0
3158,52,38,W,L,0
3158,52,38,W,T,0
3158,52,38,W,R,0
3159,52,39,N,L,0
3159,52,39,N,T,0
3159,52,39,N,R,0
3159,52,39,E,L,0
3159,52,39,E,T,0
3159,52,39,E,R,0
3159,52,39,S,L,0
3159,52,39,S,T,1
3159,52,39,S,R,0
3159,52,39,W,L,0
3159,52,39,W,T,0
3159,52,39,W,R,0
3160,52,40,N,L,0
3160,52,40,N,T,0
3160,52,40,N,R,0
3160,52,40,E,L,0
3160,52,40,E,T,1
3160,52,40,E,R,0
3160,52,40,S,L,0
3160,52,40,S,T,0
3160,52,40,S,R,0
3160,52,40,W,L,0
3160,52,40,W,T,0
3160,52,40,W,R,0
3161,52,41,N,L,0
3161,52,41,N,T,0
3161,52,41,N,R,0
3161,52,41,E,L,0
3161,52,41,E,T,0
3161,52,41,E,R,0
3161,52,41,S,L,0
3161,52,41,S,T,0
3161,52,41,S,R,0
3161,52,41,W,L,0
3161,52,41,W,T,0
3161,52,41,W,R,0
3162,52,42,N,L,0
3162,52,42,N,T,0
3162,52,42,N,R,0
3162,52,42,E,L,0
3162,52,42,E,T,0
3162,52,42,E,R,0
3162,52,42,S,L,0
3162,52,42,S,T,0
3162,52,42,S,R,0
3162,52,42,W,L,0
3162,52,42,W,T,0
3162,52,42,W,R,0
3163,52,43,N,L,0
3163,52,43,N,T,0
3163,52,43,N,R,0
3163,52,43,E,L,0
3163,52,43,E,T,0
3163,52,43,E,R,0
3163,52,43,S,L,0
3163,52,43,S,T,0
3163,52,43,S,R,0
3163,52,43,W,L,0
3163,52,43,W,T,0
3163,52,43,W,R,0
3164,52,44,N,L,0
3164,52,44,N,T,0
3164,52,44,N,R,0
3164,52,44,E,L,0
3164,52,44,E,T,0
3164,52,44,E,R,0
3164,52,44,S,L,0
3164,52,44,S,T,0
3164,52,44,S,R,0
3164,52,44,W,L,0
3164,52,44,W,T,0
3164,52,44,W,R,0
3165,52,45,N,L,0
3165,52,45,N,T,0
3165,52,45,N,R,0
3165,52,45,E,L,0
3165,52,45,E,T,0
3165,52,45,E,R,0
3165,52,45,S,L,0
3165,52,45,S,T,0
3165,52,45,S,R,0
3165,52,45,W,L,0
3165,52,45,W,T,0
3165,52,45,W,R,0
3166,52,46,N,L,0
3166,52,46,N,T,0
3166,52,46,N,R,0
3166,52,46,E,L,0
3166,52,46,E,T,0
3166,52,46,E,R,0
3166,52,46,S,L,0
3166,52,46,S,T,0
3166,52,46,S,R,0
3166,52,46,W,L,0
3166,52,46,W,T,0
3166,52,46,W,R,0
3167,52,47,N,L,0
3167,52,47,N,T,0
3167,52,47,N,R,0
3167,52,47,E,L,0
3167,52,47,E,T,0
3167,52,47,E,R,0
3167,52,47,S,L,0
3167,52,47,S,T,0
3167,52,47,S,R,0
3167,52,47,W,L,0
3167,52,47,W,T,0
3167,52,47,W,R,0
3168,52,48,N,L,1
3168,52,48,N,T,1
3168,52,48,N,R,0
3168,52,48,E,L,0
3168,52,48,E,T,0
3168,52,48,E,R,1
3168,52,48,S,L,0
3168,52,48,S,T,0
3168,52,48,S,R,0
3168,52,48,W,L,0
3168,52,48,W,T,0
3168,52,48,W,R,0
3169,52,49,N,L,0
3169,52,49,N,T,0
3169,52,49,N,R,0
3169,52,49,E,L,1
3169,52,49,E,T,0
3169,52,49,E,R,0
3169,52,49,S,L,0
3169,52,49,S,T,0
3169,52,49,S,R,0
3169,52,49,W,L,0
3169,52,49,W,T,0
3169,52,49,W,R,0
3170,52,50,N,L,0
3170,52,50,N,T,0
3170,52,50,N,R,0
3170,52,50,E,L,0
3170,52,50,E,T,0
3170,52,50,E,R,0
3170,52,50,S,L,1
3170,52,50,S,T,0
3170,52,50,S,R,0
3170,52,50,W,L,0
3170,52,50,W,T,0
3170,52,50,W,R,0
3171,52,51,N,L,0
3171,52,51,N,T,0
3171,52,51,N,R,0
3171,52,51,E,L,0
3171,52,51,E,T,0
3171,52,51,E,R,0
3171,52,51,S,L,0
3171,52,51,S,T,0
3171,52,51,S,R,0
3171,52,51,W,L,0
3171,52,51,W,T,0
3171,52,51,W,R,0
3172,52,52,N,L,0
3172,52,52,N,T,0
3172,52,52,N,R,0
3172,52,52,E,L,0
3172,52,52,E,T,0
3172,52,52,E,R,0
3172,52,52,S,L,0
3172,52,52,S,T,1
3172,52,52,S,R,0
3172,52,52,W,L,0
3172,52,52,W,T,1
3172,52,52,W,R,0
3173,52,53,N,L,0
3173,52,53,N,T,0
3173,52,53,N,R,0
3173,52,53,E,L,0
3173,52,53,E,T,0
3173,52,53,E,R,0
3173,52,53,S,L,0
3173,52,53,S,T,1
3173,52,53,S,R,0
3173,52,53,W,L,0
3173,52,53,W,T,0
3173,52,53,W,R,0
3174,52,54,N,L,0
3174,52,54,N,T,0
3174,52,54,N,R,0
3174,52,54,E,L,0
3174,52,54,E,T,1
3174,52,54,E,R,0
3174,52,54,S,L,0
3174,52,54,S,T,0
3174,52,54,S,R,0
3174,52,54,W,L,0
3174,52,54,W,T,0
3174,52,54,W,R,0
3175,52,55,N,L,0
3175,52,55,N,T,0
3175,52,55,N,R,0
3175,52,55,E,L,0
3175,52,55,E,T,0
3175,52,55,E,R,0
3175,52,55,S,L,0
3175,52,55,S,T,0
3175,52,55,S,R,0
3175,52,55,W,L,0
3175,52,55,W,T,0
3175,52,55,W,R,0
3176,52,56,N,L,0
3176,52,56,N,T,1
3176,52,56,N,R,0
3176,52,56,E,L,0
3176,52,56,E,T,0
3176,52,56,E,R,0
3176,52,56,S,L,0
3176,52,56,S,T,0
3176,52,56,S,R,0
3176,52,56,W,L,0
3176,52,56,W,T,1
3176,52,56,W,R,0
3177,52,57,N,L,0
3177,52,57,N,T,0
3177,52,57,N,R,0
3177,52,57,E,L,1
3177,52,57,E,T,1
3177,52,57,E,R,0
3177,52,57,S,L,0
3177,52,57,S,T,0
3177,52,57,S,R,0
3177,52,57,W,L,0
3177,52,57,W,T,0
3177,52,57,W,R,0
3178,52,58,N,L,0
3178,52,58,N,T,0
3178,52,58,N,R,1
3178,52,58,E,L,0
3178,52,58,E,T,0
3178,52,58,E,R,0
3178,52,58,S,L,0
3178,52,58,S,T,1
3178,52,58,S,R,0
3178,52,58,W,L,0
3178,52,58,W,T,0
3178,52,58,W,R,0
3179,52,59,N,L,0
3179,52,59,N,T,0
3179,52,59,N,R,0
3179,52,59,E,L,0
3179,52,59,E,T,0
3179,52,59,E,R,0
3179,52,59,S,L,1
3179,52,59,S,T,0
3179,52,59,S,R,0
3179,52,59,W,L,0
3179,52,59,W,T,0
3179,52,59,W,R,0
3180,53,00,N,L,0
3180,53,00,N,T,0
3180,53,00,N,R,0
3180,53,00,E,L,0
3180,53,00,E,T,1
3180,53,00,E,R,0
3180,53,00,S,L,0
3180,53,00,S,T,1
3180,53,00,S,R,0
3180,53,00,W,L,0
3180,53,00,W,T,0
3180,53,00,W,R,0
3181,53,01,N,L,0
3181,53,01,N,T,0
3181,53,01,N,R,0
3181,53,01,E,L,0
3181,53,01,E,T,0
3181,53,01,E,R,0
3181,53,01,S,L,0
3181,53,01,S,T,1
3181,53,01,S,R,0
3181,53,01,W,L,0
3181,53,01,W,T,0
3181,53,01,W,R,1
3182,53,02,N,L,0
3182,53,02,N,T,1
3182,53,02,N,R,0
3182,53,02,E,L,0
3182,53,02,E,T,0
3182,53,02,E,R,0
3182,53,02,S,L,0
3182,53,02,S,T,0
3182,53,02,S,R,0
3182,53,02,W,L,0
3182,53,02,W,T,0
3182,53,02,W,R,0
3183,53,03,N,L,0
3183,53,03,N,T,0
3183,53,03,N,R,0
3183,53,03,E,L,0
3183,53,03,E,T,0
3183,53,03,E,R,0
3183,53,03,S,L,1
3183,53,03,S,T,1
3183,53,03,S,R,0
3183,53,03,W,L,0
3183,53,03,W,T,0
3183,53,03,W,R,0
3184,53,04,N,L,0
3184,53,04,N,T,1
3184,53,04,N,R,0
3184,53,04,E,L,0
3184,53,04,E,T,0
3184,53,04,E,R,0
3184,53,04,S,L,0
3184,53,04,S,T,1
3184,53,04,S,R,0
3184,53,04,W,L,0
3184,53,04,W,T,0
3184,53,04,W,R,0
3185,53,05,N,L,2
3185,53,05,N,T,1
3185,53,05,N,R,0
3185,53,05,E,L,0
3185,53,05,E,T,0
3185,53,05,E,R,0
3185,53,05,S,L,0
3185,53,05,S,T,0
3185,53,05,S,R,0
3185,53,05,W,L,0
3185,53,05,W,T,0
3185,53,05,W,R,0
3186,53,06,N,L,0
3186,53,06,N,T,1
3186,53,06,N,R,0
3186,53,06,E,L,0
3186,53,06,E,T,1
3186,53,06,E,R,0
3186,53,06,S,L,0
3186,53,06,S,T,0
3186,53,06,S,R,0
3186,53,06,W,L,0
3186,53,06,W,T,1
3186,53,06,W,R,0
3187,53,07,N,L,0
3187,53,07,N,T,0
3187,53,07,N,R,0
3187,53,07,E,L,0
3187,53,07,E,T,0
3187,53,07,E,R,0
3187,53,07,S,L,0
3187,53,07,S,T,0
3187,53,07,S,R,0
3187,53,07,W,L,0
3187,53,07,W,T,0
3187,53,07,W,R,0
3188,53,08,N,L,0
3188,53,08,N,T,0
3188,53,08,N,R,0
3188,53,08,E,L,0
3188,53,08,E,T,0
3188,53,08,E,R,0
3188,53,08,S,L,0
3188,53,08,S,T,1
3188,53,08,S,R,0
3188,53,08,W,L,0
3188,53,08,W,T,0
3188,53,08,W,R,0
3189,53,09,N,L,0
3189,53,09,N,T,1
3189,53,09,N,R,0
3189,53,09,E,L,0
3189,53,09,E,T,0
3189,53,09,E,R,0
3189,53,09,S,L,0
3189,53,09,S,T,0
3189,53,09,S,R,0
3189,53,09,W,L,0
3189,53,09,W,T,1
3189,53,09,W,R,0
3190,53,10,N,L,0
3190,53,10,N,T,0
3190,53,10,N,R,0
3190,53,10,E,L,0
3190,53,10,E,T,1
3190,53,10,E,R,0
3190,53,10,S,L,0
3190,53,10,S,T,1
3190,53,10,S,R,0
3190,53,10,W,L,0
3190,53,10,W,T,0
3190,53,10,W,R,0
3191,53,11,N,L,0
3191,53,11,N,T,0
3191,53,11,N,R,0
3191,53,11,E,L,0
3191,53,11,E,T,0
3191,53,11,E,R,0
3191,53,11,S,L,0
3191,53,11,S,T,0
3191,53,11,S,R,0
3191,53,11,W,L,0
3191,53,11,W,T,0
3191,53,11,W,R,0
3192,53,12,N,L,0
3192,53,12,N,T,0
3192,53,12,N,R,0
3192,53,12,E,L,0
3192,53,12,E,T,0
3192,53,12,E,R,0
3192,53,12,S,L,0
3192,53,12,S,T,0
3192,53,12,S,R,0
3192,53,12,W,L,0
3192,53,12,W,T,0
3192,53,12,W,R,0
3193,53,13,N,L,0
3193,53,13,N,T,0
3193,53,13,N,R,0
3193,53,13,E,L,0
3193,53,13,E,T,0
3193,53,13,E,R,0
3193,53,13,S,L,0
3193,53,13,S,T,0
3193,53,13,S,R,0
3193,53,13,W,L,0
3193,53,13,W,T,0
3193,53,13,W,R,0
3194,53,14,N,L,0
3194,53,14,N,T,1
3194,53,14,N,R,0
3194,53,14,E,L,0
3194,53,14,E,T,0
3194,53,14,E,R,0
3194,53,14,S,L,0
3194,53,14,S,T,0
3194,53,14,S,R,0
3194,53,14,W,L,0
3194,53,14,W,T,0
3194,53,14,W,R,0
3195,53,15,N,L,0
3195,53,15,N,T,0
3195,53,15,N,R,0
3195,53,15,E,L,0
3195,53,15,E,T,0
3195,53,15,E,R,0
3195,53,15,S,L,0
3195,53,15,S,T,0
3195,53,15,S,R,0
3195,53,15,W,L,0
3195,53,15,W,T,2
3195,53,15,W,R,0
3196,53,16,N,L,0
3196,53,16,N,T,0
3196,53,16,N,R,0
3196,53,16,E,L,0
3196,53,16,E,T,1
3196,53,16,E,R,0
3196,53,16,S,L,0
3196,53,16,S,T,0
3196,53,16,S,R,0
3196,53,16,W,L,0
3196,53,16,W,T,0
3196,53,16,W,R,0
3197,53,17,N,L,0
3197,53,17,N,T,0
3197,53,17,N,R,0
3197,53,17,E,L,0
3197,53,17,E,T,0
3197,53,17,E,R,0
3197,53,17,S,L,0
3197,53,17,S,T,0
3197,53,17,S,R,0
3197,53,17,W,L,0
3197,53,17,W,T,0
3197,53,17,W,R,0
3198,53,18,N,L,0
3198,53,18,N,T,0
3198,53,18,N,R,0
3198,53,18,E,L,0
3198,53,18,E,T,0
3198,53,18,E,R,0
3198,53,18,S,L,0
3198,53,18,S,T,0
3198,53,18,S,R,0
3198,53,18,W,L,0
3198,53,18,W,T,0
3198,53,18,W,R,0
3199,53,19,N,L,0
3199,53,19,N,T,1
3199,53,19,N,R,1
3199,53,19,E,L,0
3199,53,19,E,T,0
3199,53,19,E,R,0
3199,53,19,S,L,0
3199,53,19,S,T,0
3199,53,19,S,R,0
3199,53,19,W,L,0
3199,53,19,W,T,0
3199,53,19,W,R,0
3200,53,20,N,L,0
3200,53,20,N,T,0
3200,53,20,N,R,0
3200,53,20,E,L,0
3200,53,20,E,T,0
3200,53,20,E,R,0
3200,53,20,S,L,0
3200,53,20,S,T,0
3200,53,20,S,R,0
3200,53,20,W,L,0
3200,53,20,W,T,0
3200,53,20,W,R,0
3201,53,21,N,L,0
3201,53,21,N,T,0
3201,53,21,N,R,0
3201,53,21,E,L,0
3201,53,21,E,T,1
3201,53,21,E,R,0
3201,53,21,S,L,0
3201,53,21,S,T,0
3201,53,21,S,R,0
3201,53,21,W,L,0
3201,53,21,W,T,0
3201,53,21,W,R,0
3202,53,22,N,L,0
3202,53,22,N,T,0
3202,53,22,N,R,0
3202,53,22,E,L,0
3202,53,22,E,T,0
3202,53,22,E,R,0
3202,53,22,S,L,0
3202,53,22,S,T,0
3202,53,22,S,R,0
3202,53,22,W,L,0
3202,53,22,W,T,0
3202,53,22,W,R,0
3203,53,23,N,L,0
3203,53,23,N,T,0
3203,53,23,N,R,0
3203,53,23,E,L,0
3203,53,23,E,T,0
3203,53,23,E,R,0
3203,53,23,S,L,0
3203,53,23,S,T,0
3203,53,23,S,R,0
3203,53,23,W,L,0
3203,53,23,W,T,0
3203,53,23,W,R,0
3204,53,24,N,L,0
3204,53,24,N,T,0
3204,53,24,N,R,0
3204,53,24,E,L,1
3204,53,24,E,T,0
3204,53,24,E,R,0
3204,53,24,S,L,0
3204,53,24,S,T,0
3204,53,24,S,R,0
3204,53,24,W,L,0
3204,53,24,W,T,1
3204,53,24,W,R,0
3205,53,25,N,L,0
3205,53,25,N,T,0
3205,53,25,N,R,0
3205,53,25,E,L,0
3205,53,25,E,T,0
3205,53,25,E,R,0
3205,53,25,S,L,0
3205,53,25,S,T,0
3205,53,25,S,R,0
3205,53,25,W,L,0
3205,53,25,W,T,0
3205,53,25,W,R,0
3206,53,26,N,L,0
3206,53,26,N,T,0
3206,53,26,N,R,0
3206,53,26,E,L,0
3206,53,26,E,T,0
3206,53,26,E,R,0
3206,53,26,S,L,0
3206,53,26,S,T,0
3206,53,26,S,R,0
3206,53,26,W,L,0
3206,53,26,W,T,1
3206,53,26,W,R,0
3207,53,27,N,L,0
3207,53,27,N,T,1
3207,53,27,N,R,0
3207,53,27,E,L,0
3207,53,27,E,T,0
3207,53,27,E,R,0
3207,53,27,S,L,0
3207,53,27,S,T,0
3207,53,27,S,R,0
3207,53,27,W,L,0
3207,53,27,W,T,0
3207,53,27,W,R,0
3208,53,28,N,L,0
3208,53,28,N,T,0
3208,53,28,N,R,0
3208,53,28,E,L,0
3208,53,28,E,T,0
3208,53,28,E,R,0
3208,53,28,S,L,0
3208,53,28,S,T,0
3208,53,28,S,R,0
3208,53,28,W,L,0
3208,53,28,W,T,1
3208,53,28,W,R,0
3209,53,29,N,L,0
3209,53,29,N,T,0
3209,53,29,N,R,0
3209,53,29,E,L,0
3209,53,29,E,T,0
3209,53,29,E,R,0
3209,53,29,S,L,0
3209,53,29,S,T,0
3209,53,29,S,R,0
3209,53,29,W,L,0
3209,53,29,W,T,0
3209,53,29,W,R,0
3210,53,30,N,L,0
3210,53,30,N,T,1
3210,53,30,N,R,1
3210,53,30,E,L,0
3210,53,30,E,T,0
3210,53,30,E,R,0
3210,53,30,S,L,0
3210,53,30,S,T,0
3210,53,30,S,R,0
3210,53,30,W,L,0
3210,53,30,W,T,0
3210,53,30,W,R,0
3211,53,31,N,L,0
3211,53,31,N,T,1
3211,53,31,N,R,0
3211,53,31,E,L,0
3211,53,31,E,T,0
3211,53,31,E,R,0
3211,53,31,S,L,0
3211,53,31,S,T,0
3211,53,31,S,R,0
3211,53,31,W,L,0
3211,53,31,W,T,0
3211,53,31,W,R,0
3212,53,32,N,L,0
3212,53,32,N,T,0
3212,53,32,N,R,0
3212,53,32,E,L,0
3212,53,32,E,T,1
3212,53,32,E,R,0
3212,53,32,S,L,0
3212,53,32,S,T,0
3212,53,32,S,R,0
3212,53,32,W,L,0
3212,53,32,W,T,0
3212,53,32,W,R,0
3213,53,33,N,L,0
3213,53,33,N,T,0
3213,53,33,N,R,0
3213,53,33,E,L,0
3213,53,33,E,T,0
3213,53,33,E,R,0
3213,53,33,S,L,0
3213,53,33,S,T,0
3213,53,33,S,R,0
3213,53,33,W,L,0
3213,53,33,W,T,0
3213,53,33,W,R,0
3214,53,34,N,L,0
3214,53,34,N,T,0
3214,53,34,N,R,0
3214,53,34,E,L,0
3214,53,34,E,T,0
3214,53,34,E,R,0
3214,53,34,S,L,0
3214,53,34,S,T,0
3214,53,34,S,R,0
3214,53,34,W,L,0
3214,53,34,W,T,0
3214,53,34,W,R,0
3215,53,35,N,L,0
3215,53,35,N,T,0
3215,53,35,N,R,0
3215,53,35,E,L,0
3215,53,35,E,T,0
3215,53,35,E,R,0
3215,53,35,S,L,0
3215,53,35,S,T,0
3215,53,35,S,R,0
3215,53,35,W,L,0
3215,53,35,W,T,0
3215,53,35,W,R,0
3216,53,36,N,L,0
3216,53,36,N,T,1
3216,53,36,N,R,0
3216,53,36,E,L,0
3216,53,36,E,T,0
3216,53,36,E,R,0
3216,53,36,S,L,0
3216,53,36,S,T,0
3216,53,36,S,R,0
3216,53,36,W,L,0
3216,53,36,W,T,0
3216,53,36,W,R,0
3217,53,37,N,L,0
3217,53,37,N,T,0
3217,53,37,N,R,0
3217,53,37,E,L,0
3217,53,37,E,T,0
3217,53,37,E,R,0
3217,53,37,S,L,0
3217,53,37,S,T,0
3217,53,37,S,R,0
3217,53,37,W,L,0
3217,53,37,W,T,0
3217,53,37,W,R,0
3218,53,38,N,L,0
3218,53,38,N,T,0
3218,53,38,N,R,0
3218,53,38,E,L,0
3218,53,38,E,T,0
3218,53,38,E,R,0
3218,53,38,S,L,0
3218,53,38,S,T,0
3218,53,38,S,R,1
3218,53,38,W,L,0
3218,53,38,W,T,0
3218,53,38,W,R,0
3219,53,39,N,L,0
3219,53,39,N,T,0
3219,53,39,N,R,0
3219,53,39,E,L,0
3219,53,39,E,T,0
3219,53,39,E,R,0
3219,53,39,S,L,0
3219,53,39,S,T,0
3219,53,39,S,R,0
3219,53,39,W,L,0
3219,53,39,W,T,0
3219,53,39,W,R,0
3220,53,40,N,L,0
3220,53,40,N,T,1
3220,53,40,N,R,0
3220,53,40,E,L,0
3220,53,40,E,T,0
3220,53,40,E,R,0
3220,53,40,S,L,0
3220,53,40,S,T,0
3220,53,40,S,R,0
3220,53,40,W,L,0
3220,53,40,W,T,0
3220,53,40,W,R,0
3221,53,41,N,L,0
3221,53,41,N,T,0
3221,53,41,N,R,0
3221,53,41,E,L,0
3221,53,41,E,T,0
3221,53,41,E,R,0
3221,53,41,S,L,0
3221,53,41,S,T,0
3221,53,41,S,R,0
3221,53,41,W,L,0
3221,53,41,W,T,0
3221,53,41,W,R,0
3222,53,42,N,L,0
3222,53,42,N,T,0
3222,53,42,N,R,0
3222,53,42,E,L,0
3222,53,42,E,T,1
3222,53,42,E,R,0
3222,53,42,S,L,1
3222,53,42,S,T,2
3222,53,42,S,R,0
3222,53,42,W,L,0
3222,53,42,W,T,0
3222,53,42,W,R,0
3223,53,43,N,L,0
3223,53,43,N,T,0
3223,53,43,N,R,0
3223,53,43,E,L,0
3223,53,43,E,T,1
3223,53,43,E,R,0
3223,53,43,S,L,0
3223,53,43,S,T,0
3223,53,43,S,R,0
3223,53,43,W,L,0
3223,53,43,W,T,0
3223,53,43,W,R,0
3224,53,44,N,L,0
3224,53,44,N,T,0
3224,53,44,N,R,0
3224,53,44,E,L,0
3224,53,44,E,T,0
3224,53,44,E,R,0
3224,53,44,S,L,0
3224,53,44,S,T,0
3224,53,44,S,R,0
3224,53,44,W,L,0
3224,53,44,W,T,0
3224,53,44,W,R,0
3225,53,45,N,L,0
3225,53,45,N,T,0
3225,53,45,N,R,0
3225,53,45,E,L,0
3225,53,45,E,T,0
3225,53,45,E,R,0
3225,53,45,S,L,0
3225,53,45,S,T,0
3225,53,45,S,R,0
3225,53,45,W,L,0
3225,53,45,W,T,0
3225,53,45,W,R,0
3226,53,46,N,L,1
3226,53,46,N,T,0
3226,53,46,N,R,0
3226,53,46,E,L,0
3226,53,46,E,T,0
3226,53,46,E,R,0
3226,53,46,S,L,0
3226,53,46,S,T,0
3226,53,46,S,R,0
3226,53,46,W,L,0
3226,53,46,W,T,0
3226,53,46,W,R,0
3227,53,47,N,L,0
3227,53,47,N,T,0
3227,53,47,N,R,0
3227,53,47,E,L,0
3227,53,47,E,T,1
3227,53,47,E,R,0
3227,53,47,S,L,0
3227,53,47,S,T,0
3227,53,47,S,R,0
3227,53,47,W,L,0
3227,53,47,W,T,0
3227,53,47,W,R,0
3228,53,48,N,L,0
3228,53,48,N,T,0
3228,53,48,N,R,0
3228,53,48,E,L,0
3228,53,48,E,T,2
3228,53,48,E,R,0
3228,53,48,S,L,0
3228,53,48,S,T,0
3228,53,48,S,R,0
3228,53,48,W,L,0
3228,53,48,W,T,0
3228,53,48,W,R,0
3229,53,49,N,L,0
3229,53,49,N,T,0
3229,53,49,N,R,0
3229,53,49,E,L,0
3229,53,49,E,T,0
3229,53,49,E,R,0
3229,53,49,S,L,0
3229,53,49,S,T,0
3229,53,49,S,R,0
3229,53,49,W,L,0
3229,53,49,W,T,1
3229,53,49,W,R,0
3230,53,50,N,L,0
3230,53,50,N,T,1
3230,53,50,N,R,0
3230,53,50,E,L,0
3230,53,50,E,T,1
3230,53,50,E,R,0
3230,53,50,S,L,0
3230,53,50,S,T,0
3230,53,50,S,R,0
3230,53,50,W,L,0
3230,53,50,W,T,0
3230,53,50,W,R,0
3231,53,51,N,L,0
3231,53,51,N,T,1
3231,53,51,N,R,0
3231,53,51,E,L,0
3231,53,51,E,T,0
3231,53,51,E,R,0
3231,53,51,S,L,0
3231,53,51,S,T,0
3231,53,51,S,R,0
3231,53,51,W,L,0
3231,53,51,W,T,1
3231,53,51,W,R,0
3232,53,52,N,L,0
3232,53,52,N,T,1
3232,53,52,N,R,0
3232,53,52,E,L,0
3232,53,52,E,T,0
3232,53,52,E,R,0
3232,53,52,S,L,0
3232,53,52,S,T,0
3232,53,52,S,R,0
3232,53,52,W,L,0
3232,53,52,W,T,0
3232,53,52,W,R,0
3233,53,53,N,L,0
3233,53,53,N,T,0
3233,53,53,N,R,0
3233,53,53,E,L,0
3233,53,53,E,T,0
3233,53,53,E,R,0
3233,53,53,S,L,0
3233,53,53,S,T,0
3233,53,53,S,R,0
3233,53,53,W,L,0
3233,53,53,W,T,0
3233,53,53,W,R,0
3234,53,54,N,L,0
3234,53,54,N,T,0
3234,53,54,N,R,0
3234,53,54,E,L,0
3234,53,54,E,T,0
3234,53,54,E,R,0
3234,53,54,S,L,0
3234,53,54,S,T,0
3234,53,54,S,R,0
3234,53,54,W,L,0
3234,53,54,W,T,0
3234,53,54,W,R,0
3235,53,55,N,L,0
3235,53,55,N,T,0
3235,53,55,N,R,0
3235,53,55,E,L,0
3235,53,55,E,T,0
3235,53,55,E,R,0
3235,53,55,S,L,1
3235,53,55,S,T,0
3235,53,55,S,R,0
3235,53,55,W,L,0
3235,53,55,W,T,0
3235,53,55,W,R,1
3236,53,56,N,L,0
3236,53,56,N,T,0
3236,53,56,N,R,0
3236,53,56,E,L,0
3236,53,56,E,T,0
3236,53,56,E,R,0
3236,53,56,S,L,0
3236,53,56,S,T,2
3236,53,56,S,R,0
3236,53,56,W,L,0
3236,53,56,W,T,0
3236,53,56,W,R,0
3237,53,57,N,L,0
3237,53,57,N,T,1
3237,53,57,N,R,0
3237,53,57,E,L,0
3237,53,57,E,T,0
3237,53,57,E,R,0
3237,53,57,S,L,0
3237,53,57,S,T,0
3237,53,57,S,R,0
3237,53,57,W,L,0
3237,53,57,W,T,0
3237,53,57,W,R,0
3238,53,58,N,L,0
3238,53,58,N,T,1
3238,53,58,N,R,0
3238,53,58,E,L,0
3238,53,58,E,T,0
3238,53,58,E,R,0
3238,53,58,S,L,0
3238,53,58,S,T,0
3238,53,58,S,R,0
3238,53,58,W,L,0
3238,53,58,W,T,0
3238,53,58,W,R,0
3239,53,59,N,L,0
3239,53,59,N,T,0
3239,53,59,N,R,0
3239,53,59,E,L,0
3239,53,59,E,T,0
3239,53,59,E,R,0
3239,53,59,S,L,0
3239,53,59,S,T,1
3239,53,59,S,R,0
3239,53,59,W,L,0
3239,53,59,W,T,0
3239,53,59,W,R,0
3240,54,00,N,L,0
3240,54,00,N,T,0
3240,54,00,N,R,0
3240,54,00,E,L,0
3240,54,00,E,T,0
3240,54,00,E,R,0
3240,54,00,S,L,0
3240,54,00,S,T,0
3240,54,00,S,R,0
3240,54,00,W,L,0
3240,54,00,W,T,0
3240,54,00,W,R,0
3241,54,01,N,L,0
3241,54,01,N,T,0
3241,54,01,N,R,0
3241,54,01,E,L,0
3241,54,01,E,T,0
3241,54,01,E,R,0
3241,54,01,S,L,0
3241,54,01,S,T,1
3241,54,01,S,R,0
3241,54,01,W,L,0
3241,54,01,W,T,0
3241,54,01,W,R,0
3242,54,02,N,L,0
3242,54,02,N,T,0
3242,54,02,N,R,0
3242,54,02,E,L,0
3242,54,02,E,T,0
3242,54,02,E,R,0
3242,54,02,S,L,0
3242,54,02,S,T,0
3242,54,02,S,R,0
3242,54,02,W,L,0
3242,54,02,W,T,0
3242,54,02,W,R,0
3243,54,03,N,L,0
3243,54,03,N,T,0
3243,54,03,N,R,0
3243,54,03,E,L,0
3243,54,03,E,T,0
3243,54,03,E,R,0
3243,54,03,S,L,0
3243,54,03,S,T,0
3243,54,03,S,R,0
3243,54,03,W,L,0
3243,54,03,W,T,0
3243,54,03,W,R,0
3244,54,04,N,L,0
3244,54,04,N,T,1
3244,54,04,N,R,0
3244,54,04,E,L,0
3244,54,04,E,T,0
3244,54,04,E,R,0
3244,54,04,S,L,0
3244,54,04,S,T,0
3244,54,04,S,R,0
3244,54,04,W,L,0
3244,54,04,W,T,0
3244,54,04,W,R,0
3245,54,05,N,L,0
3245,54,05,N,T,0
3245,54,05,N,R,0
3245,54,05,E,L,0
3245,54,05,E,T,0
3245,54,05,E,R,0
3245,54,05,S,L,0
3245,54,05,S,T,0
3245,54,05,S,R,0
3245,54,05,W,L,0
3245,54,05,W,T,0
3245,54,05,W,R,0
3246,54,06,N,L,0
3246,54,06,N,T,0
3246,54,06,N,R,0
3246,54,06,E,L,0
3246,54,06,E,T,0
3246,54,06,E,R,0
3246,54,06,S,L,0
3246,54,06,S,T,1
3246,54,06,S,R,0
3246,54,06,W,L,0
3246,54,06,W,T,0
3246,54,06,W,R,0
3247,54,07,N,L,0
3247,54,07,N,T,0
3247,54,07,N,R,0
3247,54,07,E,L,0
3247,54,07,E,T,0
3247,54,07,E,R,0
3247,54,07,S,L,0
3247,54,07,S,T,1
3247,54,07,S,R,0
3247,54,07,W,L,0
3247,54,07,W,T,0
3247,54,07,W,R,0
3248,54,08,N,L,0
3248,54,08,N,T,0
3248,54,08,N,R,0
3248,54,08,E,L,0
3248,54,08,E,T,1
3248,54,08,E,R,0
3248,54,08,S,L,0
3248,54,08,S,T,0
3248,54,08,S,R,0
3248,54,08,W,L,0
3248,54,08,W,T,0
3248,54,08,W,R,0
3249,54,09,N,L,0
3249,54,09,N,T,0
3249,54,09,N,R,1
3249,54,09,E,L,0
3249,54,09,E,T,2
3249,54,09,E,R,0
3249,54,09,S,L,0
3249,54,09,S,T,0
3249,54,09,S,R,0
3249,54,09,W,L,0
3249,54,09,W,T,0
3249,54,09,W,R,0
3250,54,10,N,L,0
3250,54,10,N,T,1
3250,54,10,N,R,0
3250,54,10,E,L,0
3250,54,10,E,T,0
3250,54,10,E,R,0
3250,54,10,S,L,0
3250,54,10,S,T,0
3250,54,10,S,R,0
3250,54,10,W,L,0
3250,54,10,W,T,1
3250,54,10,W,R,0
3251,54,11,N,L,0
3251,54,11,N,T,1
3251,54,11,N,R,0
3251,54,11,E,L,0
3251,54,11,E,T,0
3251,54,11,E,R,0
3251,54,11,S,L,0
3251,54,11,S,T,1
3251,54,11,S,R,0
3251,54,11,W,L,0
3251,54,11,W,T,0
3251,54,11,W,R,0
3252,54,12,N,L,1
3252,54,12,N,T,0
3252,54,12,N,R,0
3252,54,12,E,L,0
3252,54,12,E,T,1
3252,54,12,E,R,0
3252,54,12,S,L,0
3252,54,12,S,T,0
3252,54,12,S,R,0
3252,54,12,W,L,0
3252,54,12,W,T,1
3252,54,12,W,R,0
3253,54,13,N,L,0
3253,54,13,N,T,0
3253,54,13,N,R,0
3253,54,13,E,L,0
3253,54,13,E,T,0
3253,54,13,E,R,0
3253,54,13,S,L,0
3253,54,13,S,T,0
3253,54,13,S,R,0
3253,54,13,W,L,0
3253,54,13,W,T,0
3253,54,13,W,R,0
3254,54,14,N,L,0
3254,54,14,N,T,0
3254,54,14,N,R,0
3254,54,14,E,L,1
3254,54,14,E,T,0
3254,54,14,E,R,0
3254,54,14,S,L,0
3254,54,14,S,T,0
3254,54,14,S,R,1
3254,54,14,W,L,0
3254,54,14,W,T,1
3254,54,14,W,R,0
3255,54,15,N,L,0
3255,54,15,N,T,0
3255,54,15,N,R,0
3255,54,15,E,L,0
3255,54,15,E,T,0
3255,54,15,E,R,0
3255,54,15,S,L,0
3255,54,15,S,T,0
3255,54,15,S,R,0
3255,54,15,W,L,0
3255,54,15,W,T,0
3255,54,15,W,R,0
3256,54,16,N,L,0
3256,54,16,N,T,0
3256,54,16,N,R,1
3256,54,16,E,L,0
3256,54,16,E,T,1
3256,54,16,E,R,0
3256,54,16,S,L,0
3256,54,16,S,T,0
3256,54,16,S,R,1
3256,54,16,W,L,0
3256,54,16,W,T,0
3256,54,16,W,R,0
3257,54,17,N,L,0
3257,54,17,N,T,0
3257,54,17,N,R,0
3257,54,17,E,L,0
3257,54,17,E,T,1
3257,54,17,E,R,0
3257,54,17,S,L,0
3257,54,17,S,T,0
3257,54,17,S,R,0
3257,54,17,W,L,0
3257,54,17,W,T,0
3257,54,17,W,R,0
3258,54,18,N,L,0
3258,54,18,N,T,1
3258,54,18,N,R,0
3258,54,18,E,L,0
3258,54,18,E,T,0
3258,54,18,E,R,0
3258,54,18,S,L,0
3258,54,18,S,T,0
3258,54,18,S,R,0
3258,54,18,W,L,0
3258,54,18,W,T,1
3258,54,18,W,R,0
3259,54,19,N,L,0
3259,54,19,N,T,0
3259,54,19,N,R,0
3259,54,19,E,L,0
3259,54,19,E,T,0
3259,54,19,E,R,0
3259,54,19,S,L,0
3259,54,19,S,T,0
3259,54,19,S,R,0
3259,54,19,W,L,0
3259,54,19,W,T,0
3259,54,19,W,R,0
3260,54,20,N,L,0
3260,54,20,N,T,0
3260,54,20,N,R,0
3260,54,20,E,L,0
3260,54,20,E,T,0
3260,54,20,E,R,0
3260,54,20,S,L,0
3260,54,20,S,T,0
3260,54,20,S,R,0
3260,54,20,W,L,0
3260,54,20,W,T,0
3260,54,20,W,R,0
3261,54,21,N,L,0
3261,54,21,N,T,1
3261,54,21,N,R,0
3261,54,21,E,L,0
3261,54,21,E,T,0
3261,54,21,E,R,0
3261,54,21,S,L,0
3261,54,21,S,T,0
3261,54,21,S,R,0
3261,54,21,W,L,0
3261,54,21,W,T,0
3261,54,21,W,R,0
3262,54,22,N,L,0
3262,54,22,N,T,0
3262,54,22,N,R,0
3262,54,22,E,L,0
3262,54,22,E,T,0
3262,54,22,E,R,0
3262,54,22,S,L,1
3262,54,22,S,T,0
3262,54,22,S,R,0
3262,54,22,W,L,0
3262,54,22,W,T,0
3262,54,22,W,R,0
3263,54,23,N,L,0
3263,54,23,N,T,0
3263,54,23,N,R,0
3263,54,23,E,L,0
3263,54,23,E,T,1
3263,54,23,E,R,0
3263,54,23,S,L,0
3263,54,23,S,T,0
3263,54,23,S,R,0
3263,54,23,W,L,0
3263,54,23,W,T,0
3263,54,23,W,R,0
3264,54,24,N,L,0
3264,54,24,N,T,0
3264,54,24,N,R,0
3264,54,24,E,L,0
3264,54,24,E,T,0
3264,54,24,E,R,0
3264,54,24,S,L,0
3264,54,24,S,T,0
3264,54,24,S,R,0
3264,54,24,W,L,0
3264,54,24,W,T,0
3264,54,24,W,R,0
3265,54,25,N,L,0
3265,54,25,N,T,0
3265,54,25,N,R,0
3265,54,25,E,L,0
3265,54,25,E,T,1
3265,54,25,E,R,0
3265,54,25,S,L,0
3265,54,25,S,T,0
3265,54,25,S,R,0
3265,54,25,W,L,0
3265,54,25,W,T,1
3265,54,25,W,R,0
3266,54,26,N,L,0
3266,54,26,N,T,0
3266,54,26,N,R,0
3266,54,26,E,L,0
3266,54,26,E,T,0
3266,54,26,E,R,0
3266,54,26,S,L,0
3266,54,26,S,T,0
3266,54,26,S,R,0
3266,54,26,W,L,0
3266,54,26,W,T,0
3266,54,26,W,R,0
3267,54,27,N,L,0
3267,54,27,N,T,0
3267,54,27,N,R,0
3267,54,27,E,L,0
3267,54,27,E,T,0
3267,54,27,E,R,0
3267,54,27,S,L,0
3267,54,27,S,T,0
3267,54,27,S,R,0
3267,54,27,W,L,0
3267,54,27,W,T,0
3267,54,27,W,R,0
3268,54,28,N,L,0
3268,54,28,N,T,0
3268,54,28,N,R,0
3268,54,28,E,L,0
3268,54,28,E,T,0
3268,54,28,E,R,0
3268,54,28,S,L,0
3268,54,28,S,T,0
3268,54,28,S,R,0
3268,54,28,W,L,1
3268,54,28,W,T,0
3268,54,28,W,R,0
3269,54,29,N,L,0
3269,54,29,N,T,0
3269,54,29,N,R,0
3269,54,29,E,L,0
3269,54,29,E,T,1
3269,54,29,E,R,0
3269,54,29,S,L,0
3269,54,29,S,T,0
3269,54,29,S,R,0
3269,54,29,W,L,0
3269,54,29,W,T,0
3269,54,29,W,R,0
3270,54,30,N,L,0
3270,54,30,N,T,0
3270,54,30,N,R,0
3270,54,30,E,L,0
3270,54,30,E,T,0
3270,54,30,E,R,1
3270,54,30,S,L,0
3270,54,30,S,T,0
3270,54,30,S,R,0
3270,54,30,W,L,0
3270,54,30,W,T,0
3270,54,30,W,R,0
3271,54,31,N,L,0
3271,54,31,N,T,0
3271,54,31,N,R,0
3271,54,31,E,L,0
3271,54,31,E,T,0
3271,54,31,E,R,0
3271,54,31,S,L,0
3271,54,31,S,T,0
3271,54,31,S,R,0
3271,54,31,W,L,0
3271,54,31,W,T,0
3271,54,31,W,R,0
3272,54,32,N,L,0
3272,54,32,N,T,0
3272,54,32,N,R,0
3272,54,32,E,L,0
3272,54,32,E,T,0
3272,54,32,E,R,0
3272,54,32,S,L,0
3272,54,32,S,T,0
3272,54,32,S,R,0
3272,54,32,W,L,0
3272,54,32,W,T,0
3272,54,32,W,R,0
3273,54,33,N,L,0
3273,54,33,N,T,1
3273,54,33,N,R,0
3273,54,33,E,L,0
3273,54,33,E,T,0
3273,54,33,E,R,0
3273,54,33,S,L,0
3273,54,33,S,T,0
3273,54,33,S,R,0
3273,54,33,W,L,0
3273,54,33,W,T,0
3273,54,33,W,R,0
3274,54,34,N,L,0
3274,54,34,N,T,0
3274,54,34,N,R,0
3274,54,34,E,L,0
3274,54,34,E,T,0
3274,54,34,E,R,0
3274,54,34,S,L,0
3274,54,34,S,T,0
3274,54,34,S,R,0
3274,54,34,W,L,0
3274,54,34,W,T,0
3274,54,34,W,R,0
3275,54,35,N,L,0
3275,54,35,N,T,1
3275,54,35,N,R,0
3275,54,35,E,L,1
3275,54,35,E,T,0
3275,54,35,E,R,0
3275,54,35,S,L,0
3275,54,35,S,T,0
3275,54,35,S,R,0
3275,54,35,W,L,0
3275,54,35,W,T,0
3275,54,35,W,R,0
3276,54,36,N,L,0
3276,54,36,N,T,0
3276,54,36,N,R,0
3276,54,36,E,L,0
3276,54,36,E,T,0
3276,54,36,E,R,0
3276,54,36,S,L,0
3276,54,36,S,T,0
3276,54,36,S,R,0
3276,54,36,W,L,0
3276,54,36,W,T,0
3276,54,36,W,R,0
3277,54,37,N,L,0
3277,54,37,N,T,1
3277,54,37,N,R,0
3277,54,37,E,L,0
3277,54,37,E,T,0
3277,54,37,E,R,0
3277,54,37,S,L,0
3277,54,37,S,T,0
3277,54,37,S,R,0
3277,54,37,W,L,0
3277,54,37,W,T,1
3277,54,37,W,R,0
3278,54,38,N,L,0
3278,54,38,N,T,0
3278,54,38,N,R,0
3278,54,38,E,L,0
3278,54,38,E,T,0
3278,54,38,E,R,0
3278,54,38,S,L,0
3278,54,38,S,T,0
3278,54,38,S,R,0
3278,54,38,W,L,0
3278,54,38,W,T,0
3278,54,38,W,R,0
3279,54,39,N,L,0
3279,54,39,N,T,0
3279,54,39,N,R,0
3279,54,39,E,L,0
3279,54,39,E,T,0
3279,54,39,E,R,0
3279,54,39,S,L,0
3279,54,39,S,T,0
3279,54,39,S,R,0
3279,54,39,W,L,0
3279,54,39,W,T,0
3279,54,39,W,R,0
3280,54,40,N,L,0
3280,54,40,N,T,0
3280,54,40,N,R,0
3280,54,40,E,L,0
3280,54,40,E,T,1
3280,54,40,E,R,0
3280,54,40,S,L,0
3280,54,40,S,T,0
3280,54,40,S,R,0
3280,54,40,W,L,0
3280,54,40,W,T,0
3280,54,40,W,R,0
3281,54,41,N,L,0
3281,54,41,N,T,0
3281,54,41,N,R,0
3281,54,41,E,L,0
3281,54,41,E,T,1
3281,54,41,E,R,0
3281,54,41,S,L,0
3281,54,41,S,T,0
3281,54,41,S,R,0
3281,54,41,W,L,0
3281,54,41,W,T,0
3281,54,41,W,R,0
3282,54,42,N,L,0
3282,54,42,N,T,0
3282,54,42,N,R,0
3282,54,42,E,L,0
3282,54,42,E,T,0
3282,54,42,E,R,0
3282,54,42,S,L,0
3282,54,42,S,T,0
3282,54,42,S,R,0
3282,54,42,W,L,0
3282,54,42,W,T,0
3282,54,42,W,R,0
3283,54,43,N,L,0
3283,54,43,N,T,0
3283,54,43,N,R,0
3283,54,43,E,L,0
3283,54,43,E,T,0
3283,54,43,E,R,0
3283,54,43,S,L,0
3283,54,43,S,T,0
3283,54,43,S,R,0
3283,54,43,W,L,0
3283,54,43,W,T,0
3283,54,43,W,R,0
3284,54,44,N,L,0
3284,54,44,N,T,0
3284,54,44,N,R,0
3284,54,44,E,L,0
3284,54,44,E,T,0
3284,54,44,E,R,0
3284,54,44,S,L,0
3284,54,44,S,T,0
3284,54,44,S,R,0
3284,54,44,W,L,0
3284,54,44,W,T,1
3284,54,44,W,R,0
3285,54,45,N,L,0
3285,54,45,N,T,0
3285,54,45,N,R,0
3285,54,45,E,L,0
3285,54,45,E,T,0
3285,54,45,E,R,0
3285,54,45,S,L,0
3285,54,45,S,T,0
3285,54,45,S,R,0
3285,54,45,W,L,0
3285,54,45,W,T,0
3285,54,45,W,R,0
3286,54,46,N,L,0
3286,54,46,N,T,1
3286,54,46,N,R,0
3286,54,46,E,L,0
3286,54,46,E,T,0
3286,54,46,E,R,0
3286,54,46,S,L,0
3286,54,46,S,T,0
3286,54,46,S,R,0
3286,54,46,W,L,0
3286,54,46,W,T,0
3286,54,46,W,R,0
3287,54,47,N,L,0
3287,54,47,N,T,0
3287,54,47,N,R,0
3287,54,47,E,L,0
3287,54,47,E,T,0
3287,54,47,E,R,0
3287,54,47,S,L,1
3287,54,47,S,T,0
3287,54,47,S,R,0
3287,54,47,W,L,0
3287,54,47,W,T,0
3287,54,47,W,R,0
3288,54,48,N,L,0
3288,54,48,N,T,0
3288,54,48,N,R,0
3288,54,48,E,L,0
3288,54,48,E,T,0
3288,54,48,E,R,0
3288,54,48,S,L,0
3288,54,48,S,T,0
3288,54,48,S,R,0
3288,54,48,W,L,0
3288,54,48,W,T,0
3288,54,48,W,R,0
3289,54,49,N,L,0
3289,54,49,N,T,0
3289,54,49,N,R,0
3289,54,49,E,L,0
3289,54,49,E,T,0
3289,54,49,E,R,0
3289,54,49,S,L,0
3289,54,49,S,T,0
3289,54,49,S,R,0
3289,54,49,W,L,0
3289,54,49,W,T,0
3289,54,49,W,R,0
3290,54,50,N,L,0
3290,54,50,N,T,0
3290,54,50,N,R,0
3290,54,50,E,L,0
3290,54,50,E,T,0
3290,54,50,E,R,0
3290,54,50,S,L,0
3290,54,50,S,T,0
3290,54,50,S,R,0
3290,54,50,W,L,0
3290,54,50,W,T,0
3290,54,50,W,R,0
3291,54,51,N,L,0
3291,54,51,N,T,0
3291,54,51,N,R,1
3291,54,51,E,L,0
3291,54,51,E,T,0
3291,54,51,E,R,0
3291,54,51,S,L,0
3291,54,51,S,T,0
3291,54,51,S,R,0
3291,54,51,W,L,0
3291,54,51,W,T,0
3291,54,51,W,R,0
3292,54,52,N,L,0
3292,54,52,N,T,0
3292,54,52,N,R,0
3292,54,52,E,L,0
3292,54,52,E,T,0
3292,54,52,E,R,0
3292,54,52,S,L,0
3292,54,52,S,T,0
3292,54,52,S,R,0
3292,54,52,W,L,0
3292,54,52,W,T,0
3292,54,52,W,R,0
3293,54,53,N,L,0
3293,54,53,N,T,0
3293,54,53,N,R,0
3293,54,53,E,L,0
3293,54,53,E,T,0
3293,54,53,E,R,0
3293,54,53,S,L,0
3293,54,53,S,T,0
3293,54,53,S,R,0
3293,54,53,W,L,0
3293,54,53,W,T,0
3293,54,53,W,R,0
3294,54,54,N,L,0
3294,54,54,N,T,0
3294,54,54,N,R,0
3294,54,54,E,L,0
3294,54,54,E,T,0
3294,54,54,E,R,0
3294,54,54,S,L,0
3294,54,54,S,T,0
3294,54,54,S,R,0
3294,54,54,W,L,0
3294,54,54,W,T,0
3294,54,54,W,R,0
3295,54,55,N,L,0
3295,54,55,N,T,0
3295,54,55,N,R,0
3295,54,55,E,L,0
3295,54,55,E,T,0
3295,54,55,E,R,0
3295,54,55,S,L,0
3295,54,55,S,T,1
3295,54,55,S,R,0
3295,54,55,W,L,0
3295,54,55,W,T,0
3295,54,55,W,R,0
3296,54,56,N,L,0
3296,54,56,N,T,1
3296,54,56,N,R,0
3296,54,56,E,L,0
3296,54,56,E,T,0
3296,54,56,E,R,0
3296,54,56,S,L,0
3296,54,56,S,T,0
3296,54,56,S,R,0
3296,54,56,W,L,0
3296,54,56,W,T,0
3296,54,56,W,R,0
3297,54,57,N,L,0
3297,54,57,N,T,0
3297,54,57,N,R,0
3297,54,57,E,L,0
3297,54,57,E,T,0
3297,54,57,E,R,0
3297,54,57,S,L,0
3297,54,57,S,T,0
3297,54,57,S,R,0
3297,54,57,W,L,0
3297,54,57,W,T,0
3297,54,57,W,R,0
3298,54,58,N,L,0
3298,54,58,N,T,0
3298,54,58,N,R,0
3298,54,58,E,L,0
3298,54,58,E,T,1
3298,54,58,E,R,0
3298,54,58,S,L,0
3298,54,58,S,T,0
3298,54,58,S,R,0
3298,54,58,W,L,0
3298,54,58,W,T,0
3298,54,58,W,R,0
3299,54,59,N,L,0
3299,54,59,N,T,1
3299,54,59,N,R,0
3299,54,59,E,L,0
3299,54,59,E,T,0
3299,54,59,E,R,0
3299,54,59,S,L,0
3299,54,59,S,T,0
3299,54,59,S,R,0
3299,54,59,W,L,0
3299,54,59,W,T,1
3299,54,59,W,R,0
3300,55,00,N,L,0
3300,55,00,N,T,0
3300,55,00,N,R,0
3300,55,00,E,L,0
3300,55,00,E,T,1
3300,55,00,E,R,0
3300,55,00,S,L,0
3300,55,00,S,T,0
3300,55,00,S,R,0
3300,55,00,W,L,0
3300,55,00,W,T,2
3300,55,00,W,R,0
3301,55,01,N,L,0
3301,55,01,N,T,0
3301,55,01,N,R,0
3301,55,01,E,L,0
3301,55,01,E,T,0
3301,55,01,E,R,0
3301,55,01,S,L,0
3301,55,01,S,T,0
3301,55,01,S,R,0
3301,55,01,W,L,0
3301,55,01,W,T,0
3301,55,01,W,R,0
3302,55,02,N,L,0
3302,55,02,N,T,0
3302,55,02,N,R,0
3302,55,02,E,L,0
3302,55,02,E,T,0
3302,55,02,E,R,0
3302,55,02,S,L,0
3302,55,02,S,T,0
3302,55,02,S,R,0
3302,55,02,W,L,0
3302,55,02,W,T,0
3302,55,02,W,R,0
3303,55,03,N,L,0
3303,55,03,N,T,1
3303,55,03,N,R,0
3303,55,03,E,L,0
3303,55,03,E,T,1
3303,55,03,E,R,0
3303,55,03,S,L,0
3303,55,03,S,T,0
3303,55,03,S,R,0
3303,55,03,W,L,0
3303,55,03,W,T,0
3303,55,03,W,R,0
3304,55,04,N,L,0
3304,55,04,N,T,0
3304,55,04,N,R,0
3304,55,04,E,L,0
3304,55,04,E,T,0
3304,55,04,E,R,0
3304,55,04,S,L,0
3304,55,04,S,T,0
3304,55,04,S,R,0
3304,55,04,W,L,0
3304,55,04,W,T,0
3304,55,04,W,R,0
3305,55,05,N,L,0
3305,55,05,N,T,0
3305,55,05,N,R,0
3305,55,05,E,L,0
3305,55,05,E,T,0
3305,55,05,E,R,0
3305,55,05,S,L,0
3305,55,05,S,T,2
3305,55,05,S,R,0
3305,55,05,W,L,1
3305,55,05,W,T,0
3305,55,05,W,R,0
3306,55,06,N,L,1
3306,55,06,N,T,0
3306,55,06,N,R,0
3306,55,06,E,L,0
3306,55,06,E,T,0
3306,55,06,E,R,0
3306,55,06,S,L,0
3306,55,06,S,T,0
3306,55,06,S,R,0
3306,55,06,W,L,0
3306,55,06,W,T,1
3306,55,06,W,R,0
3307,55,07,N,L,0
3307,55,07,N,T,0
3307,55,07,N,R,0
3307,55,07,E,L,0
3307,55,07,E,T,0
3307,55,07,E,R,0
3307,55,07,S,L,0
3307,55,07,S,T,0
3307,55,07,S,R,0
3307,55,07,W,L,0
3307,55,07,W,T,0
3307,55,07,W,R,0
3308,55,08,N,L,0
3308,55,08,N,T,1
3308,55,08,N,R,0
3308,55,08,E,L,0
3308,55,08,E,T,1
3308,55,08,E,R,0
3308,55,08,S,L,0
3308,55,08,S,T,1
3308,55,08,S,R,0
3308,55,08,W,L,0
3308,55,08,W,T,0
3308,55,08,W,R,0
3309,55,09,N,L,0
3309,55,09,N,T,0
3309,55,09,N,R,0
3309,55,09,E,L,0
3309,55,09,E,T,0
3309,55,09,E,R,0
3309,55,09,S,L,0
3309,55,09,S,T,0
3309,55,09,S,R,0
3309,55,09,W,L,0
3309,55,09,W,T,0
3309,55,09,W,R,0
3310,55,10,N,L,0
3310,55,10,N,T,0
3310,55,10,N,R,0
3310,55,10,E,L,0
3310,55,10,E,T,0
3310,55,10,E,R,1
3310,55,10,S,L,0
3310,55,10,S,T,0
3310,55,10,S,R,0
3310,55,10,W,L,0
3310,55,10,W,T,0
3310,55,10,W,R,0
3311,55,11,N,L,0
3311,55,11,N,T,0
3311,55,11,N,R,0
3311,55,11,E,L,0
3311,55,11,E,T,0
3311,55,11,E,R,0
3311,55,11,S,L,1
3311,55,11,S,T,0
3311,55,11,S,R,0
3311,55,11,W,L,0
3311,55,11,W,T,0
3311,55,11,W,R,0
3312,55,12,N,L,0
3312,55,12,N,T,0
3312,55,12,N,R,1
3312,55,12,E,L,0
3312,55,12,E,T,0
3312,55,12,E,R,1
3312,55,12,S,L,0
3312,55,12,S,T,0
3312,55,12,S,R,0
3312,55,12,W,L,0
3312,55,12,W,T,0
3312,55,12,W,R,0
3313,55,13,N,L,0
3313,55,13,N,T,0
3313,55,13,N,R,0
3313,55,13,E,L,0
3313,55,13,E,T,1
3313,55,13,E,R,0
3313,55,13,S,L,0
3313,55,13,S,T,0
3313,55,13,S,R,0
3313,55,13,W,L,0
3313,55,13,W,T,0
3313,55,13,W,R,0
3314,55,14,N,L,0
3314,55,14,N,T,0
3314,55,14,N,R,0
3314,55,14,E,L,0
3314,55,14,E,T,0
3314,55,14,E,R,0
3314,55,14,S,L,0
3314,55,14,S,T,0
3314,55,14,S,R,0
3314,55,14,W,L,0
3314,55,14,W,T,0
3314,55,14,W,R,0
3315,55,15,N,L,0
3315,55,15,N,T,0
3315,55,15,N,R,0
3315,55,15,E,L,0
3315,55,15,E,T,1
3315,55,15,E,R,0
3315,55,15,S,L,0
3315,55,15,S,T,0
3315,55,15,S,R,0
3315,55,15,W,L,0
3315,55,15,W,T,0
3315,55,15,W,R,0
3316,55,16,N,L,0
3316,55,16,N,T,0
3316,55,16,N,R,0
3316,55,16,E,L,0
3316,55,16,E,T,0
3316,55,16,E,R,0
3316,55,16,S,L,0
3316,55,16,S,T,0
3316,55,16,S,R,0
3316,55,16,W,L,0
3316,55,16,W,T,1
3316,55,16,W,R,0
3317,55,17,N,L,1
3317,55,17,N,T,0
3317,55,17,N,R,0
3317,55,17,E,L,0
3317,55,17,E,T,1
3317,55,17,E,R,1
3317,55,17,S,L,0
3317,55,17,S,T,0
3317,55,17,S,R,0
3317,55,17,W,L,1
3317,55,17,W,T,1
3317,55,17,W,R,0
3318,55,18,N,L,0
3318,55,18,N,T,0
3318,55,18,N,R,0
3318,55,18,E,L,0
3318,55,18,E,T,0
3318,55,18,E,R,0
3318,55,18,S,L,0
3318,55,18,S,T,0
3318,55,18,S,R,0
3318,55,18,W,L,0
3318,55,18,W,T,1
3318,55,18,W,R,0
3319,55,19,N,L,0
3319,55,19,N,T,1
3319,55,19,N,R,0
3319,55,19,E,L,0
3319,55,19,E,T,1
3319,55,19,E,R,0
3319,55,19,S,L,0
3319,55,19,S,T,0
3319,55,19,S,R,0
3319,55,19,W,L,0
3319,55,19,W,T,0
3319,55,19,W,R,0
3320,55,20,N,L,0
3320,55,20,N,T,0
3320,55,20,N,R,0
3320,55,20,E,L,1
3320,55,20,E,T,0
3320,55,20,E,R,1
3320,55,20,S,L,0
3320,55,20,S,T,0
3320,55,20,S,R,0
3320,55,20,W,L,0
3320,55,20,W,T,2
3320,55,20,W,R,0
3321,55,21,N,L,0
3321,55,21,N,T,1
3321,55,21,N,R,0
3321,55,21,E,L,0
3321,55,21,E,T,1
3321,55,21,E,R,0
3321,55,21,S,L,0
3321,55,21,S,T,1
3321,55,21,S,R,0
3321,55,21,W,L,0
3321,55,21,W,T,0
3321,55,21,W,R,0
3322,55,22,N,L,1
3322,55,22,N,T,0
3322,55,22,N,R,0
3322,55,22,E,L,0
3322,55,22,E,T,0
3322,55,22,E,R,0
3322,55,22,S,L,0
3322,55,22,S,T,1
3322,55,22,S,R,0
3322,55,22,W,L,0
3322,55,22,W,T,0
3322,55,22,W,R,0
3323,55,23,N,L,0
3323,55,23,N,T,0
3323,55,23,N,R,0
3323,55,23,E,L,0
3323,55,23,E,T,0
3323,55,23,E,R,0
3323,55,23,S,L,0
3323,55,23,S,T,0
3323,55,23,S,R,0
3323,55,23,W,L,0
3323,55,23,W,T,0
3323,55,23,W,R,0
3324,55,24,N,L,0
3324,55,24,N,T,0
3324,55,24,N,R,0
3324,55,24,E,L,0
3324,55,24,E,T,0
3324,55,24,E,R,0
3324,55,24,S,L,0
3324,55,24,S,T,0
3324,55,24,S,R,0
3324,55,24,W,L,0
3324,55,24,W,T,0
3324,55,24,W,R,0
3325,55,25,N,L,0
3325,55,25,N,T,0
3325,55,25,N,R,0
3325,55,25,E,L,0
3325,55,25,E,T,0
3325,55,25,E,R,0
3325,55,25,S,L,0
3325,55,25,S,T,1
3325,55,25,S,R,0
3325,55,25,W,L,0
3325,55,25,W,T,0
3325,55,25,W,R,0
3326,55,26,N,L,0
3326,55,26,N,T,0
3326,55,26,N,R,0
3326,55,26,E,L,0
3326,55,26,E,T,0
3326,55,26,E,R,0
3326,55,26,S,L,0
3326,55,26,S,T,0
3326,55,26,S,R,0
3326,55,26,W,L,0
3326,55,26,W,T,0
3326,55,26,W,R,0
3327,55,27,N,L,0
3327,55,27,N,T,0
3327,55,27,N,R,0
3327,55,27,E,L,0
3327,55,27,E,T,0
3327,55,27,E,R,0
3327,55,27,S,L,0
3327,55,27,S,T,1
3327,55,27,S,R,0
3327,55,27,W,L,0
3327,55,27,W,T,0
3327,55,27,W,R,0
3328,55,28,N,L,0
3328,55,28,N,T,1
3328,55,28,N,R,0
3328,55,28,E,L,0
3328,55,28,E,T,0
3328,55,28,E,R,0
3328,55,28,S,L,0
3328,55,28,S,T,0
3328,55,28,S,R,0
3328,55,28,W,L,0
3328,55,28,W,T,0
3328,55,28,W,R,0
3329,55,29,N,L,0
3329,55,29,N,T,0
3329,55,29,N,R,0
3329,55,29,E,L,0
3329,55,29,E,T,0
3329,55,29,E,R,0
3329,55,29,S,L,0
3329,55,29,S,T,0
3329,55,29,S,R,0
3329,55,29,W,L,0
3329,55,29,W,T,0
3329,55,29,W,R,0
3330,55,30,N,L,0
3330,55,30,N,T,0
3330,55,30,N,R,0
3330,55,30,E,L,0
3330,55,30,E,T,0
3330,55,30,E,R,0
3330,55,30,S,L,0
3330,55,30,S,T,3
3330,55,30,S,R,0
3330,55,30,W,L,0
3330,55,30,W,T,0
3330,55,30,W,R,0
3331,55,31,N,L,0
3331,55,31,N,T,1
3331,55,31,N,R,0
3331,55,31,E,L,0
3331,55,31,E,T,1
3331,55,31,E,R,0
3331,55,31,S,L,0
3331,55,31,S,T,0
3331,55,31,S,R,0
3331,55,31,W,L,0
3331,55,31,W,T,0
3331,55,31,W,R,0
3332,55,32,N,L,0
3332,55,32,N,T,0
3332,55,32,N,R,0
3332,55,32,E,L,0
3332,55,32,E,T,0
3332,55,32,E,R,0
3332,55,32,S,L,1
3332,55,32,S,T,0
3332,55,32,S,R,0
3332,55,32,W,L,0
3332,55,32,W,T,0
3332,55,32,W,R,0
3333,55,33,N,L,0
3333,55,33,N,T,0
3333,55,33,N,R,0
3333,55,33,E,L,0
3333,55,33,E,T,1
3333,55,33,E,R,0
3333,55,33,S,L,0
3333,55,33,S,T,2
3333,55,33,S,R,0
3333,55,33,W,L,0
3333,55,33,W,T,0
3333,55,33,W,R,0
3334,55,34,N,L,0
3334,55,34,N,T,0
3334,55,34,N,R,0
3334,55,34,E,L,0
3334,55,34,E,T,0
3334,55,34,E,R,0
3334,55,34,S,L,0
3334,55,34,S,T,0
3334,55,34,S,R,0
3334,55,34,W,L,0
3334,55,34,W,T,0
3334,55,34,W,R,0
3335,55,35,N,L,0
3335,55,35,N,T,0
3335,55,35,N,R,0
3335,55,35,E,L,0
3335,55,35,E,T,0
3335,55,35,E,R,0
3335,55,35,S,L,0
3335,55,35,S,T,0
3335,55,35,S,R,0
3335,55,35,W,L,0
3335,55,35,W,T,0
3335,55,35,W,R,0
3336,55,36,N,L,0
3336,55,36,N,T,0
3336,55,36,N,R,0
3336,55,36,E,L,0
3336,55,36,E,T,0
3336,55,36,E,R,0
3336,55,36,S,L,0
3336,55,36,S,T,0
3336,55,36,S,R,0
3336,55,36,W,L,0
3336,55,36,W,T,0
3336,55,36,W,R,0
3337,55,37,N,L,0
3337,55,37,N,T,0
3337,55,37,N,R,0
3337,55,37,E,L,0
3337,55,37,E,T,0
3337,55,37,E,R,0
3337,55,37,S,L,0
3337,55,37,S,T,0
3337,55,37,S,R,0
3337,55,37,W,L,0
3337,55,37,W,T,0
3337,55,37,W,R,0
3338,55,38,N,L,0
3338,55,38,N,T,0
3338,55,38,N,R,0
3338,55,38,E,L,0
3338,55,38,E,T,0
3338,55,38,E,R,0
3338,55,38,S,L,0
3338,55,38,S,T,0
3338,55,38,S,R,0
3338,55,38,W,L,0
3338,55,38,W,T,0
3338,55,38,W,R,0
3339,55,39,N,L,0
3339,55,39,N,T,0
3339,55,39,N,R,0
3339,55,39,E,L,0
3339,55,39,E,T,0
3339,55,39,E,R,1
3339,55,39,S,L,0
3339,55,39,S,T,0
3339,55,39,S,R,0
3339,55,39,W,L,0
3339,55,39,W,T,0
3339,55,39,W,R,0
3340,55,40,N,L,0
3340,55,40,N,T,0
3340,55,40,N,R,0
3340,55,40,E,L,0
3340,55,40,E,T,0
3340,55,40,E,R,0
3340,55,40,S,L,0
3340,55,40,S,T,0
3340,55,40,S,R,0
3340,55,40,W,L,0
3340,55,40,W,T,0
3340,55,40,W,R,0
3341,55,41,N,L,0
3341,55,41,N,T,0
3341,55,41,N,R,0
3341,55,41,E,L,0
3341,55,41,E,T,0
3341,55,41,E,R,0
3341,55,41,S,L,0
3341,55,41,S,T,0
3341,55,41,S,R,1
3341,55,41,W,L,0
3341,55,41,W,T,0
3341,55,41,W,R,0
3342,55,42,N,L,0
3342,55,42,N,T,0
3342,55,42,N,R,0
3342,55,42,E,L,0
3342,55,42,E,T,0
3342,55,42,E,R,0
3342,55,42,S,L,0
3342,55,42,S,T,1
3342,55,42,S,R,0
3342,55,42,W,L,0
3342,55,42,W,T,0
3342,55,42,W,R,1
3343,55,43,N,L,0
3343,55,43,N,T,0
3343,55,43,N,R,0
3343,55,43,E,L,0
3343,55,43,E,T,0
3343,55,43,E,R,0
3343,55,43,S,L,0
3343,55,43,S,T,0
3343,55,43,S,R,0
3343,55,43,W,L,0
3343,55,43,W,T,0
3343,55,43,W,R,0
3344,55,44,N,L,0
3344,55,44,N,T,1
3344,55,44,N,R,0
3344,55,44,E,L,0
3344,55,44,E,T,0
3344,55,44,E,R,1
3344,55,44,S,L,0
3344,55,44,S,T,0
3344,55,44,S,R,0
3344,55,44,W,L,0
3344,55,44,W,T,0
3344,55,44,W,R,0
3345,55,45,N,L,0
3345,55,45,N,T,0
3345,55,45,N,R,0
3345,55,45,E,L,0
3345,55,45,E,T,0
3345,55,45,E,R,0
3345,55,45,S,L,0
3345,55,45,S,T,0
3345,55,45,S,R,0
3345,55,45,W,L,0
3345,55,45,W,T,0
3345,55,45,W,R,0
3346,55,46,N,L,0
3346,55,46,N,T,0
3346,55,46,N,R,0
3346,55,46,E,L,0
3346,55,46,E,T,0
3346,55,46,E,R,0
3346,55,46,S,L,0
3346,55,46,S,T,0
3346,55,46,S,R,0
3346,55,46,W,L,0
3346,55,46,W,T,0
3346,55,46,W,R,0
3347,55,47,N,L,1
3347,55,47,N,T,0
3347,55,47,N,R,0
3347,55,47,E,L,0
3347,55,47,E,T,0
3347,55,47,E,R,0
3347,55,47,S,L,0
3347,55,47,S,T,2
3347,55,47,S,R,0
3347,55,47,W,L,0
3347,55,47,W,T,1
3347,55,47,W,R,0
3348,55,48,N,L,0
3348,55,48,N,T,0
3348,55,48,N,R,0
3348,55,48,E,L,0
3348,55,48,E,T,0
3348,55,48,E,R,0
3348,55,48,S,L,0
3348,55,48,S,T,0
3348,55,48,S,R,0
3348,55,48,W,L,0
3348,55,48,W,T,1
3348,55,48,W,R,0
3349,55,49,N,L,0
3349,55,49,N,T,1
3349,55,49,N,R,0
3349,55,49,E,L,0
3349,55,49,E,T,0
3349,55,49,E,R,0
3349,55,49,S,L,0
3349,55,49,S,T,0
3349,55,49,S,R,0
3349,55,49,W,L,0
3349,55,49,W,T,0
3349,55,49,W,R,0
3350,55,50,N,L,0
3350,55,50,N,T,0
3350,55,50,N,R,0
3350,55,50,E,L,0
3350,55,50,E,T,0
3350,55,50,E,R,0
3350,55,50,S,L,0
3350,55,50,S,T,0
3350,55,50,S,R,0
3350,55,50,W,L,0
3350,55,50,W,T,1
3350,55,50,W,R,0
3351,55,51,N,L,0
3351,55,51,N,T,1
3351,55,51,N,R,0
3351,55,51,E,L,0
3351,55,51,E,T,0
3351,55,51,E,R,0
3351,55,51,S,L,0
3351,55,51,S,T,0
3351,55,51,S,R,0
3351,55,51,W,L,0
3351,55,51,W,T,0
3351,55,51,W,R,0
3352,55,52,N,L,0
3352,55,52,N,T,0
3352,55,52,N,R,0
3352,55,52,E,L,0
3352,55,52,E,T,0
3352,55,52,E,R,0
3352,55,52,S,L,0
3352,55,52,S,T,0
3352,55,52,S,R,0
3352,55,52,W,L,0
3352,55,52,W,T,0
3352,55,52,W,R,0
3353,55,53,N,L,0
3353,55,53,N,T,0
3353,55,53,N,R,0
3353,55,53,E,L,1
3353,55,53,E,T,0
3353,55,53,E,R,0
3353,55,53,S,L,0
3353,55,53,S,T,0
3353,55,53,S,R,0
3353,55,53,W,L,0
3353,55,53,W,T,0
3353,55,53,W,R,0
3354,55,54,N,L,0
3354,55,54,N,T,0
3354,55,54,N,R,0
3354,55,54,E,L,0
3354,55,54,E,T,0
3354,55,54,E,R,0
3354,55,54,S,L,0
3354,55,54,S,T,0
3354,55,54,S,R,0
3354,55,54,W,L,0
3354,55,54,W,T,0
3354,55,54,W,R,0
3355,55,55,N,L,0
3355,55,55,N,T,0
3355,55,55,N,R,0
3355,55,55,E,L,0
3355,55,55,E,T,1
3355,55,55,E,R,0
3355,55,55,S,L,0
3355,55,55,S,T,0
3355,55,55,S,R,0
3355,55,55,W,L,0
3355,55,55,W,T,0
3355,55,55,W,R,0
3356,55,56,N,L,0
3356,55,56,N,T,0
3356,55,56,N,R,0
3356,55,56,E,L,0
3356,55,56,E,T,0
3356,55,56,E,R,0
3356,55,56,S,L,0
3356,55,56,S,T,0
3356,55,56,S,R,0
3356,55,56,W,L,0
3356,55,56,W,T,0
3356,55,56,W,R,0
3357,55,57,N,L,0
3357,55,57,N,T,0
3357,55,57,N,R,0
3357,55,57,E,L,0
3357,55,57,E,T,1
3357,55,57,E,R,0
3357,55,57,S,L,1
3357,55,57,S,T,0
3357,55,57,S,R,0
3357,55,57,W,L,0
3357,55,57,W,T,0
3357,55,57,W,R,0
3358,55,58,N,L,0
3358,55,58,N,T,0
3358,55,58,N,R,0
3358,55,58,E,L,0
3358,55,58,E,T,0
3358,55,58,E,R,0
3358,55,58,S,L,0
3358,55,58,S,T,0
3358,55,58,S,R,0
3358,55,58,W,L,0
3358,55,58,W,T,0
3358,55,58,W,R,0
3359,55,59,N,L,0
3359,55,59,N,T,0
3359,55,59,N,R,0
3359,55,59,E,L,0
3359,55,59,E,T,1
3359,55,59,E,R,0
3359,55,59,S,L,0
3359,55,59,S,T,1
3359,55,59,S,R,0
3359,55,59,W,L,0
3359,55,59,W,T,0
3359,55,59,W,R,0
3360,56,00,N,L,0
3360,56,00,N,T,0
3360,56,00,N,R,0
3360,56,00,E,L,0
3360,56,00,E,T,0
3360,56,00,E,R,0
3360,56,00,S,L,0
3360,56,00,S,T,0
3360,56,00,S,R,1
3360,56,00,W,L,0
3360,56,00,W,T,0
3360,56,00,W,R,0
3361,56,01,N,L,0
3361,56,01,N,T,1
3361,56,01,N,R,0
3361,56,01,E,L,0
3361,56,01,E,T,0
3361,56,01,E,R,0
3361,56,01,S,L,0
3361,56,01,S,T,0
3361,56,01,S,R,0
3361,56,01,W,L,0
3361,56,01,W,T,0
3361,56,01,W,R,0
3362,56,02,N,L,0
3362,56,02,N,T,0
3362,56,02,N,R,0
3362,56,02,E,L,0
3362,56,02,E,T,0
3362,56,02,E,R,0
3362,56,02,S,L,0
3362,56,02,S,T,0
3362,56,02,S,R,0
3362,56,02,W,L,0
3362,56,02,W,T,0
3362,56,02,W,R,0
3363,56,03,N,L,0
3363,56,03,N,T,1
3363,56,03,N,R,0
3363,56,03,E,L,0
3363,56,03,E,T,0
3363,56,03,E,R,0
3363,56,03,S,L,1
3363,56,03,S,T,0
3363,56,03,S,R,0
3363,56,03,W,L,0
3363,56,03,W,T,0
3363,56,03,W,R,0
3364,56,04,N,L,0
3364,56,04,N,T,0
3364,56,04,N,R,0
3364,56,04,E,L,0
3364,56,04,E,T,0
3364,56,04,E,R,0
3364,56,04,S,L,0
3364,56,04,S,T,0
3364,56,04,S,R,0
3364,56,04,W,L,0
3364,56,04,W,T,0
3364,56,04,W,R,0
3365,56,05,N,L,1
3365,56,05,N,T,0
3365,56,05,N,R,0
3365,56,05,E,L,0
3365,56,05,E,T,0
3365,56,05,E,R,0
3365,56,05,S,L,0
3365,56,05,S,T,0
3365,56,05,S,R,0
3365,56,05,W,L,0
3365,56,05,W,T,0
3365,56,05,W,R,1
3366,56,06,N,L,0
3366,56,06,N,T,0
3366,56,06,N,R,0
3366,56,06,E,L,0
3366,56,06,E,T,0
3366,56,06,E,R,0
3366,56,06,S,L,1
3366,56,06,S,T,0
3366,56,06,S,R,0
3366,56,06,W,L,0
3366,56,06,W,T,0
3366,56,06,W,R,0
3367,56,07,N,L,0
3367,56,07,N,T,0
3367,56,07,N,R,0
3367,56,07,E,L,0
3367,56,07,E,T,1
3367,56,07,E,R,0
3367,56,07,S,L,0
3367,56,07,S,T,1
3367,56,07,S,R,0
3367,56,07,W,L,0
3367,56,07,W,T,0
3367,56,07,W,R,0
3368,56,08,N,L,0
3368,56,08,N,T,0
3368,56,08,N,R,0
3368,56,08,E,L,0
3368,56,08,E,T,1
3368,56,08,E,R,0
3368,56,08,S,L,0
3368,56,08,S,T,0
3368,56,08,S,R,0
3368,56,08,W,L,0
3368,56,08,W,T,0
3368,56,08,W,R,0
3369,56,09,N,L,0
3369,56,09,N,T,0
3369,56,09,N,R,0
3369,56,09,E,L,0
3369,56,09,E,T,0
3369,56,09,E,R,0
3369,56,09,S,L,0
3369,56,09,S,T,1
3369,56,09,S,R,0
3369,56,09,W,L,0
3369,56,09,W,T,0
3369,56,09,W,R,0
3370,56,10,N,L,0
3370,56,10,N,T,1
3370,56,10,N,R,0
3370,56,10,E,L,0
3370,56,10,E,T,0
3370,56,10,E,R,0
3370,56,10,S,L,0
3370,56,10,S,T,0
3370,56,10,S,R,0
3370,56,10,W,L,0
3370,56,10,W,T,0
3370,56,10,W,R,0
3371,56,11,N,L,0
3371,56,11,N,T,1
3371,56,11,N,R,0
3371,56,11,E,L,0
3371,56,11,E,T,0
3371,56,11,E,R,0
3371,56,11,S,L,0
3371,56,11,S,T,1
3371,56,11,S,R,0
3371,56,11,W,L,0
3371,56,11,W,T,0
3371,56,11,W,R,0
3372,56,12,N,L,0
3372,56,12,N,T,0
3372,56,12,N,R,0
3372,56,12,E,L,0
3372,56,12,E,T,1
3372,56,12,E,R,0
3372,56,12,S,L,0
3372,56,12,S,T,0
3372,56,12,S,R,0
3372,56,12,W,L,0
3372,56,12,W,T,0
3372,56,12,W,R,0
3373,56,13,N,L,0
3373,56,13,N,T,0
3373,56,13,N,R,0
3373,56,13,E,L,0
3373,56,13,E,T,0
3373,56,13,E,R,0
3373,56,13,S,L,0
3373,56,13,S,T,0
3373,56,13,S,R,0
3373,56,13,W,L,0
3373,56,13,W,T,0
3373,56,13,W,R,0
3374,56,14,N,L,0
3374,56,14,N,T,0
3374,56,14,N,R,0
3374,56,14,E,L,0
3374,56,14,E,T,1
3374,56,14,E,R,0
3374,56,14,S,L,0
3374,56,14,S,T,0
3374,56,14,S,R,0
3374,56,14,W,L,0
3374,56,14,W,T,0
3374,56,14,W,R,0
3375,56,15,N,L,0
3375,56,15,N,T,0
3375,56,15,N,R,0
3375,56,15,E,L,0
3375,56,15,E,T,0
3375,56,15,E,R,0
3375,56,15,S,L,0
3375,56,15,S,T,0
3375,56,15,S,R,0
3375,56,15,W,L,0
3375,56,15,W,T,0
3375,56,15,W,R,0
3376,56,16,N,L,1
3376,56,16,N,T,0
3376,56,16,N,R,0
3376,56,16,E,L,0
3376,56,16,E,T,0
3376,56,16,E,R,1
3376,56,16,S,L,0
3376,56,16,S,T,0
3376,56,16,S,R,0
3376,56,16,W,L,0
3376,56,16,W,T,0
3376,56,16,W,R,0
3377,56,17,N,L,0
3377,56,17,N,T,0
3377,56,17,N,R,0
3377,56,17,E,L,0
3377,56,17,E,T,0
3377,56,17,E,R,0
3377,56,17,S,L,0
3377,56,17,S,T,0
3377,56,17,S,R,0
3377,56,17,W,L,1
3377,56,17,W,T,0
3377,56,17,W,R,0
3378,56,18,N,L,0
3378,56,18,N,T,0
3378,56,18,N,R,0
3378,56,18,E,L,0
3378,56,18,E,T,0
3378,56,18,E,R,0
3378,56,18,S,L,0
3378,56,18,S,T,1
3378,56,18,S,R,0
3378,56,18,W,L,0
3378,56,18,W,T,0
3378,56,18,W,R,0
3379,56,19,N,L,0
3379,56,19,N,T,2
3379,56,19,N,R,0
3379,56,19,E,L,0
3379,56,19,E,T,0
3379,56,19,E,R,0
3379,56,19,S,L,0
3379,56,19,S,T,2
3379,56,19,S,R,0
3379,56,19,W,L,0
3379,56,19,W,T,0
3379,56,19,W,R,0
3380,56,20,N,L,0
3380,56,20,N,T,1
3380,56,20,N,R,0
3380,56,20,E,L,0
3380,56,20,E,T,0
3380,56,20,E,R,0
3380,56,20,S,L,0
3380,56,20,S,T,0
3380,56,20,S,R,0
3380,56,20,W,L,0
3380,56,20,W,T,1
3380,56,20,W,R,0
3381,56,21,N,L,1
3381,56,21,N,T,1
3381,56,21,N,R,0
3381,56,21,E,L,0
3381,56,21,E,T,0
3381,56,21,E,R,0
3381,56,21,S,L,0
3381,56,21,S,T,0
3381,56,21,S,R,0
3381,56,21,W,L,0
3381,56,21,W,T,0
3381,56,21,W,R,0
3382,56,22,N,L,0
3382,56,22,N,T,0
3382,56,22,N,R,0
3382,56,22,E,L,0
3382,56,22,E,T,0
3382,56,22,E,R,0
3382,56,22,S,L,0
3382,56,22,S,T,1
3382,56,22,S,R,0
3382,56,22,W,L,0
3382,56,22,W,T,0
3382,56,22,W,R,0
3383,56,23,N,L,0
3383,56,23,N,T,0
3383,56,23,N,R,0
3383,56,23,E,L,0
3383,56,23,E,T,0
3383,56,23,E,R,1
3383,56,23,S,L,0
3383,56,23,S,T,0
3383,56,23,S,R,1
3383,56,23,W,L,0
3383,56,23,W,T,0
3383,56,23,W,R,0
3384,56,24,N,L,0
3384,56,24,N,T,0
3384,56,24,N,R,0
3384,56,24,E,L,0
3384,56,24,E,T,0
3384,56,24,E,R,0
3384,56,24,S,L,0
3384,56,24,S,T,0
3384,56,24,S,R,0
3384,56,24,W,L,0
3384,56,24,W,T,0
3384,56,24,W,R,0
3385,56,25,N,L,0
3385,56,25,N,T,0
3385,56,25,N,R,0
3385,56,25,E,L,0
3385,56,25,E,T,0
3385,56,25,E,R,0
3385,56,25,S,L,0
3385,56,25,S,T,0
3385,56,25,S,R,0
3385,56,25,W,L,0
3385,56,25,W,T,0
3385,56,25,W,R,0
3386,56,26,N,L,0
3386,56,26,N,T,0
3386,56,26,N,R,0
3386,56,26,E,L,0
3386,56,26,E,T,1
3386,56,26,E,R,0
3386,56,26,S,L,0
3386,56,26,S,T,1
3386,56,26,S,R,0
3386,56,26,W,L,0
3386,56,26,W,T,0
3386,56,26,W,R,0
3387,56,27,N,L,0
3387,56,27,N,T,0
3387,56,27,N,R,0
3387,56,27,E,L,0
3387,56,27,E,T,0
3387,56,27,E,R,0
3387,56,27,S,L,0
3387,56,27,S,T,0
3387,56,27,S,R,0
3387,56,27,W,L,0
3387,56,27,W,T,0
3387,56,27,W,R,0
3388,56,28,N,L,0
3388,56,28,N,T,0
3388,56,28,N,R,0
3388,56,28,E,L,0
3388,56,28,E,T,0
3388,56,28,E,R,0
3388,56,28,S,L,0
3388,56,28,S,T,0
3388,56,28,S,R,0
3388,56,28,W,L,0
3388,56,28,W,T,0
3388,56,28,W,R,0
3389,56,29,N,L,0
3389,56,29,N,T,0
3389,56,29,N,R,0
3389,56,29,E,L,0
3389,56,29,E,T,0
3389,56,29,E,R,0
3389,56,29,S,L,0
3389,56,29,S,T,0
3389,56,29,S,R,0
3389,56,29,W,L,0
3389,56,29,W,T,0
3389,56,29,W,R,0
3390,56,30,N,L,0
3390,56,30,N,T,0
3390,56,30,N,R,0
3390,56,30,E,L,0
3390,56,30,E,T,0
3390,56,30,E,R,0
3390,56,30,S,L,0
3390,56,30,S,T,0
3390,56,30,S,R,0
3390,56,30,W,L,0
3390,56,30,W,T,0
3390,56,30,W,R,0
3391,56,31,N,L,0
3391,56,31,N,T,1
3391,56,31,N,R,0
3391,56,31,E,L,0
3391,56,31,E,T,0
3391,56,31,E,R,0
3391,56,31,S,L,0
3391,56,31,S,T,0
3391,56,31,S,R,0
3391,56,31,W,L,0
3391,56,31,W,T,0
3391,56,31,W,R,0
3392,56,32,N,L,0
3392,56,32,N,T,0
3392,56,32,N,R,0
3392,56,32,E,L,0
3392,56,32,E,T,0
3392,56,32,E,R,0
3392,56,32,S,L,0
3392,56,32,S,T,0
3392,56,32,S,R,1
3392,56,32,W,L,0
3392,56,32,W,T,0
3392,56,32,W,R,0
3393,56,33,N,L,0
3393,56,33,N,T,1
3393,56,33,N,R,0
3393,56,33,E,L,0
3393,56,33,E,T,1
3393,56,33,E,R,0
3393,56,33,S,L,0
3393,56,33,S,T,1
3393,56,33,S,R,0
3393,56,33,W,L,0
3393,56,33,W,T,0
3393,56,33,W,R,0
3394,56,34,N,L,0
3394,56,34,N,T,0
3394,56,34,N,R,0
3394,56,34,E,L,0
3394,56,34,E,T,0
3394,56,34,E,R,0
3394,56,34,S,L,0
3394,56,34,S,T,0
3394,56,34,S,R,0
3394,56,34,W,L,0
3394,56,34,W,T,0
3394,56,34,W,R,0
3395,56,35,N,L,0
3395,56,35,N,T,0
3395,56,35,N,R,0
3395,56,35,E,L,0
3395,56,35,E,T,0
3395,56,35,E,R,0
3395,56,35,S,L,0
3395,56,35,S,T,1
3395,56,35,S,R,0
3395,56,35,W,L,0
3395,56,35,W,T,1
3395,56,35,W,R,0
3396,56,36,N,L,0
3396,56,36,N,T,0
3396,56,36,N,R,0
3396,56,36,E,L,0
3396,56,36,E,T,0
3396,56,36,E,R,0
3396,56,36,S,L,0
3396,56,36,S,T,0
3396,56,36,S,R,0
3396,56,36,W,L,0
3396,56,36,W,T,0
3396,56,36,W,R,0
3397,56,37,N,L,0
3397,56,37,N,T,0
3397,56,37,N,R,0
3397,56,37,E,L,0
3397,56,37,E,T,1
3397,56,37,E,R,0
3397,56,37,S,L,0
3397,56,37,S,T,1
3397,56,37,S,R,0
3397,56,37,W,L,0
3397,56,37,W,T,0
3397,56,37,W,R,0
3398,56,38,N,L,0
3398,56,38,N,T,0
3398,56,38,N,R,0
3398,56,38,E,L,0
3398,56,38,E,T,0
3398,56,38,E,R,0
3398,56,38,S,L,0
3398,56,38,S,T,0
3398,56,38,S,R,0
3398,56,38,W,L,0
3398,56,38,W,T,0
3398,56,38,W,R,0
3399,56,39,N,L,0
3399,56,39,N,T,0
3399,56,39,N,R,0
3399,56,39,E,L,0
3399,56,39,E,T,0
3399,56,39,E,R,0
3399,56,39,S,L,0
3399,56,39,S,T,1
3399,56,39,S,R,0
3399,56,39,W,L,0
3399,56,39,W,T,0
3399,56,39,W,R,0
3400,56,40,N,L,0
3400,56,40,N,T,0
3400,56,40,N,R,0
3400,56,40,E,L,0
3400,56,40,E,T,0
3400,56,40,E,R,0
3400,56,40,S,L,0
3400,56,40,S,T,1
3400,56,40,S,R,0
3400,56,40,W,L,0
3400,56,40,W,T,0
3400,56,40,W,R,0
3401,56,41,N,L,0
3401,56,41,N,T,0
3401,56,41,N,R,0
3401,56,41,E,L,0
3401,56,41,E,T,0
3401,56,41,E,R,0
3401,56,41,S,L,0
3401,56,41,S,T,0
3401,56,41,S,R,0
3401,56,41,W,L,0
3401,56,41,W,T,0
3401,56,41,W,R,0
3402,56,42,N,L,0
3402,56,42,N,T,1
3402,56,42,N,R,0
3402,56,42,E,L,0
3402,56,42,E,T,0
3402,56,42,E,R,1
3402,56,42,S,L,0
3402,56,42,S,T,0
3402,56,42,S,R,0
3402,56,42,W,L,0
3402,56,42,W,T,0
3402,56,42,W,R,0
3403,56,43,N,L,0
3403,56,43,N,T,0
3403,56,43,N,R,0
3403,56,43,E,L,0
3403,56,43,E,T,0
3403,56,43,E,R,1
3403,56,43,S,L,0
3403,56,43,S,T,0
3403,56,43,S,R,0
3403,56,43,W,L,0
3403,56,43,W,T,0
3403,56,43,W,R,0
3404,56,44,N,L,0
3404,56,44,N,T,0
3404,56,44,N,R,0
3404,56,44,E,L,0
3404,56,44,E,T,0
3404,56,44,E,R,0
3404,56,44,S,L,0
3404,56,44,S,T,0
3404,56,44,S,R,0
3404,56,44,W,L,0
3404,56,44,W,T,0
3404,56,44,W,R,0
3405,56,45,N,L,0
3405,56,45,N,T,0
3405,56,45,N,R,0
3405,56,45,E,L,0
3405,56,45,E,T,1
3405,56,45,E,R,0
3405,56,45,S,L,0
3405,56,45,S,T,0
3405,56,45,S,R,0
3405,56,45,W,L,0
3405,56,45,W,T,0
3405,56,45,W,R,0
3406,56,46,N,L,0
3406,56,46,N,T,0
3406,56,46,N,R,0
3406,56,46,E,L,0
3406,56,46,E,T,0
3406,56,46,E,R,0
3406,56,46,S,L,0
3406,56,46,S,T,0
3406,56,46,S,R,0
3406,56,46,W,L,0
3406,56,46,W,T,0
3406,56,46,W,R,0
3407,56,47,N,L,0
3407,56,47,N,T,0
3407,56,47,N,R,0
3407,56,47,E,L,0
3407,56,47,E,T,0
3407,56,47,E,R,0
3407,56,47,S,L,0
3407,56,47,S,T,2
3407,56,47,S,R,0
3407,56,47,W,L,0
3407,56,47,W,T,0
3407,56,47,W,R,0
3408,56,48,N,L,0
3408,56,48,N,T,0
3408,56,48,N,R,0
3408,56,48,E,L,0
3408,56,48,E,T,0
3408,56,48,E,R,0
3408,56,48,S,L,0
3408,56,48,S,T,0
3408,56,48,S,R,0
3408,56,48,W,L,0
3408,56,48,W,T,0
3408,56,48,W,R,0
3409,56,49,N,L,0
3409,56,49,N,T,0
3409,56,49,N,R,0
3409,56,49,E,L,0
3409,56,49,E,T,0
3409,56,49,E,R,0
3409,56,49,S,L,0
3409,56,49,S,T,0
3409,56,49,S,R,0
3409,56,49,W,L,0
3409,56,49,W,T,0
3409,56,49,W,R,0
3410,56,50,N,L,0
3410,56,50,N,T,0
3410,56,50,N,R,0
3410,56,50,E,L,0
3410,56,50,E,T,1
3410,56,50,E,R,0
3410,56,50,S,L,0
3410,56,50,S,T,0
3410,56,50,S,R,0
3410,56,50,W,L,0
3410,56,50,W,T,0
3410,56,50,W,R,0
3411,56,51,N,L,0
3411,56,51,N,T,1
3411,56,51,N,R,0
3411,56,51,E,L,0
3411,56,51,E,T,0
3411,56,51,E,R,0
3411,56,51,S,L,0
3411,56,51,S,T,0
3411,56,51,S,R,0
3411,56,51,W,L,0
3411,56,51,W,T,0
3411,56,51,W,R,0
3412,56,52,N,L,0
3412,56,52,N,T,0
3412,56,52,N,R,0
3412,56,52,E,L,0
3412,56,52,E,T,0
3412,56,52,E,R,0
3412,56,52,S,L,0
3412,56,52,S,T,0
3412,56,52,S,R,0
3412,56,52,W,L,0
3412,56,52,W,T,0
3412,56,52,W,R,0
3413,56,53,N,L,0
3413,56,53,N,T,1
3413,56,53,N,R,0
3413,56,53,E,L,0
3413,56,53,E,T,0
3413,56,53,E,R,0
3413,56,53,S,L,0
3413,56,53,S,T,0
3413,56,53,S,R,0
3413,56,53,W,L,0
3413,56,53,W,T,0
3413,56,53,W,R,0
3414,56,54,N,L,0
3414,56,54,N,T,0
3414,56,54,N,R,0
3414,56,54,E,L,0
3414,56,54,E,T,0
3414,56,54,E,R,0
3414,56,54,S,L,0
3414,56,54,S,T,0
3414,56,54,S,R,0
3414,56,54,W,L,0
3414,56,54,W,T,0
3414,56,54,W,R,0
3415,56,55,N,L,0
3415,56,55,N,T,0
3415,56,55,N,R,0
3415,56,55,E,L,0
3415,56,55,E,T,0
3415,56,55,E,R,0
3415,56,55,S,L,0
3415,56,55,S,T,0
3415,56,55,S,R,0
3415,56,55,W,L,0
3415,56,55,W,T,0
3415,56,55,W,R,0
3416,56,56,N,L,0
3416,56,56,N,T,0
3416,56,56,N,R,0
3416,56,56,E,L,1
3416,56,56,E,T,0
3416,56,56,E,R,0
3416,56,56,S,L,0
3416,56,56,S,T,0
3416,56,56,S,R,0
3416,56,56,W,L,0
3416,56,56,W,T,0
3416,56,56,W,R,0
3417,56,57,N,L,0
3417,56,57,N,T,0
3417,56,57,N,R,0
3417,56,57,E,L,0
3417,56,57,E,T,0
3417,56,57,E,R,0
3417,56,57,S,L,0
3417,56,57,S,T,1
3417,56,57,S,R,0
3417,56,57,W,L,0
3417,56,57,W,T,0
3417,56,57,W,R,0
3418,56,58,N,L,0
3418,56,58,N,T,0
3418,56,58,N,R,0
3418,56,58,E,L,0
3418,56,58,E,T,0
3418,56,58,E,R,0
3418,56,58,S,L,0
3418,56,58,S,T,1
3418,56,58,S,R,0
3418,56,58,W,L,0
3418,56,58,W,T,0
3418,56,58,W,R,0
3419,56,59,N,L,0
3419,56,59,N,T,0
3419,56,59,N,R,0
3419,56,59,E,L,0
3419,56,59,E,T,0
3419,56,59,E,R,0
3419,56,59,S,L,0
3419,56,59,S,T,0
3419,56,59,S,R,0
3419,56,59,W,L,0
3419,56,59,W,T,0
3419,56,59,W,R,0
3420,57,00,N,L,0
3420,57,00,N,T,0
3420,57,00,N,R,0
3420,57,00,E,L,0
3420,57,00,E,T,0
3420,57,00,E,R,0
3420,57,00,S,L,0
3420,57,00,S,T,0
3420,57,00,S,R,0
3420,57,00,W,L,0
3420,57,00,W,T,0
3420,57,00,W,R,0
3421,57,01,N,L,0
3421,57,01,N,T,0
3421,57,01,N,R,0
3421,57,01,E,L,0
3421,57,01,E,T,0
3421,57,01,E,R,0
3421,57,01,S,L,0
3421,57,01,S,T,0
3421,57,01,S,R,0
3421,57,01,W,L,0
3421,57,01,W,T,0
3421,57,01,W,R,0
3422,57,02,N,L,0
3422,57,02,N,T,0
3422,57,02,N,R,0
3422,57,02,E,L,0
3422,57,02,E,T,0
3422,57,02,E,R,0
3422,57,02,S,L,0
3422,57,02,S,T,1
3422,57,02,S,R,0
3422,57,02,W,L,0
3422,57,02,W,T,0
3422,57,02,W,R,0
3423,57,03,N,L,0
3423,57,03,N,T,0
3423,57,03,N,R,0
3423,57,03,E,L,0
3423,57,03,E,T,0
3423,57,03,E,R,0
3423,57,03,S,L,0
3423,57,03,S,T,1
3423,57,03,S,R,0
3423,57,03,W,L,0
3423,57,03,W,T,0
3423,57,03,W,R,0
3424,57,04,N,L,0
3424,57,04,N,T,0
3424,57,04,N,R,0
3424,57,04,E,L,0
3424,57,04,E,T,0
3424,57,04,E,R,0
3424,57,04,S,L,0
3424,57,04,S,T,2
3424,57,04,S,R,0
3424,57,04,W,L,0
3424,57,04,W,T,0
3424,57,04,W,R,0
3425,57,05,N,L,0
3425,57,05,N,T,0
3425,57,05,N,R,0
3425,57,05,E,L,0
3425,57,05,E,T,0
3425,57,05,E,R,0
3425,57,05,S,L,0
3425,57,05,S,T,0
3425,57,05,S,R,0
3425,57,05,W,L,0
3425,57,05,W,T,0
3425,57,05,W,R,0
3426,57,06,N,L,0
3426,57,06,N,T,0
3426,57,06,N,R,0
3426,57,06,E,L,0
3426,57,06,E,T,0
3426,57,06,E,R,0
3426,57,06,S,L,0
3426,57,06,S,T,1
3426,57,06,S,R,0
3426,57,06,W,L,0
3426,57,06,W,T,0
3426,57,06,W,R,0
3427,57,07,N,L,0
3427,57,07,N,T,0
3427,57,07,N,R,0
3427,57,07,E,L,0
3427,57,07,E,T,0
3427,57,07,E,R,0
3427,57,07,S,L,0
3427,57,07,S,T,1
3427,57,07,S,R,0
3427,57,07,W,L,0
3427,57,07,W,T,0
3427,57,07,W,R,0
3428,57,08,N,L,0
3428,57,08,N,T,0
3428,57,08,N,R,0
3428,57,08,E,L,0
3428,57,08,E,T,0
3428,57,08,E,R,0
3428,57,08,S,L,0
3428,57,08,S,T,0
3428,57,08,S,R,0
3428,57,08,W,L,0
3428,57,08,W,T,0
3428,57,08,W,R,0
3429,57,09,N,L,0
3429,57,09,N,T,1
3429,57,09,N,R,0
3429,57,09,E,L,0
3429,57,09,E,T,0
3429,57,09,E,R,0
3429,57,09,S,L,0
3429,57,09,S,T,0
3429,57,09,S,R,0
3429,57,09,W,L,0
3429,57,09,W,T,0
3429,57,09,W,R,0
3430,57,10,N,L,0
3430,57,10,N,T,0
3430,57,10,N,R,0
3430,57,10,E,L,0
3430,57,10,E,T,0
3430,57,10,E,R,0
3430,57,10,S,L,0
3430,57,10,S,T,1
3430,57,10,S,R,0
3430,57,10,W,L,0
3430,57,10,W,T,1
3430,57,10,W,R,0
3431,57,11,N,L,0
3431,57,11,N,T,0
3431,57,11,N,R,0
3431,57,11,E,L,0
3431,57,11,E,T,0
3431,57,11,E,R,0
3431,57,11,S,L,0
3431,57,11,S,T,0
3431,57,11,S,R,0
3431,57,11,W,L,0
3431,57,11,W,T,0
3431,57,11,W,R,0
3432,57,12,N,L,0
3432,57,12,N,T,0
3432,57,12,N,R,0
3432,57,12,E,L,0
3432,57,12,E,T,0
3432,57,12,E,R,0
3432,57,12,S,L,0
3432,57,12,S,T,0
3432,57,12,S,R,0
3432,57,12,W,L,0
3432,57,12,W,T,0
3432,57,12,W,R,0
3433,57,13,N,L,0
3433,57,13,N,T,1
3433,57,13,N,R,0
3433,57,13,E,L,1
3433,57,13,E,T,0
3433,57,13,E,R,0
3433,57,13,S,L,0
3433,57,13,S,T,0
3433,57,13,S,R,0
3433,57,13,W,L,0
3433,57,13,W,T,0
3433,57,13,W,R,0
3434,57,14,N,L,0
3434,57,14,N,T,0
3434,57,14,N,R,0
3434,57,14,E,L,0
3434,57,14,E,T,0
3434,57,14,E,R,0
3434,57,14,S,L,0
3434,57,14,S,T,1
3434,57,14,S,R,0
3434,57,14,W,L,0
3434,57,14,W,T,0
3434,57,14,W,R,1
3435,57,15,N,L,1
3435,57,15,N,T,0
3435,57,15,N,R,0
3435,57,15,E,L,0
3435,57,15,E,T,0
3435,57,15,E,R,0
3435,57,15,S,L,0
3435,57,15,S,T,0
3435,57,15,S,R,0
3435,57,15,W,L,0
3435,57,15,W,T,0
3435,57,15,W,R,0
3436,57,16,N,L,0
3436,57,16,N,T,0
3436,57,16,N,R,0
3436,57,16,E,L,0
3436,57,16,E,T,0
3436,57,16,E,R,0
3436,57,16,S,L,1
3436,57,16,S,T,0
3436,57,16,S,R,0
3436,57,16,W,L,0
3436,57,16,W,T,0
3436,57,16,W,R,0
3437,57,17,N,L,0
3437,57,17,N,T,0
3437,57,17,N,R,0
3437,57,17,E,L,0
3437,57,17,E,T,0
3437,57,17,E,R,0
3437,57,17,S,L,0
3437,57,17,S,T,0
3437,57,17,S,R,0
3437,57,17,W,L,0
3437,57,17,W,T,0
3437,57,17,W,R,0
3438,57,18,N,L,0
3438,57,18,N,T,1
3438,57,18,N,R,0
3438,57,18,E,L,0
3438,57,18,E,T,0
3438,57,18,E,R,0
3438,57,18,S,L,0
3438,57,18,S,T,0
3438,57,18,S,R,0
3438,57,18,W,L,0
3438,57,18,W,T,0
3438,57,18,W,R,0
3439,57,19,N,L,0
3439,57,19,N,T,0
3439,57,19,N,R,0
3439,57,19,E,L,0
3439,57,19,E,T,0
3439,57,19,E,R,0
3439,57,19,S,L,0
3439,57,19,S,T,0
3439,57,19,S,R,0
3439,57,19,W,L,0
3439,57,19,W,T,0
3439,57,19,W,R,0
3440,57,20,N,L,0
3440,57,20,N,T,0
3440,57,20,N,R,0
3440,57,20,E,L,0
3440,57,20,E,T,0
3440,57,20,E,R,0
3440,57,20,S,L,0
3440,57,20,S,T,0
3440,57,20,S,R,0
3440,57,20,W,L,0
3440,57,20,W,T,0
3440,57,20,W,R,0
3441,57,21,N,L,0
3441,57,21,N,T,0
3441,57,21,N,R,0
3441,57,21,E,L,0
3441,57,21,E,T,0
3441,57,21,E,R,0
3441,57,21,S,L,0
3441,57,21,S,T,0
3441,57,21,S,R,0
3441,57,21,W,L,0
3441,57,21,W,T,0
3441,57,21,W,R,0
3442,57,22,N,L,0
3442,57,22,N,T,0
3442,57,22,N,R,0
3442,57,22,E,L,1
3442,57,22,E,T,0
3442,57,22,E,R,0
3442,57,22,S,L,1
3442,57,22,S,T,0
3442,57,22,S,R,0
3442,57,22,W,L,0
3442,57,22,W,T,0
3442,57,22,W,R,0
3443,57,23,N,L,0
3443,57,23,N,T,0
3443,57,23,N,R,0
3443,57,23,E,L,0
3443,57,23,E,T,0
3443,57,23,E,R,0
3443,57,23,S,L,0
3443,57,23,S,T,0
3443,57,23,S,R,0
3443,57,23,W,L,0
3443,57,23,W,T,0
3443,57,23,W,R,0
3444,57,24,N,L,0
3444,57,24,N,T,0
3444,57,24,N,R,0
3444,57,24,E,L,0
3444,57,24,E,T,0
3444,57,24,E,R,0
3444,57,24,S,L,0
3444,57,24,S,T,0
3444,57,24,S,R,0
3444,57,24,W,L,1
3444,57,24,W,T,0
3444,57,24,W,R,0
3445,57,25,N,L,0
3445,57,25,N,T,0
3445,57,25,N,R,0
3445,57,25,E,L,0
3445,57,25,E,T,0
3445,57,25,E,R,0
3445,57,25,S,L,0
3445,57,25,S,T,0
3445,57,25,S,R,0
3445,57,25,W,L,0
3445,57,25,W,T,0
3445,57,25,W,R,0
3446,57,26,N,L,0
3446,57,26,N,T,0
3446,57,26,N,R,0
3446,57,26,E,L,0
3446,57,26,E,T,1
3446,57,26,E,R,0
3446,57,26,S,L,0
3446,57,26,S,T,0
3446,57,26,S,R,0
3446,57,26,W,L,0
3446,57,26,W,T,0
3446,57,26,W,R,0
3447,57,27,N,L,0
3447,57,27,N,T,0
3447,57,27,N,R,0
3447,57,27,E,L,0
3447,57,27,E,T,0
3447,57,27,E,R,0
3447,57,27,S,L,0
3447,57,27,S,T,0
3447,57,27,S,R,0
3447,57,27,W,L,0
3447,57,27,W,T,0
3447,57,27,W,R,0
3448,57,28,N,L,0
3448,57,28,N,T,0
3448,57,28,N,R,0
3448,57,28,E,L,0
3448,57,28,E,T,0
3448,57,28,E,R,0
3448,57,28,S,L,0
3448,57,28,S,T,0
3448,57,28,S,R,0
3448,57,28,W,L,0
3448,57,28,W,T,0
3448,57,28,W,R,0
3449,57,29,N,L,0
3449,57,29,N,T,0
3449,57,29,N,R,0
3449,57,29,E,L,0
3449,57,29,E,T,0
3449,57,29,E,R,0
3449,57,29,S,L,0
3449,57,29,S,T,0
3449,57,29,S,R,0
3449,57,29,W,L,0
3449,57,29,W,T,0
3449,57,29,W,R,0
3450,57,30,N,L,0
3450,57,30,N,T,0
3450,57,30,N,R,0
3450,57,30,E,L,0
3450,57,30,E,T,0
3450,57,30,E,R,0
3450,57,30,S,L,0
3450,57,30,S,T,0
3450,57,30,S,R,0
3450,57,30,W,L,0
3450,57,30,W,T,0
3450,57,30,W,R,0
3451,57,31,N,L,0
3451,57,31,N,T,0
3451,57,31,N,R,1
3451,57,31,E,L,0
3451,57,31,E,T,0
3451,57,31,E,R,0
3451,57,31,S,L,0
3451,57,31,S,T,1
3451,57,31,S,R,0
3451,57,31,W,L,0
3451,57,31,W,T,0
3451,57,31,W,R,0
3452,57,32,N,L,0
3452,57,32,N,T,0
3452,57,32,N,R,0
3452,57,32,E,L,0
3452,57,32,E,T,0
3452,57,32,E,R,0
3452,57,32,S,L,0
3452,57,32,S,T,0
3452,57,32,S,R,0
3452,57,32,W,L,0
3452,57,32,W,T,0
3452,57,32,W,R,0
3453,57,33,N,L,0
3453,57,33,N,T,0
3453,57,33,N,R,0
3453,57,33,E,L,0
3453,57,33,E,T,0
3453,57,33,E,R,0
3453,57,33,S,L,0
3453,57,33,S,T,0
3453,57,33,S,R,1
3453,57,33,W,L,0
3453,57,33,W,T,0
3453,57,33,W,R,0
3454,57,34,N,L,0
3454,57,34,N,T,2
3454,57,34,N,R,0
3454,57,34,E,L,0
3454,57,34,E,T,0
3454,57,34,E,R,0
3454,57,34,S,L,0
3454,57,34,S,T,0
3454,57,34,S,R,0
3454,57,34,W,L,0
3454,57,34,W,T,0
3454,57,34,W,R,0
3455,57,35,N,L,0
3455,57,35,N,T,0
3455,57,35,N,R,0
3455,57,35,E,L,0
3455,57,35,E,T,0
3455,57,35,E,R,0
3455,57,35,S,L,1
3455,57,35,S,T,0
3455,57,35,S,R,0
3455,57,35,W,L,0
3455,57,35,W,T,0
3455,57,35,W,R,0
3456,57,36,N,L,0
3456,57,36,N,T,0
3456,57,36,N,R,0
3456,57,36,E,L,0
3456,57,36,E,T,0
3456,57,36,E,R,0
3456,57,36,S,L,0
3456,57,36,S,T,0
3456,57,36,S,R,0
3456,57,36,W,L,0
3456,57,36,W,T,0
3456,57,36,W,R,0
3457,57,37,N,L,0
3457,57,37,N,T,1
3457,57,37,N,R,0
3457,57,37,E,L,0
3457,57,37,E,T,0
3457,57,37,E,R,0
3457,57,37,S,L,0
3457,57,37,S,T,0
3457,57,37,S,R,0
3457,57,37,W,L,0
3457,57,37,W,T,0
3457,57,37,W,R,0
3458,57,38,N,L,0
3458,57,38,N,T,0
3458,57,38,N,R,0
3458,57,38,E,L,0
3458,57,38,E,T,0
3458,57,38,E,R,0
3458,57,38,S,L,0
3458,57,38,S,T,1
3458,57,38,S,R,0
3458,57,38,W,L,1
3458,57,38,W,T,0
3458,57,38,W,R,0
3459,57,39,N,L,0
3459,57,39,N,T,0
3459,57,39,N,R,0
3459,57,39,E,L,0
3459,57,39,E,T,0
3459,57,39,E,R,0
3459,57,39,S,L,0
3459,57,39,S,T,0
3459,57,39,S,R,0
3459,57,39,W,L,0
3459,57,39,W,T,0
3459,57,39,W,R,0
3460,57,40,N,L,0
3460,57,40,N,T,0
3460,57,40,N,R,0
3460,57,40,E,L,0
3460,57,40,E,T,0
3460,57,40,E,R,0
3460,57,40,S,L,0
3460,57,40,S,T,0
3460,57,40,S,R,0
3460,57,40,W,L,0
3460,57,40,W,T,0
3460,57,40,W,R,0
3461,57,41,N,L,0
3461,57,41,N,T,0
3461,57,41,N,R,0
3461,57,41,E,L,0
3461,57,41,E,T,0
3461,57,41,E,R,0
3461,57,41,S,L,0
3461,57,41,S,T,0
3461,57,41,S,R,0
3461,57,41,W,L,0
3461,57,41,W,T,0
3461,57,41,W,R,0
3462,57,42,N,L,0
3462,57,42,N,T,0
3462,57,42,N,R,0
3462,57,42,E,L,0
3462,57,42,E,T,0
3462,57,42,E,R,0
3462,57,42,S,L,0
3462,57,42,S,T,0
3462,57,42,S,R,0
3462,57,42,W,L,0
3462,57,42,W,T,0
3462,57,42,W,R,0
3463,57,43,N,L,0
3463,57,43,N,T,0
3463,57,43,N,R,0
3463,57,43,E,L,0
3463,57,43,E,T,0
3463,57,43,E,R,0
3463,57,43,S,L,0
3463,57,43,S,T,0
3463,57,43,S,R,0
3463,57,43,W,L,0
3463,57,43,W,T,0
3463,57,43,W,R,0
3464,57,44,N,L,0
3464,57,44,N,T,0
3464,57,44,N,R,0
3464,57,44,E,L,0
3464,57,44,E,T,0
3464,57,44,E,R,0
3464,57,44,S,L,0
3464,57,44,S,T,0
3464,57,44,S,R,0
3464,57,44,W,L,0
3464,57,44,W,T,0
3464,57,44,W,R,1
3465,57,45,N,L,0
3465,57,45,N,T,0
3465,57,45,N,R,0
3465,57,45,E,L,0
3465,57,45,E,T,0
3465,57,45,E,R,0
3465,57,45,S,L,0
3465,57,45,S,T,0
3465,57,45,S,R,0
3465,57,45,W,L,0
3465,57,45,W,T,0
3465,57,45,W,R,0
3466,57,46,N,L,1
3466,57,46,N,T,0
3466,57,46,N,R,0
3466,57,46,E,L,0
3466,57,46,E,T,0
3466,57,46,E,R,0
3466,57,46,S,L,0
3466,57,46,S,T,0
3466,57,46,S,R,0
3466,57,46,W,L,0
3466,57,46,W,T,0
3466,57,46,W,R,0
3467,57,47,N,L,0
3467,57,47,N,T,0
3467,57,47,N,R,0
3467,57,47,E,L,0
3467,57,47,E,T,0
3467,57,47,E,R,0
3467,57,47,S,L,0
3467,57,47,S,T,0
3467,57,47,S,R,0
3467,57,47,W,L,0
3467,57,47,W,T,0
3467,57,47,W,R,0
3468,57,48,N,L,0
3468,57,48,N,T,0
3468,57,48,N,R,0
3468,57,48,E,L,0
3468,57,48,E,T,0
3468,57,48,E,R,0
3468,57,48,S,L,0
3468,57,48,S,T,0
3468,57,48,S,R,0
3468,57,48,W,L,0
3468,57,48,W,T,0
3468,57,48,W,R,0
3469,57,49,N,L,0
3469,57,49,N,T,1
3469,57,49,N,R,0
3469,57,49,E,L,0
3469,57,49,E,T,0
3469,57,49,E,R,0
3469,57,49,S,L,0
3469,57,49,S,T,0
3469,57,49,S,R,0
3469,57,49,W,L,1
3469,57,49,W,T,0
3469,57,49,W,R,0
3470,57,50,N,L,0
3470,57,50,N,T,1
3470,57,50,N,R,0
3470,57,50,E,L,0
3470,57,50,E,T,0
3470,57,50,E,R,0
3470,57,50,S,L,0
3470,57,50,S,T,0
3470,57,50,S,R,0
3470,57,50,W,L,0
3470,57,50,W,T,1
3470,57,50,W,R,0
3471,57,51,N,L,0
3471,57,51,N,T,0
3471,57,51,N,R,0
3471,57,51,E,L,0
3471,57,51,E,T,0
3471,57,51,E,R,0
3471,57,51,S,L,0
3471,57,51,S,T,0
3471,57,51,S,R,0
3471,57,51,W,L,0
3471,57,51,W,T,0
3471,57,51,W,R,0
3472,57,52,N,L,0
3472,57,52,N,T,0
3472,57,52,N,R,0
3472,57,52,E,L,0
3472,57,52,E,T,0
3472,57,52,E,R,0
3472,57,52,S,L,0
3472,57,52,S,T,1
3472,57,52,S,R,0
3472,57,52,W,L,0
3472,57,52,W,T,0
3472,57,52,W,R,0
3473,57,53,N,L,0
3473,57,53,N,T,2
3473,57,53,N,R,0
3473,57,53,E,L,0
3473,57,53,E,T,1
3473,57,53,E,R,0
3473,57,53,S,L,0
3473,57,53,S,T,0
3473,57,53,S,R,0
3473,57,53,W,L,0
3473,57,53,W,T,0
3473,57,53,W,R,0
3474,57,54,N,L,0
3474,57,54,N,T,0
3474,57,54,N,R,0
3474,57,54,E,L,0
3474,57,54,E,T,1
3474,57,54,E,R,0
3474,57,54,S,L,0
3474,57,54,S,T,0
3474,57,54,S,R,0
3474,57,54,W,L,0
3474,57,54,W,T,0
3474,57,54,W,R,0
3475,57,55,N,L,0
3475,57,55,N,T,0
3475,57,55,N,R,0
3475,57,55,E,L,0
3475,57,55,E,T,0
3475,57,55,E,R,0
3475,57,55,S,L,0
3475,57,55,S,T,0
3475,57,55,S,R,0
3475,57,55,W,L,0
3475,57,55,W,T,0
3475,57,55,W,R,0
3476,57,56,N,L,0
3476,57,56,N,T,0
3476,57,56,N,R,0
3476,57,56,E,L,0
3476,57,56,E,T,0
3476,57,56,E,R,0
3476,57,56,S,L,0
3476,57,56,S,T,0
3476,57,56,S,R,0
3476,57,56,W,L,0
3476,57,56,W,T,0
3476,57,56,W,R,0
3477,57,57,N,L,0
3477,57,57,N,T,1
3477,57,57,N,R,0
3477,57,57,E,L,0
3477,57,57,E,T,0
3477,57,57,E,R,0
3477,57,57,S,L,0
3477,57,57,S,T,0
3477,57,57,S,R,0
3477,57,57,W,L,0
3477,57,57,W,T,0
3477,57,57,W,R,0
3478,57,58,N,L,0
3478,57,58,N,T,0
3478,57,58,N,R,0
3478,57,58,E,L,0
3478,57,58,E,T,0
3478,57,58,E,R,0
3478,57,58,S,L,0
3478,57,58,S,T,0
3478,57,58,S,R,0
3478,57,58,W,L,0
3478,57,58,W,T,0
3478,57,58,W,R,0
3479,57,59,N,L,0
3479,57,59,N,T,0
3479,57,59,N,R,0
3479,57,59,E,L,0
3479,57,59,E,T,0
3479,57,59,E,R,0
3479,57,59,S,L,0
3479,57,59,S,T,0
3479,57,59,S,R,0
3479,57,59,W,L,0
3479,57,59,W,T,0
3479,57,59,W,R,0
3480,58,00,N,L,0
3480,58,00,N,T,0
3480,58,00,N,R,0
3480,58,00,E,L,0
3480,58,00,E,T,0
3480,58,00,E,R,0
3480,58,00,S,L,0
3480,58,00,S,T,0
3480,58,00,S,R,0
3480,58,00,W,L,0
3480,58,00,W,T,0
3480,58,00,W,R,0
3481,58,01,N,L,0
3481,58,01,N,T,0
3481,58,01,N,R,0
3481,58,01,E,L,0
3481,58,01,E,T,0
3481,58,01,E,R,0
3481,58,01,S,L,0
3481,58,01,S,T,0
3481,58,01,S,R,0
3481,58,01,W,L,0
3481,58,01,W,T,0
3481,58,01,W,R,0
3482,58,02,N,L,0
3482,58,02,N,T,0
3482,58,02,N,R,0
3482,58,02,E,L,0
3482,58,02,E,T,0
3482,58,02,E,R,0
3482,58,02,S,L,0
3482,58,02,S,T,0
3482,58,02,S,R,0
3482,58,02,W,L,0
3482,58,02,W,T,0
3482,58,02,W,R,0
3483,58,03,N,L,0
3483,58,03,N,T,0
3483,58,03,N,R,0
3483,58,03,E,L,0
3483,58,03,E,T,0
3483,58,03,E,R,0
3483,58,03,S,L,0
3483,58,03,S,T,2
3483,58,03,S,R,0
3483,58,03,W,L,0
3483,58,03,W,T,1
3483,58,03,W,R,1
3484,58,04,N,L,0
3484,58,04,N,T,0
3484,58,04,N,R,0
3484,58,04,E,L,0
3484,58,04,E,T,0
3484,58,04,E,R,0
3484,58,04,S,L,0
3484,58,04,S,T,0
3484,58,04,S,R,0
3484,58,04,W,L,0
3484,58,04,W,T,0
3484,58,04,W,R,0
3485,58,05,N,L,0
3485,58,05,N,T,1
3485,58,05,N,R,0
3485,58,05,E,L,0
3485,58,05,E,T,0
3485,58,05,E,R,0
3485,58,05,S,L,0
3485,58,05,S,T,0
3485,58,05,S,R,0
3485,58,05,W,L,0
3485,58,05,W,T,1
3485,58,05,W,R,0
3486,58,06,N,L,0
3486,58,06,N,T,0
3486,58,06,N,R,0
3486,58,06,E,L,0
3486,58,06,E,T,0
3486,58,06,E,R,0
3486,58,06,S,L,0
3486,58,06,S,T,0
3486,58,06,S,R,0
3486,58,06,W,L,0
3486,58,06,W,T,0
3486,58,06,W,R,0
3487,58,07,N,L,0
3487,58,07,N,T,1
3487,58,07,N,R,0
3487,58,07,E,L,0
3487,58,07,E,T,0
3487,58,07,E,R,0
3487,58,07,S,L,0
3487,58,07,S,T,1
3487,58,07,S,R,0
3487,58,07,W,L,0
3487,58,07,W,T,0
3487,58,07,W,R,0
3488,58,08,N,L,0
3488,58,08,N,T,0
3488,58,08,N,R,0
3488,58,08,E,L,0
3488,58,08,E,T,0
3488,58,08,E,R,0
3488,58,08,S,L,0
3488,58,08,S,T,1
3488,58,08,S,R,0
3488,58,08,W,L,0
3488,58,08,W,T,0
3488,58,08,W,R,0
3489,58,09,N,L,0
3489,58,09,N,T,0
3489,58,09,N,R,0
3489,58,09,E,L,0
3489,58,09,E,T,0
3489,58,09,E,R,0
3489,58,09,S,L,0
3489,58,09,S,T,1
3489,58,09,S,R,0
3489,58,09,W,L,0
3489,58,09,W,T,0
3489,58,09,W,R,0
3490,58,10,N,L,0
3490,58,10,N,T,1
3490,58,10,N,R,0
3490,58,10,E,L,0
3490,58,10,E,T,0
3490,58,10,E,R,0
3490,58,10,S,L,0
3490,58,10,S,T,0
3490,58,10,S,R,0
3490,58,10,W,L,0
3490,58,10,W,T,0
3490,58,10,W,R,0
3491,58,11,N,L,0
3491,58,11,N,T,0
3491,58,11,N,R,0
3491,58,11,E,L,0
3491,58,11,E,T,0
3491,58,11,E,R,0
3491,58,11,S,L,0
3491,58,11,S,T,0
3491,58,11,S,R,0
3491,58,11,W,L,0
3491,58,11,W,T,0
3491,58,11,W,R,0
3492,58,12,N,L,0
3492,58,12,N,T,0
3492,58,12,N,R,0
3492,58,12,E,L,0
3492,58,12,E,T,1
3492,58,12,E,R,0
3492,58,12,S,L,0
3492,58,12,S,T,0
3492,58,12,S,R,0
3492,58,12,W,L,0
3492,58,12,W,T,0
3492,58,12,W,R,0
3493,58,13,N,L,0
3493,58,13,N,T,0
3493,58,13,N,R,0
3493,58,13,E,L,0
3493,58,13,E,T,0
3493,58,13,E,R,0
3493,58,13,S,L,0
3493,58,13,S,T,0
3493,58,13,S,R,0
3493,58,13,W,L,0
3493,58,13,W,T,0
3493,58,13,W,R,0
3494,58,14,N,L,0
3494,58,14,N,T,0
3494,58,14,N,R,0
3494,58,14,E,L,0
3494,58,14,E,T,0
3494,58,14,E,R,0
3494,58,14,S,L,0
3494,58,14,S,T,0
3494,58,14,S,R,0
3494,58,14,W,L,0
3494,58,14,W,T,0
3494,58,14,W,R,0
3495,58,15,N,L,0
3495,58,15,N,T,0
3495,58,15,N,R,0
3495,58,15,E,L,0
3495,58,15,E,T,0
3495,58,15,E,R,0
3495,58,15,S,L,0
3495,58,15,S,T,0
3495,58,15,S,R,0
3495,58,15,W,L,0
3495,58,15,W,T,0
3495,58,15,W,R,0
3496,58,16,N,L,0
3496,58,16,N,T,0
3496,58,16,N,R,0
3496,58,16,E,L,0
3496,58,16,E,T,0
3496,58,16,E,R,0
3496,58,16,S,L,0
3496,58,16,S,T,0
3496,58,16,S,R,0
3496,58,16,W,L,0
3496,58,16,W,T,0
3496,58,16,W,R,0
3497,58,17,N,L,0
3497,58,17,N,T,0
3497,58,17,N,R,0
3497,58,17,E,L,0
3497,58,17,E,T,0
3497,58,17,E,R,0
3497,58,17,S,L,0
3497,58,17,S,T,0
3497,58,17,S,R,0
3497,58,17,W,L,0
3497,58,17,W,T,0
3497,58,17,W,R,0
3498,58,18,N,L,0
3498,58,18,N,T,0
3498,58,18,N,R,0
3498,58,18,E,L,0
3498,58,18,E,T,0
3498,58,18,E,R,0
3498,58,18,S,L,0
3498,58,18,S,T,0
3498,58,18,S,R,0
3498,58,18,W,L,0
3498,58,18,W,T,0
3498,58,18,W,R,0
3499,58,19,N,L,0
3499,58,19,N,T,0
3499,58,19,N,R,0
3499,58,19,E,L,0
3499,58,19,E,T,0
3499,58,19,E,R,0
3499,58,19,S,L,0
3499,58,19,S,T,0
3499,58,19,S,R,0
3499,58,19,W,L,0
3499,58,19,W,T,0
3499,58,19,W,R,0
3500,58,20,N,L,0
3500,58,20,N,T,1
3500,58,20,N,R,0
3500,58,20,E,L,0
3500,58,20,E,T,0
3500,58,20,E,R,0
3500,58,20,S,L,0
3500,58,20,S,T,0
3500,58,20,S,R,0
3500,58,20,W,L,0
3500,58,20,W,T,1
3500,58,20,W,R,0
3501,58,21,N,L,0
3501,58,21,N,T,0
3501,58,21,N,R,0
3501,58,21,E,L,0
3501,58,21,E,T,0
3501,58,21,E,R,0
3501,58,21,S,L,0
3501,58,21,S,T,0
3501,58,21,S,R,0
3501,58,21,W,L,0
3501,58,21,W,T,0
3501,58,21,W,R,0
3502,58,22,N,L,0
3502,58,22,N,T,0
3502,58,22,N,R,0
3502,58,22,E,L,0
3502,58,22,E,T,0
3502,58,22,E,R,0
3502,58,22,S,L,0
3502,58,22,S,T,0
3502,58,22,S,R,0
3502,58,22,W,L,0
3502,58,22,W,T,0
3502,58,22,W,R,0
3503,58,23,N,L,0
3503,58,23,N,T,0
3503,58,23,N,R,0
3503,58,23,E,L,0
3503,58,23,E,T,1
3503,58,23,E,R,0
3503,58,23,S,L,0
3503,58,23,S,T,0
3503,58,23,S,R,0
3503,58,23,W,L,0
3503,58,23,W,T,0
3503,58,23,W,R,0
3504,58,24,N,L,0
3504,58,24,N,T,1
3504,58,24,N,R,0
3504,58,24,E,L,0
3504,58,24,E,T,0
3504,58,24,E,R,0
3504,58,24,S,L,0
3504,58,24,S,T,0
3504,58,24,S,R,0
3504,58,24,W,L,0
3504,58,24,W,T,0
3504,58,24,W,R,0
3505,58,25,N,L,0
3505,58,25,N,T,0
3505,58,25,N,R,0
3505,58,25,E,L,0
3505,58,25,E,T,0
3505,58,25,E,R,0
3505,58,25,S,L,0
3505,58,25,S,T,0
3505,58,25,S,R,0
3505,58,25,W,L,0
3505,58,25,W,T,0
3505,58,25,W,R,0
3506,58,26,N,L,0
3506,58,26,N,T,0
3506,58,26,N,R,0
3506,58,26,E,L,0
3506,58,26,E,T,0
3506,58,26,E,R,0
3506,58,26,S,L,0
3506,58,26,S,T,0
3506,58,26,S,R,0
3506,58,26,W,L,0
3506,58,26,W,T,0
3506,58,26,W,R,0
3507,58,27,N,L,0
3507,58,27,N,T,0
3507,58,27,N,R,0
3507,58,27,E,L,0
3507,58,27,E,T,0
3507,58,27,E,R,0
3507,58,27,S,L,0
3507,58,27,S,T,0
3507,58,27,S,R,0
3507,58,27,W,L,0
3507,58,27,W,T,1
3507,58,27,W,R,0
3508,58,28,N,L,0
3508,58,28,N,T,0
3508,58,28,N,R,0
3508,58,28,E,L,0
3508,58,28,E,T,0
3508,58,28,E,R,0
3508,58,28,S,L,0
3508,58,28,S,T,0
3508,58,28,S,R,0
3508,58,28,W,L,0
3508,58,28,W,T,0
3508,58,28,W,R,0
3509,58,29,N,L,0
3509,58,29,N,T,0
3509,58,29,N,R,0
3509,58,29,E,L,0
3509,58,29,E,T,0
3509,58,29,E,R,0
3509,58,29,S,L,0
3509,58,29,S,T,0
3509,58,29,S,R,0
3509,58,29,W,L,0
3509,58,29,W,T,1
3509,58,29,W,R,0
3510,58,30,N,L,0
3510,58,30,N,T,0
3510,58,30,N,R,0
3510,58,30,E,L,0
3510,58,30,E,T,0
3510,58,30,E,R,0
3510,58,30,S,L,0
3510,58,30,S,T,0
3510,58,30,S,R,1
3510,58,30,W,L,0
3510,58,30,W,T,0
3510,58,30,W,R,0
3511,58,31,N,L,0
3511,58,31,N,T,0
3511,58,31,N,R,0
3511,58,31,E,L,0
3511,58,31,E,T,0
3511,58,31,E,R,0
3511,58,31,S,L,0
3511,58,31,S,T,0
3511,58,31,S,R,0
3511,58,31,W,L,0
3511,58,31,W,T,0
3511,58,31,W,R,0
3512,58,32,N,L,0
3512,58,32,N,T,0
3512,58,32,N,R,0
3512,58,32,E,L,0
3512,58,32,E,T,0
3512,58,32,E,R,0
3512,58,32,S,L,0
3512,58,32,S,T,0
3512,58,32,S,R,1
3512,58,32,W,L,0
3512,58,32,W,T,0
3512,58,32,W,R,0
3513,58,33,N,L,0
3513,58,33,N,T,0
3513,58,33,N,R,0
3513,58,33,E,L,0
3513,58,33,E,T,0
3513,58,33,E,R,0
3513,58,33,S,L,0
3513,58,33,S,T,0
3513,58,33,S,R,0
3513,58,33,W,L,0
3513,58,33,W,T,0
3513,58,33,W,R,0
3514,58,34,N,L,0
3514,58,34,N,T,1
3514,58,34,N,R,0
3514,58,34,E,L,0
3514,58,34,E,T,0
3514,58,34,E,R,0
3514,58,34,S,L,0
3514,58,34,S,T,1
3514,58,34,S,R,0
3514,58,34,W,L,0
3514,58,34,W,T,0
3514,58,34,W,R,0
3515,58,35,N,L,0
3515,58,35,N,T,1
3515,58,35,N,R,0
3515,58,35,E,L,0
3515,58,35,E,T,0
3515,58,35,E,R,0
3515,58,35,S,L,0
3515,58,35,S,T,0
3515,58,35,S,R,0
3515,58,35,W,L,0
3515,58,35,W,T,0
3515,58,35,W,R,0
3516,58,36,N,L,0
3516,58,36,N,T,0
3516,58,36,N,R,0
3516,58,36,E,L,0
3516,58,36,E,T,0
3516,58,36,E,R,0
3516,58,36,S,L,0
3516,58,36,S,T,0
3516,58,36,S,R,0
3516,58,36,W,L,0
3516,58,36,W,T,0
3516,58,36,W,R,0
3517,58,37,N,L,0
3517,58,37,N,T,0
3517,58,37,N,R,0
3517,58,37,E,L,0
3517,58,37,E,T,0
3517,58,37,E,R,0
3517,58,37,S,L,0
3517,58,37,S,T,0
3517,58,37,S,R,0
3517,58,37,W,L,0
3517,58,37,W,T,0
3517,58,37,W,R,0
3518,58,38,N,L,0
3518,58,38,N,T,0
3518,58,38,N,R,0
3518,58,38,E,L,0
3518,58,38,E,T,1
3518,58,38,E,R,0
3518,58,38,S,L,0
3518,58,38,S,T,0
3518,58,38,S,R,0
3518,58,38,W,L,0
3518,58,38,W,T,0
3518,58,38,W,R,0
3519,58,39,N,L,0
3519,58,39,N,T,1
3519,58,39,N,R,0
3519,58,39,E,L,0
3519,58,39,E,T,0
3519,58,39,E,R,0
3519,58,39,S,L,0
3519,58,39,S,T,1
3519,58,39,S,R,0
3519,58,39,W,L,0
3519,58,39,W,T,0
3519,58,39,W,R,0
3520,58,40,N,L,1
3520,58,40,N,T,0
3520,58,40,N,R,1
3520,58,40,E,L,0
3520,58,40,E,T,0
3520,58,40,E,R,0
3520,58,40,S,L,0
3520,58,40,S,T,0
3520,58,40,S,R,0
3520,58,40,W,L,0
3520,58,40,W,T,1
3520,58,40,W,R,0
3521,58,41,N,L,0
3521,58,41,N,T,0
3521,58,41,N,R,0
3521,58,41,E,L,1
3521,58,41,E,T,0
3521,58,41,E,R,0
3521,58,41,S,L,0
3521,58,41,S,T,0
3521,58,41,S,R,0
3521,58,41,W,L,0
3521,58,41,W,T,0
3521,58,41,W,R,0
3522,58,42,N,L,0
3522,58,42,N,T,0
3522,58,42,N,R,0
3522,58,42,E,L,0
3522,58,42,E,T,0
3522,58,42,E,R,0
3522,58,42,S,L,0
3522,58,42,S,T,0
3522,58,42,S,R,0
3522,58,42,W,L,0
3522,58,42,W,T,0
3522,58,42,W,R,0
3523,58,43,N,L,0
3523,58,43,N,T,0
3523,58,43,N,R,0
3523,58,43,E,L,0
3523,58,43,E,T,0
3523,58,43,E,R,0
3523,58,43,S,L,0
3523,58,43,S,T,0
3523,58,43,S,R,0
3523,58,43,W,L,0
3523,58,43,W,T,0
3523,58,43,W,R,0
3524,58,44,N,L,0
3524,58,44,N,T,0
3524,58,44,N,R,0
3524,58,44,E,L,0
3524,58,44,E,T,1
3524,58,44,E,R,0
3524,58,44,S,L,0
3524,58,44,S,T,2
3524,58,44,S,R,0
3524,58,44,W,L,0
3524,58,44,W,T,0
3524,58,44,W,R,0
3525,58,45,N,L,0
3525,58,45,N,T,0
3525,58,45,N,R,0
3525,58,45,E,L,0
3525,58,45,E,T,0
3525,58,45,E,R,0
3525,58,45,S,L,0
3525,58,45,S,T,0
3525,58,45,S,R,0
3525,58,45,W,L,0
3525,58,45,W,T,1
3525,58,45,W,R,0
3526,58,46,N,L,0
3526,58,46,N,T,0
3526,58,46,N,R,0
3526,58,46,E,L,0
3526,58,46,E,T,1
3526,58,46,E,R,0
3526,58,46,S,L,0
3526,58,46,S,T,0
3526,58,46,S,R,0
3526,58,46,W,L,0
3526,58,46,W,T,0
3526,58,46,W,R,0
3527,58,47,N,L,0
3527,58,47,N,T,0
3527,58,47,N,R,0
3527,58,47,E,L,0
3527,58,47,E,T,0
3527,58,47,E,R,0
3527,58,47,S,L,0
3527,58,47,S,T,0
3527,58,47,S,R,0
3527,58,47,W,L,0
3527,58,47,W,T,1
3527,58,47,W,R,1
3528,58,48,N,L,0
3528,58,48,N,T,0
3528,58,48,N,R,0
3528,58,48,E,L,0
3528,58,48,E,T,0
3528,58,48,E,R,0
3528,58,48,S,L,0
3528,58,48,S,T,0
3528,58,48,S,R,0
3528,58,48,W,L,0
3528,58,48,W,T,0
3528,58,48,W,R,0
3529,58,49,N,L,0
3529,58,49,N,T,0
3529,58,49,N,R,0
3529,58,49,E,L,0
3529,58,49,E,T,1
3529,58,49,E,R,0
3529,58,49,S,L,0
3529,58,49,S,T,0
3529,58,49,S,R,0
3529,58,49,W,L,0
3529,58,49,W,T,0
3529,58,49,W,R,0
3530,58,50,N,L,0
3530,58,50,N,T,0
3530,58,50,N,R,0
3530,58,50,E,L,0
3530,58,50,E,T,0
3530,58,50,E,R,0
3530,58,50,S,L,0
3530,58,50,S,T,0
3530,58,50,S,R,0
3530,58,50,W,L,0
3530,58,50,W,T,0
3530,58,50,W,R,0
3531,58,51,N,L,0
3531,58,51,N,T,0
3531,58,51,N,R,0
3531,58,51,E,L,0
3531,58,51,E,T,0
3531,58,51,E,R,0
3531,58,51,S,L,0
3531,58,51,S,T,0
3531,58,51,S,R,0
3531,58,51,W,L,0
3531,58,51,W,T,0
3531,58,51,W,R,0
3532,58,52,N,L,0
3532,58,52,N,T,0
3532,58,52,N,R,0
3532,58,52,E,L,0
3532,58,52,E,T,0
3532,58,52,E,R,0
3532,58,52,S,L,0
3532,58,52,S,T,0
3532,58,52,S,R,0
3532,58,52,W,L,0
3532,58,52,W,T,0
3532,58,52,W,R,0
3533,58,53,N,L,0
3533,58,53,N,T,0
3533,58,53,N,R,0
3533,58,53,E,L,0
3533,58,53,E,T,0
3533,58,53,E,R,0
3533,58,53,S,L,0
3533,58,53,S,T,0
3533,58,53,S,R,0
3533,58,53,W,L,0
3533,58,53,W,T,0
3533,58,53,W,R,0
3534,58,54,N,L,0
3534,58,54,N,T,0
3534,58,54,N,R,1
3534,58,54,E,L,0
3534,58,54,E,T,0
3534,58,54,E,R,0
3534,58,54,S,L,0
3534,58,54,S,T,1
3534,58,54,S,R,0
3534,58,54,W,L,0
3534,58,54,W,T,0
3534,58,54,W,R,0
3535,58,55,N,L,0
3535,58,55,N,T,0
3535,58,55,N,R,0
3535,58,55,E,L,0
3535,58,55,E,T,0
3535,58,55,E,R,0
3535,58,55,S,L,0
3535,58,55,S,T,0
3535,58,55,S,R,0
3535,58,55,W,L,0
3535,58,55,W,T,0
3535,58,55,W,R,0
3536,58,56,N,L,0
3536,58,56,N,T,0
3536,58,56,N,R,0
3536,58,56,E,L,0
3536,58,56,E,T,0
3536,58,56,E,R,0
3536,58,56,S,L,0
3536,58,56,S,T,0
3536,58,56,S,R,0
3536,58,56,W,L,0
3536,58,56,W,T,0
3536,58,56,W,R,0
3537,58,57,N,L,0
3537,58,57,N,T,0
3537,58,57,N,R,0
3537,58,57,E,L,0
3537,58,57,E,T,0
3537,58,57,E,R,0
3537,58,57,S,L,0
3537,58,57,S,T,0
3537,58,57,S,R,0
3537,58,57,W,L,0
3537,58,57,W,T,0
3537,58,57,W,R,0
3538,58,58,N,L,1
3538,58,58,N,T,0
3538,58,58,N,R,0
3538,58,58,E,L,0
3538,58,58,E,T,0
3538,58,58,E,R,0
3538,58,58,S,L,0
3538,58,58,S,T,0
3538,58,58,S,R,0
3538,58,58,W,L,0
3538,58,58,W,T,0
3538,58,58,W,R,0
3539,58,59,N,L,0
3539,58,59,N,T,0
3539,58,59,N,R,0
3539,58,59,E,L,0
3539,58,59,E,T,1
3539,58,59,E,R,0
3539,58,59,S,L,0
3539,58,59,S,T,0
3539,58,59,S,R,0
3539,58,59,W,L,0
3539,58,59,W,T,0
3539,58,59,W,R,0
3540,59,00,N,L,0
3540,59,00,N,T,0
3540,59,00,N,R,0
3540,59,00,E,L,0
3540,59,00,E,T,0
3540,59,00,E,R,0
3540,59,00,S,L,0
3540,59,00,S,T,0
3540,59,00,S,R,0
3540,59,00,W,L,0
3540,59,00,W,T,0
3540,59,00,W,R,0
3541,59,01,N,L,0
3541,59,01,N,T,0
3541,59,01,N,R,0
3541,59,01,E,L,0
3541,59,01,E,T,0
3541,59,01,E,R,0
3541,59,01,S,L,0
3541,59,01,S,T,0
3541,59,01,S,R,0
3541,59,01,W,L,0
3541,59,01,W,T,0
3541,59,01,W,R,0
3542,59,02,N,L,0
3542,59,02,N,T,0
3542,59,02,N,R,0
3542,59,02,E,L,0
3542,59,02,E,T,0
3542,59,02,E,R,0
3542,59,02,S,L,0
3542,59,02,S,T,0
3542,59,02,S,R,0
3542,59,02,W,L,0
3542,59,02,W,T,2
3542,59,02,W,R,0
3543,59,03,N,L,0
3543,59,03,N,T,0
3543,59,03,N,R,0
3543,59,03,E,L,0
3543,59,03,E,T,0
3543,59,03,E,R,0
3543,59,03,S,L,0
3543,59,03,S,T,0
3543,59,03,S,R,0
3543,59,03,W,L,0
3543,59,03,W,T,0
3543,59,03,W,R,0
3544,59,04,N,L,0
3544,59,04,N,T,0
3544,59,04,N,R,0
3544,59,04,E,L,0
3544,59,04,E,T,0
3544,59,04,E,R,0
3544,59,04,S,L,0
3544,59,04,S,T,0
3544,59,04,S,R,0
3544,59,04,W,L,0
3544,59,04,W,T,0
3544,59,04,W,R,0
3545,59,05,N,L,0
3545,59,05,N,T,0
3545,59,05,N,R,0
3545,59,05,E,L,0
3545,59,05,E,T,0
3545,59,05,E,R,0
3545,59,05,S,L,0
3545,59,05,S,T,0
3545,59,05,S,R,0
3545,59,05,W,L,0
3545,59,05,W,T,0
3545,59,05,W,R,0
3546,59,06,N,L,0
3546,59,06,N,T,0
3546,59,06,N,R,0
3546,59,06,E,L,0
3546,59,06,E,T,0
3546,59,06,E,R,0
3546,59,06,S,L,0
3546,59,06,S,T,0
3546,59,06,S,R,0
3546,59,06,W,L,0
3546,59,06,W,T,0
3546,59,06,W,R,0
3547,59,07,N,L,0
3547,59,07,N,T,0
3547,59,07,N,R,0
3547,59,07,E,L,0
3547,59,07,E,T,0
3547,59,07,E,R,0
3547,59,07,S,L,0
3547,59,07,S,T,0
3547,59,07,S,R,0
3547,59,07,W,L,0
3547,59,07,W,T,0
3547,59,07,W,R,0
3548,59,08,N,L,1
3548,59,08,N,T,0
3548,59,08,N,R,0
3548,59,08,E,L,0
3548,59,08,E,T,0
3548,59,08,E,R,0
3548,59,08,S,L,0
3548,59,08,S,T,0
3548,59,08,S,R,0
3548,59,08,W,L,0
3548,59,08,W,T,1
3548,59,08,W,R,0
3549,59,09,N,L,0
3549,59,09,N,T,0
3549,59,09,N,R,0
3549,59,09,E,L,0
3549,59,09,E,T,0
3549,59,09,E,R,0
3549,59,09,S,L,0
3549,59,09,S,T,0
3549,59,09,S,R,0
3549,59,09,W,L,0
3549,59,09,W,T,0
3549,59,09,W,R,0
3550,59,10,N,L,0
3550,59,10,N,T,0
3550,59,10,N,R,0
3550,59,10,E,L,0
3550,59,10,E,T,1
3550,59,10,E,R,0
3550,59,10,S,L,0
3550,59,10,S,T,0
3550,59,10,S,R,0
3550,59,10,W,L,0
3550,59,10,W,T,0
3550,59,10,W,R,0
3551,59,11,N,L,0
3551,59,11,N,T,0
3551,59,11,N,R,0
3551,59,11,E,L,0
3551,59,11,E,T,0
3551,59,11,E,R,0
3551,59,11,S,L,0
3551,59,11,S,T,0
3551,59,11,S,R,0
3551,59,11,W,L,0
3551,59,11,W,T,0
3551,59,11,W,R,0
3552,59,12,N,L,0
3552,59,12,N,T,0
3552,59,12,N,R,0
3552,59,12,E,L,0
3552,59,12,E,T,0
3552,59,12,E,R,0
3552,59,12,S,L,0
3552,59,12,S,T,0
3552,59,12,S,R,0
3552,59,12,W,L,0
3552,59,12,W,T,0
3552,59,12,W,R,0
3553,59,13,N,L,0
3553,59,13,N,T,0
3553,59,13,N,R,0
3553,59,13,E,L,0
3553,59,13,E,T,0
3553,59,13,E,R,0
3553,59,13,S,L,0
3553,59,13,S,T,0
3553,59,13,S,R,0
3553,59,13,W,L,0
3553,59,13,W,T,0
3553,59,13,W,R,0
3554,59,14,N,L,0
3554,59,14,N,T,0
3554,59,14,N,R,0
3554,59,14,E,L,0
3554,59,14,E,T,0
3554,59,14,E,R,0
3554,59,14,S,L,1
3554,59,14,S,T,2
3554,59,14,S,R,0
3554,59,14,W,L,0
3554,59,14,W,T,0
3554,59,14,W,R,0
3555,59,15,N,L,0
3555,59,15,N,T,0
3555,59,15,N,R,0
3555,59,15,E,L,0
3555,59,15,E,T,0
3555,59,15,E,R,0
3555,59,15,S,L,0
3555,59,15,S,T,0
3555,59,15,S,R,0
3555,59,15,W,L,0
3555,59,15,W,T,0
3555,59,15,W,R,0
3556,59,16,N,L,0
3556,59,16,N,T,0
3556,59,16,N,R,0
3556,59,16,E,L,0
3556,59,16,E,T,0
3556,59,16,E,R,0
3556,59,16,S,L,0
3556,59,16,S,T,0
3556,59,16,S,R,0
3556,59,16,W,L,0
3556,59,16,W,T,0
3556,59,16,W,R,0
3557,59,17,N,L,0
3557,59,17,N,T,0
3557,59,17,N,R,0
3557,59,17,E,L,0
3557,59,17,E,T,0
3557,59,17,E,R,0
3557,59,17,S,L,0
3557,59,17,S,T,1
3557,59,17,S,R,0
3557,59,17,W,L,0
3557,59,17,W,T,0
3557,59,17,W,R,0
3558,59,18,N,L,0
3558,59,18,N,T,0
3558,59,18,N,R,0
3558,59,18,E,L,0
3558,59,18,E,T,0
3558,59,18,E,R,0
3558,59,18,S,L,0
3558,59,18,S,T,0
3558,59,18,S,R,0
3558,59,18,W,L,0
3558,59,18,W,T,0
3558,59,18,W,R,0
3559,59,19,N,L,0
3559,59,19,N,T,1
3559,59,19,N,R,0
3559,59,19,E,L,0
3559,59,19,E,T,0
3559,59,19,E,R,0
3559,59,19,S,L,0
3559,59,19,S,T,0
3559,59,19,S,R,0
3559,59,19,W,L,0
3559,59,19,W,T,0
3559,59,19,W,R,0
3560,59,20,N,L,1
3560,59,20,N,T,0
3560,59,20,N,R,0
3560,59,20,E,L,0
3560,59,20,E,T,0
3560,59,20,E,R,0
3560,59,20,S,L,0
3560,59,20,S,T,0
3560,59,20,S,R,0
3560,59,20,W,L,0
3560,59,20,W,T,0
3560,59,20,W,R,0
3561,59,21,N,L,0
3561,59,21,N,T,0
3561,59,21,N,R,0
3561,59,21,E,L,0
3561,59,21,E,T,0
3561,59,21,E,R,0
3561,59,21,S,L,0
3561,59,21,S,T,0
3561,59,21,S,R,0
3561,59,21,W,L,0
3561,59,21,W,T,0
3561,59,21,W,R,0
3562,59,22,N,L,0
3562,59,22,N,T,0
3562,59,22,N,R,0
3562,59,22,E,L,0
3562,59,22,E,T,1
3562,59,22,E,R,0
3562,59,22,S,L,0
3562,59,22,S,T,0
3562,59,22,S,R,0
3562,59,22,W,L,0
3562,59,22,W,T,0
3562,59,22,W,R,0
3563,59,23,N,L,0
3563,59,23,N,T,0
3563,59,23,N,R,0
3563,59,23,E,L,2
3563,59,23,E,T,0
3563,59,23,E,R,0
3563,59,23,S,L,0
3563,59,23,S,T,1
3563,59,23,S,R,0
3563,59,23,W,L,0
3563,59,23,W,T,0
3563,59,23,W,R,0
3564,59,24,N,L,1
3564,59,24,N,T,0
3564,59,24,N,R,0
3564,59,24,E,L,0
3564,59,24,E,T,0
3564,59,24,E,R,0
3564,59,24,S,L,0
3564,59,24,S,T,0
3564,59,24,S,R,0
3564,59,24,W,L,0
3564,59,24,W,T,0
3564,59,24,W,R,0
3565,59,25,N,L,0
3565,59,25,N,T,0
3565,59,25,N,R,0
3565,59,25,E,L,0
3565,59,25,E,T,0
3565,59,25,E,R,0
3565,59,25,S,L,0
3565,59,25,S,T,0
3565,59,25,S,R,0
3565,59,25,W,L,0
3565,59,25,W,T,0
3565,59,25,W,R,0
3566,59,26,N,L,0
3566,59,26,N,T,0
3566,59,26,N,R,0
3566,59,26,E,L,0
3566,59,26,E,T,1
3566,59,26,E,R,0
3566,59,26,S,L,1
3566,59,26,S,T,1
3566,59,26,S,R,0
3566,59,26,W,L,0
3566,59,26,W,T,0
3566,59,26,W,R,0
3567,59,27,N,L,0
3567,59,27,N,T,0
3567,59,27,N,R,0
3567,59,27,E,L,0
3567,59,27,E,T,0
3567,59,27,E,R,0
3567,59,27,S,L,0
3567,59,27,S,T,0
3567,59,27,S,R,0
3567,59,27,W,L,0
3567,59,27,W,T,0
3567,59,27,W,R,0
3568,59,28,N,L,0
3568,59,28,N,T,0
3568,59,28,N,R,0
3568,59,28,E,L,0
3568,59,28,E,T,0
3568,59,28,E,R,0
3568,59,28,S,L,0
3568,59,28,S,T,0
3568,59,28,S,R,0
3568,59,28,W,L,0
3568,59,28,W,T,1
3568,59,28,W,R,0
3569,59,29,N,L,0
3569,59,29,N,T,0
3569,59,29,N,R,0
3569,59,29,E,L,0
3569,59,29,E,T,0
3569,59,29,E,R,0
3569,59,29,S,L,0
3569,59,29,S,T,1
3569,59,29,S,R,0
3569,59,29,W,L,0
3569,59,29,W,T,0
3569,59,29,W,R,0
3570,59,30,N,L,0
3570,59,30,N,T,0
3570,59,30,N,R,0
3570,59,30,E,L,0
3570,59,30,E,T,0
3570,59,30,E,R,0
3570,59,30,S,L,1
3570,59,30,S,T,1
3570,59,30,S,R,0
3570,59,30,W,L,0
3570,59,30,W,T,0
3570,59,30,W,R,1
3571,59,31,N,L,0
3571,59,31,N,T,0
3571,59,31,N,R,1
3571,59,31,E,L,0
3571,59,31,E,T,0
3571,59,31,E,R,1
3571,59,31,S,L,0
3571,59,31,S,T,0
3571,59,31,S,R,0
3571,59,31,W,L,0
3571,59,31,W,T,0
3571,59,31,W,R,0
3572,59,32,N,L,0
3572,59,32,N,T,1
3572,59,32,N,R,0
3572,59,32,E,L,0
3572,59,32,E,T,0
3572,59,32,E,R,0
3572,59,32,S,L,0
3572,59,32,S,T,0
3572,59,32,S,R,0
3572,59,32,W,L,0
3572,59,32,W,T,0
3572,59,32,W,R,0
3573,59,33,N,L,0
3573,59,33,N,T,0
3573,59,33,N,R,0
3573,59,33,E,L,0
3573,59,33,E,T,1
3573,59,33,E,R,0
3573,59,33,S,L,0
3573,59,33,S,T,1
3573,59,33,S,R,0
3573,59,33,W,L,0
3573,59,33,W,T,0
3573,59,33,W,R,0
3574,59,34,N,L,0
3574,59,34,N,T,0
3574,59,34,N,R,0
3574,59,34,E,L,0
3574,59,34,E,T,0
3574,59,34,E,R,0
3574,59,34,S,L,0
3574,59,34,S,T,1
3574,59,34,S,R,0
3574,59,34,W,L,0
3574,59,34,W,T,0
3574,59,34,W,R,0
3575,59,35,N,L,0
3575,59,35,N,T,0
3575,59,35,N,R,0
3575,59,35,E,L,0
3575,59,35,E,T,0
3575,59,35,E,R,0
3575,59,35,S,L,0
3575,59,35,S,T,0
3575,59,35,S,R,0
3575,59,35,W,L,0
3575,59,35,W,T,0
3575,59,35,W,R,0
3576,59,36,N,L,0
3576,59,36,N,T,0
3576,59,36,N,R,0
3576,59,36,E,L,0
3576,59,36,E,T,0
3576,59,36,E,R,0
3576,59,36,S,L,0
3576,59,36,S,T,0
3576,59,36,S,R,0
3576,59,36,W,L,0
3576,59,36,W,T,0
3576,59,36,W,R,0
3577,59,37,N,L,0
3577,59,37,N,T,0
3577,59,37,N,R,0
3577,59,37,E,L,0
3577,59,37,E,T,0
3577,59,37,E,R,0
3577,59,37,S,L,0
3577,59,37,S,T,0
3577,59,37,S,R,0
3577,59,37,W,L,0
3577,59,37,W,T,0
3577,59,37,W,R,0
3578,59,38,N,L,0
3578,59,38,N,T,2
3578,59,38,N,R,0
3578,59,38,E,L,0
3578,59,38,E,T,1
3578,59,38,E,R,0
3578,59,38,S,L,0
3578,59,38,S,T,0
3578,59,38,S,R,0
3578,59,38,W,L,0
3578,59,38,W,T,0
3578,59,38,W,R,0
3579,59,39,N,L,0
3579,59,39,N,T,0
3579,59,39,N,R,0
3579,59,39,E,L,0
3579,59,39,E,T,0
3579,59,39,E,R,0
3579,59,39,S,L,0
3579,59,39,S,T,0
3579,59,39,S,R,0
3579,59,39,W,L,0
3579,59,39,W,T,0
3579,59,39,W,R,0
3580,59,40,N,L,0
3580,59,40,N,T,0
3580,59,40,N,R,0
3580,59,40,E,L,0
3580,59,40,E,T,0
3580,59,40,E,R,0
3580,59,40,S,L,0
3580,59,40,S,T,1
3580,59,40,S,R,0
3580,59,40,W,L,0
3580,59,40,W,T,1
3580,59,40,W,R,0
3581,59,41,N,L,0
3581,59,41,N,T,0
3581,59,41,N,R,0
3581,59,41,E,L,0
3581,59,41,E,T,0
3581,59,41,E,R,0
3581,59,41,S,L,0
3581,59,41,S,T,0
3581,59,41,S,R,0
3581,59,41,W,L,0
3581,59,41,W,T,0
3581,59,41,W,R,0
3582,59,42,N,L,0
3582,59,42,N,T,1
3582,59,42,N,R,0
3582,59,42,E,L,0
3582,59,42,E,T,0
3582,59,42,E,R,0
3582,59,42,S,L,0
3582,59,42,S,T,0
3582,59,42,S,R,0
3582,59,42,W,L,0
3582,59,42,W,T,0
3582,59,42,W,R,0
3583,59,43,N,L,0
3583,59,43,N,T,0
3583,59,43,N,R,0
3583,59,43,E,L,0
3583,59,43,E,T,0
3583,59,43,E,R,0
3583,59,43,S,L,0
3583,59,43,S,T,0
3583,59,43,S,R,0
3583,59,43,W,L,0
3583,59,43,W,T,1
3583,59,43,W,R,0
3584,59,44,N,L,0
3584,59,44,N,T,0
3584,59,44,N,R,0
3584,59,44,E,L,0
3584,59,44,E,T,0
3584,59,44,E,R,0
3584,59,44,S,L,0
3584,59,44,S,T,0
3584,59,44,S,R,0
3584,59,44,W,L,1
3584,59,44,W,T,0
3584,59,44,W,R,0
3585,59,45,N,L,0
3585,59,45,N,T,0
3585,59,45,N,R,0
3585,59,45,E,L,0
3585,59,45,E,T,1
3585,59,45,E,R,0
3585,59,45,S,L,0
3585,59,45,S,T,0
3585,59,45,S,R,0
3585,59,45,W,L,0
3585,59,45,W,T,0
3585,59,45,W,R,0
3586,59,46,N,L,0
3586,59,46,N,T,0
3586,59,46,N,R,0
3586,59,46,E,L,0
3586,59,46,E,T,0
3586,59,46,E,R,0
3586,59,46,S,L,0
3586,59,46,S,T,0
3586,59,46,S,R,0
3586,59,46,W,L,0
3586,59,46,W,T,0
3586,59,46,W,R,0
3587,59,47,N,L,0
3587,59,47,N,T,0
3587,59,47,N,R,0
3587,59,47,E,L,0
3587,59,47,E,T,0
3587,59,47,E,R,0
3587,59,47,S,L,0
3587,59,47,S,T,0
3587,59,47,S,R,0
3587,59,47,W,L,0
3587,59,47,W,T,0
3587,59,47,W,R,0
3588,59,48,N,L,0
3588,59,48,N,T,1
3588,59,48,N,R,0
3588,59,48,E,L,0
3588,59,48,E,T,0
3588,59,48,E,R,0
3588,59,48,S,L,0
3588,59,48,S,T,0
3588,59,48,S,R,0
3588,59,48,W,L,0
3588,59,48,W,T,0
3588,59,48,W,R,0
3589,59,49,N,L,0
3589,59,49,N,T,2
3589,59,49,N,R,0
3589,59,49,E,L,0
3589,59,49,E,T,0
3589,59,49,E,R,0
3589,59,49,S,L,0
3589,59,49,S,T,0
3589,59,49,S,R,0
3589,59,49,W,L,0
3589,59,49,W,T,0
3589,59,49,W,R,0
3590,59,50,N,L,0
3590,59,50,N,T,0
3590,59,50,N,R,0
3590,59,50,E,L,0
3590,59,50,E,T,0
3590,59,50,E,R,0
3590,59,50,S,L,0
3590,59,50,S,T,0
3590,59,50,S,R,0
3590,59,50,W,L,0
3590,59,50,W,T,0
3590,59,50,W,R,0
3591,59,51,N,L,0
3591,59,51,N,T,0
3591,59,51,N,R,0
3591,59,51,E,L,0
3591,59,51,E,T,0
3591,59,51,E,R,0
3591,59,51,S,L,0
3591,59,51,S,T,0
3591,59,51,S,R,0
3591,59,51,W,L,0
3591,59,51,W,T,0
3591,59,51,W,R,0
3592,59,52,N,L,0
3592,59,52,N,T,0
3592,59,52,N,R,0
3592,59,52,E,L,0
3592,59,52,E,T,0
3592,59,52,E,R,0
3592,59,52,S,L,0
3592,59,52,S,T,0
3592,59,52,S,R,0
3592,59,52,W,L,0
3592,59,52,W,T,0
3592,59,52,W,R,0
3593,59,53,N,L,0
3593,59,53,N,T,0
3593,59,53,N,R,0
3593,59,53,E,L,0
3593,59,53,E,T,0
3593,59,53,E,R,0
3593,59,53,S,L,0
3593,59,53,S,T,0
3593,59,53,S,R,0
3593,59,53,W,L,0
3593,59,53,W,T,0
3593,59,53,W,R,0
3594,59,54,N,L,0
3594,59,54,N,T,0
3594,59,54,N,R,0
3594,59,54,E,L,0
3594,59,54,E,T,1
3594,59,54,E,R,0
3594,59,54,S,L,0
3594,59,54,S,T,0
3594,59,54,S,R,0
3594,59,54,W,L,0
3594,59,54,W,T,0
3594,59,54,W,R,0
3595,59,55,N,L,0
3595,59,55,N,T,0
3595,59,55,N,R,0
3595,59,55,E,L,0
3595,59,55,E,T,0
3595,59,55,E,R,0
3595,59,55,S,L,0
3595,59,55,S,T,0
3595,59,55,S,R,0
3595,59,55,W,L,0
3595,59,55,W,T,0
3595,59,55,W,R,0
3596,59,56,N,L,0
3596,59,56,N,T,0
3596,59,56,N,R,0
3596,59,56,E,L,0
3596,59,56,E,T,0
3596,59,56,E,R,0
3596,59,56,S,L,0
3596,59,56,S,T,0
3596,59,56,S,R,0
3596,59,56,W,L,0
3596,59,56,W,T,0
3596,59,56,W,R,0
3597,59,57,N,L,0
3597,59,57,N,T,0
3597,59,57,N,R,0
3597,59,57,E,L,0
3597,59,57,E,T,0
3597,59,57,E,R,0
3597,59,57,S,L,0
3597,59,57,S,T,0
3597,59,57,S,R,0
3597,59,57,W,L,0
3597,59,57,W,T,0
3597,59,57,W,R,0
3598,59,58,N,L,0
3598,59,58,N,T,0
3598,59,58,N,R,0
3598,59,58,E,L,0
3598,59,58,E,T,0
3598,59,58,E,R,0
3598,59,58,S,L,0
3598,59,58,S,T,0
3598,59,58,S,R,0
3598,59,58,W,L,0
3598,59,58,W,T,0
3598,59,58,W,R,0
3599,59,59,N,L,0
3599,59,59,N,T,0
3599,59,59,N,R,0
3599,59,59,E,L,0
3599,59,59,E,T,0
3599,59,59,E,R,0
3599,59,59,S,L,0
3599,59,59,S,T,0
3599,59,59,S,R,0
3599,59,59,W,L,0
3599,59,59,W,T,0
3599,59,59,W,R,0
